Document_Number,Posting_Date,Fiscal_Year_Period,Company_Code,Store,Cost_Center,GL_Account,GL_Account_Name,Cost_Category,Cost_Subcategory,Amount_USD,Currency
ACD-100001,2025-01-01,2025-01,CC100 - Hakam Global Coffee,Downtown,CC_BAR_01,410000,Gross Beverage & Food Revenue,Revenue,Revenue,823.14,USD
ACD-100002,2025-01-01,2025-01,CC100 - Hakam Global Coffee,Downtown,CC_BAR_01,510000,Direct Raw Materials (Beans/Dairy/Syrup),COGS,Direct Materials,181.91,USD
ACD-100003,2025-01-01,2025-01,CC100 - Hakam Global Coffee,Downtown,CC_BAR_01,520000,Direct Barista Labor & Payroll,COGS,Direct Labor,130.26,USD
ACD-100004,2025-01-01,2025-01,CC100 - Hakam Global Coffee,Downtown,CC_BAR_01,530000,Packaging & Sustainable Cups,COGS,Packaging,36.6,USD
ACD-100005,2025-01-01,2025-01,CC100 - Hakam Global Coffee,Downtown,CC_FAC_02,610000,Store Rent & Facility Lease,OPEX,Rent,80.63,USD
ACD-100006,2025-01-01,2025-01,CC100 - Hakam Global Coffee,Downtown,CC_FAC_02,620000,Utilities (Power/Water/Gas),OPEX,Utilities,35.26,USD
ACD-100007,2025-01-01,2025-01,CC100 - Hakam Global Coffee,Downtown,CC_MKT_03,640000,Digital Marketing & Channel Promo,OPEX,Marketing,31.86,USD
ACD-100008,2025-01-01,2025-01,CC100 - Hakam Global Coffee,Downtown,CC_ADM_04,650000,Admin & IT Support Overhead,OPEX,Admin,14.67,USD
ACD-100009,2025-01-01,2025-01,CC100 - Hakam Global Coffee,Downtown,CC_FAC_02,630000,Equipment Depreciation (Espresso/Grinders),Depreciation,Depreciation,25.95,USD
ACD-100010,2025-01-01,2025-01,CC100 - Hakam Global Coffee,Corporate Park,CC_BAR_01,410000,Gross Beverage & Food Revenue,Revenue,Revenue,501.39,USD
ACD-100011,2025-01-01,2025-01,CC100 - Hakam Global Coffee,Corporate Park,CC_BAR_01,510000,Direct Raw Materials (Beans/Dairy/Syrup),COGS,Direct Materials,114.69,USD
ACD-100012,2025-01-01,2025-01,CC100 - Hakam Global Coffee,Corporate Park,CC_BAR_01,520000,Direct Barista Labor & Payroll,COGS,Direct Labor,82.81,USD
ACD-100013,2025-01-01,2025-01,CC100 - Hakam Global Coffee,Corporate Park,CC_BAR_01,530000,Packaging & Sustainable Cups,COGS,Packaging,20.32,USD
ACD-100014,2025-01-01,2025-01,CC100 - Hakam Global Coffee,Corporate Park,CC_FAC_02,610000,Store Rent & Facility Lease,OPEX,Rent,56.32,USD
ACD-100015,2025-01-01,2025-01,CC100 - Hakam Global Coffee,Corporate Park,CC_FAC_02,620000,Utilities (Power/Water/Gas),OPEX,Utilities,29.67,USD
ACD-100016,2025-01-01,2025-01,CC100 - Hakam Global Coffee,Corporate Park,CC_MKT_03,640000,Digital Marketing & Channel Promo,OPEX,Marketing,21.95,USD
ACD-100017,2025-01-01,2025-01,CC100 - Hakam Global Coffee,Corporate Park,CC_ADM_04,650000,Admin & IT Support Overhead,OPEX,Admin,14.04,USD
ACD-100018,2025-01-01,2025-01,CC100 - Hakam Global Coffee,Corporate Park,CC_FAC_02,630000,Equipment Depreciation (Espresso/Grinders),Depreciation,Depreciation,24.03,USD
ACD-100019,2025-01-01,2025-01,CC100 - Hakam Global Coffee,University,CC_BAR_01,410000,Gross Beverage & Food Revenue,Revenue,Revenue,625.28,USD
ACD-100020,2025-01-01,2025-01,CC100 - Hakam Global Coffee,University,CC_BAR_01,510000,Direct Raw Materials (Beans/Dairy/Syrup),COGS,Direct Materials,137.72,USD
ACD-100021,2025-01-01,2025-01,CC100 - Hakam Global Coffee,University,CC_BAR_01,520000,Direct Barista Labor & Payroll,COGS,Direct Labor,108.91,USD
ACD-100022,2025-01-01,2025-01,CC100 - Hakam Global Coffee,University,CC_BAR_01,530000,Packaging & Sustainable Cups,COGS,Packaging,33.74,USD
ACD-100023,2025-01-01,2025-01,CC100 - Hakam Global Coffee,University,CC_FAC_02,610000,Store Rent & Facility Lease,OPEX,Rent,49.21,USD
ACD-100024,2025-01-01,2025-01,CC100 - Hakam Global Coffee,University,CC_FAC_02,620000,Utilities (Power/Water/Gas),OPEX,Utilities,18.87,USD
ACD-100025,2025-01-01,2025-01,CC100 - Hakam Global Coffee,University,CC_MKT_03,640000,Digital Marketing & Channel Promo,OPEX,Marketing,23.22,USD
ACD-100026,2025-01-01,2025-01,CC100 - Hakam Global Coffee,University,CC_ADM_04,650000,Admin & IT Support Overhead,OPEX,Admin,12.7,USD
ACD-100027,2025-01-01,2025-01,CC100 - Hakam Global Coffee,University,CC_FAC_02,630000,Equipment Depreciation (Espresso/Grinders),Depreciation,Depreciation,15.13,USD
ACD-100028,2025-01-02,2025-01,CC100 - Hakam Global Coffee,Downtown,CC_BAR_01,410000,Gross Beverage & Food Revenue,Revenue,Revenue,614.34,USD
ACD-100029,2025-01-02,2025-01,CC100 - Hakam Global Coffee,Downtown,CC_BAR_01,510000,Direct Raw Materials (Beans/Dairy/Syrup),COGS,Direct Materials,155.98,USD
ACD-100030,2025-01-02,2025-01,CC100 - Hakam Global Coffee,Downtown,CC_BAR_01,520000,Direct Barista Labor & Payroll,COGS,Direct Labor,103.28,USD
ACD-100031,2025-01-02,2025-01,CC100 - Hakam Global Coffee,Downtown,CC_BAR_01,530000,Packaging & Sustainable Cups,COGS,Packaging,34.49,USD
ACD-100032,2025-01-02,2025-01,CC100 - Hakam Global Coffee,Downtown,CC_FAC_02,610000,Store Rent & Facility Lease,OPEX,Rent,80.45,USD
ACD-100033,2025-01-02,2025-01,CC100 - Hakam Global Coffee,Downtown,CC_FAC_02,620000,Utilities (Power/Water/Gas),OPEX,Utilities,32.99,USD
ACD-100034,2025-01-02,2025-01,CC100 - Hakam Global Coffee,Downtown,CC_MKT_03,640000,Digital Marketing & Channel Promo,OPEX,Marketing,33.28,USD
ACD-100035,2025-01-02,2025-01,CC100 - Hakam Global Coffee,Downtown,CC_ADM_04,650000,Admin & IT Support Overhead,OPEX,Admin,18.61,USD
ACD-100036,2025-01-02,2025-01,CC100 - Hakam Global Coffee,Downtown,CC_FAC_02,630000,Equipment Depreciation (Espresso/Grinders),Depreciation,Depreciation,27.7,USD
ACD-100037,2025-01-02,2025-01,CC100 - Hakam Global Coffee,Corporate Park,CC_BAR_01,410000,Gross Beverage & Food Revenue,Revenue,Revenue,763.46,USD
ACD-100038,2025-01-02,2025-01,CC100 - Hakam Global Coffee,Corporate Park,CC_BAR_01,510000,Direct Raw Materials (Beans/Dairy/Syrup),COGS,Direct Materials,186.85,USD
ACD-100039,2025-01-02,2025-01,CC100 - Hakam Global Coffee,Corporate Park,CC_BAR_01,520000,Direct Barista Labor & Payroll,COGS,Direct Labor,134.26,USD
ACD-100040,2025-01-02,2025-01,CC100 - Hakam Global Coffee,Corporate Park,CC_BAR_01,530000,Packaging & Sustainable Cups,COGS,Packaging,39.35,USD
ACD-100041,2025-01-02,2025-01,CC100 - Hakam Global Coffee,Corporate Park,CC_FAC_02,610000,Store Rent & Facility Lease,OPEX,Rent,67.96,USD
ACD-100042,2025-01-02,2025-01,CC100 - Hakam Global Coffee,Corporate Park,CC_FAC_02,620000,Utilities (Power/Water/Gas),OPEX,Utilities,21.33,USD
ACD-100043,2025-01-02,2025-01,CC100 - Hakam Global Coffee,Corporate Park,CC_MKT_03,640000,Digital Marketing & Channel Promo,OPEX,Marketing,17.21,USD
ACD-100044,2025-01-02,2025-01,CC100 - Hakam Global Coffee,Corporate Park,CC_ADM_04,650000,Admin & IT Support Overhead,OPEX,Admin,14.83,USD
ACD-100045,2025-01-02,2025-01,CC100 - Hakam Global Coffee,Corporate Park,CC_FAC_02,630000,Equipment Depreciation (Espresso/Grinders),Depreciation,Depreciation,18.17,USD
ACD-100046,2025-01-02,2025-01,CC100 - Hakam Global Coffee,University,CC_BAR_01,410000,Gross Beverage & Food Revenue,Revenue,Revenue,469.15,USD
ACD-100047,2025-01-02,2025-01,CC100 - Hakam Global Coffee,University,CC_BAR_01,510000,Direct Raw Materials (Beans/Dairy/Syrup),COGS,Direct Materials,105.11,USD
ACD-100048,2025-01-02,2025-01,CC100 - Hakam Global Coffee,University,CC_BAR_01,520000,Direct Barista Labor & Payroll,COGS,Direct Labor,74.28,USD
ACD-100049,2025-01-02,2025-01,CC100 - Hakam Global Coffee,University,CC_BAR_01,530000,Packaging & Sustainable Cups,COGS,Packaging,24.73,USD
ACD-100050,2025-01-02,2025-01,CC100 - Hakam Global Coffee,University,CC_FAC_02,610000,Store Rent & Facility Lease,OPEX,Rent,49.68,USD
ACD-100051,2025-01-02,2025-01,CC100 - Hakam Global Coffee,University,CC_FAC_02,620000,Utilities (Power/Water/Gas),OPEX,Utilities,21.32,USD
ACD-100052,2025-01-02,2025-01,CC100 - Hakam Global Coffee,University,CC_MKT_03,640000,Digital Marketing & Channel Promo,OPEX,Marketing,13.99,USD
ACD-100053,2025-01-02,2025-01,CC100 - Hakam Global Coffee,University,CC_ADM_04,650000,Admin & IT Support Overhead,OPEX,Admin,12.04,USD
ACD-100054,2025-01-02,2025-01,CC100 - Hakam Global Coffee,University,CC_FAC_02,630000,Equipment Depreciation (Espresso/Grinders),Depreciation,Depreciation,23.15,USD
ACD-100055,2025-01-03,2025-01,CC100 - Hakam Global Coffee,Downtown,CC_BAR_01,410000,Gross Beverage & Food Revenue,Revenue,Revenue,1087.44,USD
ACD-100056,2025-01-03,2025-01,CC100 - Hakam Global Coffee,Downtown,CC_BAR_01,510000,Direct Raw Materials (Beans/Dairy/Syrup),COGS,Direct Materials,265.73,USD
ACD-100057,2025-01-03,2025-01,CC100 - Hakam Global Coffee,Downtown,CC_BAR_01,520000,Direct Barista Labor & Payroll,COGS,Direct Labor,168.7,USD
ACD-100058,2025-01-03,2025-01,CC100 - Hakam Global Coffee,Downtown,CC_BAR_01,530000,Packaging & Sustainable Cups,COGS,Packaging,59.36,USD
ACD-100059,2025-01-03,2025-01,CC100 - Hakam Global Coffee,Downtown,CC_FAC_02,610000,Store Rent & Facility Lease,OPEX,Rent,65.16,USD
ACD-100060,2025-01-03,2025-01,CC100 - Hakam Global Coffee,Downtown,CC_FAC_02,620000,Utilities (Power/Water/Gas),OPEX,Utilities,30.45,USD
ACD-100061,2025-01-03,2025-01,CC100 - Hakam Global Coffee,Downtown,CC_MKT_03,640000,Digital Marketing & Channel Promo,OPEX,Marketing,33.57,USD
ACD-100062,2025-01-03,2025-01,CC100 - Hakam Global Coffee,Downtown,CC_ADM_04,650000,Admin & IT Support Overhead,OPEX,Admin,22.14,USD
ACD-100063,2025-01-03,2025-01,CC100 - Hakam Global Coffee,Downtown,CC_FAC_02,630000,Equipment Depreciation (Espresso/Grinders),Depreciation,Depreciation,27.77,USD
ACD-100064,2025-01-03,2025-01,CC100 - Hakam Global Coffee,Corporate Park,CC_BAR_01,410000,Gross Beverage & Food Revenue,Revenue,Revenue,942.11,USD
ACD-100065,2025-01-03,2025-01,CC100 - Hakam Global Coffee,Corporate Park,CC_BAR_01,510000,Direct Raw Materials (Beans/Dairy/Syrup),COGS,Direct Materials,239.03,USD
ACD-100066,2025-01-03,2025-01,CC100 - Hakam Global Coffee,Corporate Park,CC_BAR_01,520000,Direct Barista Labor & Payroll,COGS,Direct Labor,163.25,USD
ACD-100067,2025-01-03,2025-01,CC100 - Hakam Global Coffee,Corporate Park,CC_BAR_01,530000,Packaging & Sustainable Cups,COGS,Packaging,42.0,USD
ACD-100068,2025-01-03,2025-01,CC100 - Hakam Global Coffee,Corporate Park,CC_FAC_02,610000,Store Rent & Facility Lease,OPEX,Rent,52.49,USD
ACD-100069,2025-01-03,2025-01,CC100 - Hakam Global Coffee,Corporate Park,CC_FAC_02,620000,Utilities (Power/Water/Gas),OPEX,Utilities,25.05,USD
ACD-100070,2025-01-03,2025-01,CC100 - Hakam Global Coffee,Corporate Park,CC_MKT_03,640000,Digital Marketing & Channel Promo,OPEX,Marketing,17.8,USD
ACD-100071,2025-01-03,2025-01,CC100 - Hakam Global Coffee,Corporate Park,CC_ADM_04,650000,Admin & IT Support Overhead,OPEX,Admin,13.93,USD
ACD-100072,2025-01-03,2025-01,CC100 - Hakam Global Coffee,Corporate Park,CC_FAC_02,630000,Equipment Depreciation (Espresso/Grinders),Depreciation,Depreciation,28.09,USD
ACD-100073,2025-01-03,2025-01,CC100 - Hakam Global Coffee,University,CC_BAR_01,410000,Gross Beverage & Food Revenue,Revenue,Revenue,846.58,USD
ACD-100074,2025-01-03,2025-01,CC100 - Hakam Global Coffee,University,CC_BAR_01,510000,Direct Raw Materials (Beans/Dairy/Syrup),COGS,Direct Materials,196.9,USD
ACD-100075,2025-01-03,2025-01,CC100 - Hakam Global Coffee,University,CC_BAR_01,520000,Direct Barista Labor & Payroll,COGS,Direct Labor,143.63,USD
ACD-100076,2025-01-03,2025-01,CC100 - Hakam Global Coffee,University,CC_BAR_01,530000,Packaging & Sustainable Cups,COGS,Packaging,40.56,USD
ACD-100077,2025-01-03,2025-01,CC100 - Hakam Global Coffee,University,CC_FAC_02,610000,Store Rent & Facility Lease,OPEX,Rent,60.13,USD
ACD-100078,2025-01-03,2025-01,CC100 - Hakam Global Coffee,University,CC_FAC_02,620000,Utilities (Power/Water/Gas),OPEX,Utilities,22.33,USD
ACD-100079,2025-01-03,2025-01,CC100 - Hakam Global Coffee,University,CC_MKT_03,640000,Digital Marketing & Channel Promo,OPEX,Marketing,14.67,USD
ACD-100080,2025-01-03,2025-01,CC100 - Hakam Global Coffee,University,CC_ADM_04,650000,Admin & IT Support Overhead,OPEX,Admin,11.84,USD
ACD-100081,2025-01-03,2025-01,CC100 - Hakam Global Coffee,University,CC_FAC_02,630000,Equipment Depreciation (Espresso/Grinders),Depreciation,Depreciation,19.58,USD
ACD-100082,2025-01-04,2025-01,CC100 - Hakam Global Coffee,Downtown,CC_BAR_01,410000,Gross Beverage & Food Revenue,Revenue,Revenue,892.39,USD
ACD-100083,2025-01-04,2025-01,CC100 - Hakam Global Coffee,Downtown,CC_BAR_01,510000,Direct Raw Materials (Beans/Dairy/Syrup),COGS,Direct Materials,217.19,USD
ACD-100084,2025-01-04,2025-01,CC100 - Hakam Global Coffee,Downtown,CC_BAR_01,520000,Direct Barista Labor & Payroll,COGS,Direct Labor,157.89,USD
ACD-100085,2025-01-04,2025-01,CC100 - Hakam Global Coffee,Downtown,CC_BAR_01,530000,Packaging & Sustainable Cups,COGS,Packaging,42.82,USD
ACD-100086,2025-01-04,2025-01,CC100 - Hakam Global Coffee,Downtown,CC_FAC_02,610000,Store Rent & Facility Lease,OPEX,Rent,66.67,USD
ACD-100087,2025-01-04,2025-01,CC100 - Hakam Global Coffee,Downtown,CC_FAC_02,620000,Utilities (Power/Water/Gas),OPEX,Utilities,40.46,USD
ACD-100088,2025-01-04,2025-01,CC100 - Hakam Global Coffee,Downtown,CC_MKT_03,640000,Digital Marketing & Channel Promo,OPEX,Marketing,25.14,USD
ACD-100089,2025-01-04,2025-01,CC100 - Hakam Global Coffee,Downtown,CC_ADM_04,650000,Admin & IT Support Overhead,OPEX,Admin,14.73,USD
ACD-100090,2025-01-04,2025-01,CC100 - Hakam Global Coffee,Downtown,CC_FAC_02,630000,Equipment Depreciation (Espresso/Grinders),Depreciation,Depreciation,20.89,USD
ACD-100091,2025-01-04,2025-01,CC100 - Hakam Global Coffee,Corporate Park,CC_BAR_01,410000,Gross Beverage & Food Revenue,Revenue,Revenue,694.16,USD
ACD-100092,2025-01-04,2025-01,CC100 - Hakam Global Coffee,Corporate Park,CC_BAR_01,510000,Direct Raw Materials (Beans/Dairy/Syrup),COGS,Direct Materials,170.14,USD
ACD-100093,2025-01-04,2025-01,CC100 - Hakam Global Coffee,Corporate Park,CC_BAR_01,520000,Direct Barista Labor & Payroll,COGS,Direct Labor,120.62,USD
ACD-100094,2025-01-04,2025-01,CC100 - Hakam Global Coffee,Corporate Park,CC_BAR_01,530000,Packaging & Sustainable Cups,COGS,Packaging,33.63,USD
ACD-100095,2025-01-04,2025-01,CC100 - Hakam Global Coffee,Corporate Park,CC_FAC_02,610000,Store Rent & Facility Lease,OPEX,Rent,53.21,USD
ACD-100096,2025-01-04,2025-01,CC100 - Hakam Global Coffee,Corporate Park,CC_FAC_02,620000,Utilities (Power/Water/Gas),OPEX,Utilities,25.97,USD
ACD-100097,2025-01-04,2025-01,CC100 - Hakam Global Coffee,Corporate Park,CC_MKT_03,640000,Digital Marketing & Channel Promo,OPEX,Marketing,28.69,USD
ACD-100098,2025-01-04,2025-01,CC100 - Hakam Global Coffee,Corporate Park,CC_ADM_04,650000,Admin & IT Support Overhead,OPEX,Admin,17.58,USD
ACD-100099,2025-01-04,2025-01,CC100 - Hakam Global Coffee,Corporate Park,CC_FAC_02,630000,Equipment Depreciation (Espresso/Grinders),Depreciation,Depreciation,28.42,USD
ACD-100100,2025-01-04,2025-01,CC100 - Hakam Global Coffee,University,CC_BAR_01,410000,Gross Beverage & Food Revenue,Revenue,Revenue,841.03,USD
ACD-100101,2025-01-04,2025-01,CC100 - Hakam Global Coffee,University,CC_BAR_01,510000,Direct Raw Materials (Beans/Dairy/Syrup),COGS,Direct Materials,185.41,USD
ACD-100102,2025-01-04,2025-01,CC100 - Hakam Global Coffee,University,CC_BAR_01,520000,Direct Barista Labor & Payroll,COGS,Direct Labor,144.34,USD
ACD-100103,2025-01-04,2025-01,CC100 - Hakam Global Coffee,University,CC_BAR_01,530000,Packaging & Sustainable Cups,COGS,Packaging,45.11,USD
ACD-100104,2025-01-04,2025-01,CC100 - Hakam Global Coffee,University,CC_FAC_02,610000,Store Rent & Facility Lease,OPEX,Rent,52.95,USD
ACD-100105,2025-01-04,2025-01,CC100 - Hakam Global Coffee,University,CC_FAC_02,620000,Utilities (Power/Water/Gas),OPEX,Utilities,20.14,USD
ACD-100106,2025-01-04,2025-01,CC100 - Hakam Global Coffee,University,CC_MKT_03,640000,Digital Marketing & Channel Promo,OPEX,Marketing,19.32,USD
ACD-100107,2025-01-04,2025-01,CC100 - Hakam Global Coffee,University,CC_ADM_04,650000,Admin & IT Support Overhead,OPEX,Admin,10.56,USD
ACD-100108,2025-01-04,2025-01,CC100 - Hakam Global Coffee,University,CC_FAC_02,630000,Equipment Depreciation (Espresso/Grinders),Depreciation,Depreciation,18.38,USD
ACD-100109,2025-01-05,2025-01,CC100 - Hakam Global Coffee,Downtown,CC_BAR_01,410000,Gross Beverage & Food Revenue,Revenue,Revenue,989.07,USD
ACD-100110,2025-01-05,2025-01,CC100 - Hakam Global Coffee,Downtown,CC_BAR_01,510000,Direct Raw Materials (Beans/Dairy/Syrup),COGS,Direct Materials,255.33,USD
ACD-100111,2025-01-05,2025-01,CC100 - Hakam Global Coffee,Downtown,CC_BAR_01,520000,Direct Barista Labor & Payroll,COGS,Direct Labor,174.35,USD
ACD-100112,2025-01-05,2025-01,CC100 - Hakam Global Coffee,Downtown,CC_BAR_01,530000,Packaging & Sustainable Cups,COGS,Packaging,44.77,USD
ACD-100113,2025-01-05,2025-01,CC100 - Hakam Global Coffee,Downtown,CC_FAC_02,610000,Store Rent & Facility Lease,OPEX,Rent,74.27,USD
ACD-100114,2025-01-05,2025-01,CC100 - Hakam Global Coffee,Downtown,CC_FAC_02,620000,Utilities (Power/Water/Gas),OPEX,Utilities,27.19,USD
ACD-100115,2025-01-05,2025-01,CC100 - Hakam Global Coffee,Downtown,CC_MKT_03,640000,Digital Marketing & Channel Promo,OPEX,Marketing,32.22,USD
ACD-100116,2025-01-05,2025-01,CC100 - Hakam Global Coffee,Downtown,CC_ADM_04,650000,Admin & IT Support Overhead,OPEX,Admin,25.25,USD
ACD-100117,2025-01-05,2025-01,CC100 - Hakam Global Coffee,Downtown,CC_FAC_02,630000,Equipment Depreciation (Espresso/Grinders),Depreciation,Depreciation,24.28,USD
ACD-100118,2025-01-05,2025-01,CC100 - Hakam Global Coffee,Corporate Park,CC_BAR_01,410000,Gross Beverage & Food Revenue,Revenue,Revenue,922.42,USD
ACD-100119,2025-01-05,2025-01,CC100 - Hakam Global Coffee,Corporate Park,CC_BAR_01,510000,Direct Raw Materials (Beans/Dairy/Syrup),COGS,Direct Materials,225.4,USD
ACD-100120,2025-01-05,2025-01,CC100 - Hakam Global Coffee,Corporate Park,CC_BAR_01,520000,Direct Barista Labor & Payroll,COGS,Direct Labor,142.59,USD
ACD-100121,2025-01-05,2025-01,CC100 - Hakam Global Coffee,Corporate Park,CC_BAR_01,530000,Packaging & Sustainable Cups,COGS,Packaging,50.96,USD
ACD-100122,2025-01-05,2025-01,CC100 - Hakam Global Coffee,Corporate Park,CC_FAC_02,610000,Store Rent & Facility Lease,OPEX,Rent,64.16,USD
ACD-100123,2025-01-05,2025-01,CC100 - Hakam Global Coffee,Corporate Park,CC_FAC_02,620000,Utilities (Power/Water/Gas),OPEX,Utilities,31.45,USD
ACD-100124,2025-01-05,2025-01,CC100 - Hakam Global Coffee,Corporate Park,CC_MKT_03,640000,Digital Marketing & Channel Promo,OPEX,Marketing,21.73,USD
ACD-100125,2025-01-05,2025-01,CC100 - Hakam Global Coffee,Corporate Park,CC_ADM_04,650000,Admin & IT Support Overhead,OPEX,Admin,11.51,USD
ACD-100126,2025-01-05,2025-01,CC100 - Hakam Global Coffee,Corporate Park,CC_FAC_02,630000,Equipment Depreciation (Espresso/Grinders),Depreciation,Depreciation,20.98,USD
ACD-100127,2025-01-05,2025-01,CC100 - Hakam Global Coffee,University,CC_BAR_01,410000,Gross Beverage & Food Revenue,Revenue,Revenue,541.31,USD
ACD-100128,2025-01-05,2025-01,CC100 - Hakam Global Coffee,University,CC_BAR_01,510000,Direct Raw Materials (Beans/Dairy/Syrup),COGS,Direct Materials,139.21,USD
ACD-100129,2025-01-05,2025-01,CC100 - Hakam Global Coffee,University,CC_BAR_01,520000,Direct Barista Labor & Payroll,COGS,Direct Labor,95.47,USD
ACD-100130,2025-01-05,2025-01,CC100 - Hakam Global Coffee,University,CC_BAR_01,530000,Packaging & Sustainable Cups,COGS,Packaging,30.66,USD
ACD-100131,2025-01-05,2025-01,CC100 - Hakam Global Coffee,University,CC_FAC_02,610000,Store Rent & Facility Lease,OPEX,Rent,48.59,USD
ACD-100132,2025-01-05,2025-01,CC100 - Hakam Global Coffee,University,CC_FAC_02,620000,Utilities (Power/Water/Gas),OPEX,Utilities,17.76,USD
ACD-100133,2025-01-05,2025-01,CC100 - Hakam Global Coffee,University,CC_MKT_03,640000,Digital Marketing & Channel Promo,OPEX,Marketing,22.24,USD
ACD-100134,2025-01-05,2025-01,CC100 - Hakam Global Coffee,University,CC_ADM_04,650000,Admin & IT Support Overhead,OPEX,Admin,18.5,USD
ACD-100135,2025-01-05,2025-01,CC100 - Hakam Global Coffee,University,CC_FAC_02,630000,Equipment Depreciation (Espresso/Grinders),Depreciation,Depreciation,15.06,USD
ACD-100136,2025-01-06,2025-01,CC100 - Hakam Global Coffee,Downtown,CC_BAR_01,410000,Gross Beverage & Food Revenue,Revenue,Revenue,764.11,USD
ACD-100137,2025-01-06,2025-01,CC100 - Hakam Global Coffee,Downtown,CC_BAR_01,510000,Direct Raw Materials (Beans/Dairy/Syrup),COGS,Direct Materials,170.22,USD
ACD-100138,2025-01-06,2025-01,CC100 - Hakam Global Coffee,Downtown,CC_BAR_01,520000,Direct Barista Labor & Payroll,COGS,Direct Labor,132.05,USD
ACD-100139,2025-01-06,2025-01,CC100 - Hakam Global Coffee,Downtown,CC_BAR_01,530000,Packaging & Sustainable Cups,COGS,Packaging,42.27,USD
ACD-100140,2025-01-06,2025-01,CC100 - Hakam Global Coffee,Downtown,CC_FAC_02,610000,Store Rent & Facility Lease,OPEX,Rent,64.22,USD
ACD-100141,2025-01-06,2025-01,CC100 - Hakam Global Coffee,Downtown,CC_FAC_02,620000,Utilities (Power/Water/Gas),OPEX,Utilities,32.0,USD
ACD-100142,2025-01-06,2025-01,CC100 - Hakam Global Coffee,Downtown,CC_MKT_03,640000,Digital Marketing & Channel Promo,OPEX,Marketing,25.85,USD
ACD-100143,2025-01-06,2025-01,CC100 - Hakam Global Coffee,Downtown,CC_ADM_04,650000,Admin & IT Support Overhead,OPEX,Admin,17.08,USD
ACD-100144,2025-01-06,2025-01,CC100 - Hakam Global Coffee,Downtown,CC_FAC_02,630000,Equipment Depreciation (Espresso/Grinders),Depreciation,Depreciation,32.03,USD
ACD-100145,2025-01-06,2025-01,CC100 - Hakam Global Coffee,Corporate Park,CC_BAR_01,410000,Gross Beverage & Food Revenue,Revenue,Revenue,630.31,USD
ACD-100146,2025-01-06,2025-01,CC100 - Hakam Global Coffee,Corporate Park,CC_BAR_01,510000,Direct Raw Materials (Beans/Dairy/Syrup),COGS,Direct Materials,144.01,USD
ACD-100147,2025-01-06,2025-01,CC100 - Hakam Global Coffee,Corporate Park,CC_BAR_01,520000,Direct Barista Labor & Payroll,COGS,Direct Labor,104.74,USD
ACD-100148,2025-01-06,2025-01,CC100 - Hakam Global Coffee,Corporate Park,CC_BAR_01,530000,Packaging & Sustainable Cups,COGS,Packaging,34.41,USD
ACD-100149,2025-01-06,2025-01,CC100 - Hakam Global Coffee,Corporate Park,CC_FAC_02,610000,Store Rent & Facility Lease,OPEX,Rent,56.38,USD
ACD-100150,2025-01-06,2025-01,CC100 - Hakam Global Coffee,Corporate Park,CC_FAC_02,620000,Utilities (Power/Water/Gas),OPEX,Utilities,25.0,USD
ACD-100151,2025-01-06,2025-01,CC100 - Hakam Global Coffee,Corporate Park,CC_MKT_03,640000,Digital Marketing & Channel Promo,OPEX,Marketing,28.68,USD
ACD-100152,2025-01-06,2025-01,CC100 - Hakam Global Coffee,Corporate Park,CC_ADM_04,650000,Admin & IT Support Overhead,OPEX,Admin,18.97,USD
ACD-100153,2025-01-06,2025-01,CC100 - Hakam Global Coffee,Corporate Park,CC_FAC_02,630000,Equipment Depreciation (Espresso/Grinders),Depreciation,Depreciation,22.29,USD
ACD-100154,2025-01-06,2025-01,CC100 - Hakam Global Coffee,University,CC_BAR_01,410000,Gross Beverage & Food Revenue,Revenue,Revenue,546.26,USD
ACD-100155,2025-01-06,2025-01,CC100 - Hakam Global Coffee,University,CC_BAR_01,510000,Direct Raw Materials (Beans/Dairy/Syrup),COGS,Direct Materials,122.82,USD
ACD-100156,2025-01-06,2025-01,CC100 - Hakam Global Coffee,University,CC_BAR_01,520000,Direct Barista Labor & Payroll,COGS,Direct Labor,85.62,USD
ACD-100157,2025-01-06,2025-01,CC100 - Hakam Global Coffee,University,CC_BAR_01,530000,Packaging & Sustainable Cups,COGS,Packaging,25.54,USD
ACD-100158,2025-01-06,2025-01,CC100 - Hakam Global Coffee,University,CC_FAC_02,610000,Store Rent & Facility Lease,OPEX,Rent,53.93,USD
ACD-100159,2025-01-06,2025-01,CC100 - Hakam Global Coffee,University,CC_FAC_02,620000,Utilities (Power/Water/Gas),OPEX,Utilities,19.72,USD
ACD-100160,2025-01-06,2025-01,CC100 - Hakam Global Coffee,University,CC_MKT_03,640000,Digital Marketing & Channel Promo,OPEX,Marketing,14.12,USD
ACD-100161,2025-01-06,2025-01,CC100 - Hakam Global Coffee,University,CC_ADM_04,650000,Admin & IT Support Overhead,OPEX,Admin,10.17,USD
ACD-100162,2025-01-06,2025-01,CC100 - Hakam Global Coffee,University,CC_FAC_02,630000,Equipment Depreciation (Espresso/Grinders),Depreciation,Depreciation,20.25,USD
ACD-100163,2025-01-07,2025-01,CC100 - Hakam Global Coffee,Downtown,CC_BAR_01,410000,Gross Beverage & Food Revenue,Revenue,Revenue,665.21,USD
ACD-100164,2025-01-07,2025-01,CC100 - Hakam Global Coffee,Downtown,CC_BAR_01,510000,Direct Raw Materials (Beans/Dairy/Syrup),COGS,Direct Materials,170.44,USD
ACD-100165,2025-01-07,2025-01,CC100 - Hakam Global Coffee,Downtown,CC_BAR_01,520000,Direct Barista Labor & Payroll,COGS,Direct Labor,116.94,USD
ACD-100166,2025-01-07,2025-01,CC100 - Hakam Global Coffee,Downtown,CC_BAR_01,530000,Packaging & Sustainable Cups,COGS,Packaging,27.55,USD
ACD-100167,2025-01-07,2025-01,CC100 - Hakam Global Coffee,Downtown,CC_FAC_02,610000,Store Rent & Facility Lease,OPEX,Rent,67.18,USD
ACD-100168,2025-01-07,2025-01,CC100 - Hakam Global Coffee,Downtown,CC_FAC_02,620000,Utilities (Power/Water/Gas),OPEX,Utilities,35.14,USD
ACD-100169,2025-01-07,2025-01,CC100 - Hakam Global Coffee,Downtown,CC_MKT_03,640000,Digital Marketing & Channel Promo,OPEX,Marketing,19.96,USD
ACD-100170,2025-01-07,2025-01,CC100 - Hakam Global Coffee,Downtown,CC_ADM_04,650000,Admin & IT Support Overhead,OPEX,Admin,15.29,USD
ACD-100171,2025-01-07,2025-01,CC100 - Hakam Global Coffee,Downtown,CC_FAC_02,630000,Equipment Depreciation (Espresso/Grinders),Depreciation,Depreciation,32.88,USD
ACD-100172,2025-01-07,2025-01,CC100 - Hakam Global Coffee,Corporate Park,CC_BAR_01,410000,Gross Beverage & Food Revenue,Revenue,Revenue,678.78,USD
ACD-100173,2025-01-07,2025-01,CC100 - Hakam Global Coffee,Corporate Park,CC_BAR_01,510000,Direct Raw Materials (Beans/Dairy/Syrup),COGS,Direct Materials,162.17,USD
ACD-100174,2025-01-07,2025-01,CC100 - Hakam Global Coffee,Corporate Park,CC_BAR_01,520000,Direct Barista Labor & Payroll,COGS,Direct Labor,117.79,USD
ACD-100175,2025-01-07,2025-01,CC100 - Hakam Global Coffee,Corporate Park,CC_BAR_01,530000,Packaging & Sustainable Cups,COGS,Packaging,38.11,USD
ACD-100176,2025-01-07,2025-01,CC100 - Hakam Global Coffee,Corporate Park,CC_FAC_02,610000,Store Rent & Facility Lease,OPEX,Rent,56.13,USD
ACD-100177,2025-01-07,2025-01,CC100 - Hakam Global Coffee,Corporate Park,CC_FAC_02,620000,Utilities (Power/Water/Gas),OPEX,Utilities,22.04,USD
ACD-100178,2025-01-07,2025-01,CC100 - Hakam Global Coffee,Corporate Park,CC_MKT_03,640000,Digital Marketing & Channel Promo,OPEX,Marketing,20.24,USD
ACD-100179,2025-01-07,2025-01,CC100 - Hakam Global Coffee,Corporate Park,CC_ADM_04,650000,Admin & IT Support Overhead,OPEX,Admin,16.37,USD
ACD-100180,2025-01-07,2025-01,CC100 - Hakam Global Coffee,Corporate Park,CC_FAC_02,630000,Equipment Depreciation (Espresso/Grinders),Depreciation,Depreciation,22.62,USD
ACD-100181,2025-01-07,2025-01,CC100 - Hakam Global Coffee,University,CC_BAR_01,410000,Gross Beverage & Food Revenue,Revenue,Revenue,603.52,USD
ACD-100182,2025-01-07,2025-01,CC100 - Hakam Global Coffee,University,CC_BAR_01,510000,Direct Raw Materials (Beans/Dairy/Syrup),COGS,Direct Materials,149.03,USD
ACD-100183,2025-01-07,2025-01,CC100 - Hakam Global Coffee,University,CC_BAR_01,520000,Direct Barista Labor & Payroll,COGS,Direct Labor,108.35,USD
ACD-100184,2025-01-07,2025-01,CC100 - Hakam Global Coffee,University,CC_BAR_01,530000,Packaging & Sustainable Cups,COGS,Packaging,25.33,USD
ACD-100185,2025-01-07,2025-01,CC100 - Hakam Global Coffee,University,CC_FAC_02,610000,Store Rent & Facility Lease,OPEX,Rent,50.4,USD
ACD-100186,2025-01-07,2025-01,CC100 - Hakam Global Coffee,University,CC_FAC_02,620000,Utilities (Power/Water/Gas),OPEX,Utilities,20.97,USD
ACD-100187,2025-01-07,2025-01,CC100 - Hakam Global Coffee,University,CC_MKT_03,640000,Digital Marketing & Channel Promo,OPEX,Marketing,22.04,USD
ACD-100188,2025-01-07,2025-01,CC100 - Hakam Global Coffee,University,CC_ADM_04,650000,Admin & IT Support Overhead,OPEX,Admin,11.86,USD
ACD-100189,2025-01-07,2025-01,CC100 - Hakam Global Coffee,University,CC_FAC_02,630000,Equipment Depreciation (Espresso/Grinders),Depreciation,Depreciation,16.06,USD
ACD-100190,2025-01-08,2025-01,CC100 - Hakam Global Coffee,Downtown,CC_BAR_01,410000,Gross Beverage & Food Revenue,Revenue,Revenue,749.73,USD
ACD-100191,2025-01-08,2025-01,CC100 - Hakam Global Coffee,Downtown,CC_BAR_01,510000,Direct Raw Materials (Beans/Dairy/Syrup),COGS,Direct Materials,177.59,USD
ACD-100192,2025-01-08,2025-01,CC100 - Hakam Global Coffee,Downtown,CC_BAR_01,520000,Direct Barista Labor & Payroll,COGS,Direct Labor,118.72,USD
ACD-100193,2025-01-08,2025-01,CC100 - Hakam Global Coffee,Downtown,CC_BAR_01,530000,Packaging & Sustainable Cups,COGS,Packaging,33.73,USD
ACD-100194,2025-01-08,2025-01,CC100 - Hakam Global Coffee,Downtown,CC_FAC_02,610000,Store Rent & Facility Lease,OPEX,Rent,85.68,USD
ACD-100195,2025-01-08,2025-01,CC100 - Hakam Global Coffee,Downtown,CC_FAC_02,620000,Utilities (Power/Water/Gas),OPEX,Utilities,31.48,USD
ACD-100196,2025-01-08,2025-01,CC100 - Hakam Global Coffee,Downtown,CC_MKT_03,640000,Digital Marketing & Channel Promo,OPEX,Marketing,31.32,USD
ACD-100197,2025-01-08,2025-01,CC100 - Hakam Global Coffee,Downtown,CC_ADM_04,650000,Admin & IT Support Overhead,OPEX,Admin,20.93,USD
ACD-100198,2025-01-08,2025-01,CC100 - Hakam Global Coffee,Downtown,CC_FAC_02,630000,Equipment Depreciation (Espresso/Grinders),Depreciation,Depreciation,20.93,USD
ACD-100199,2025-01-08,2025-01,CC100 - Hakam Global Coffee,Corporate Park,CC_BAR_01,410000,Gross Beverage & Food Revenue,Revenue,Revenue,819.14,USD
ACD-100200,2025-01-08,2025-01,CC100 - Hakam Global Coffee,Corporate Park,CC_BAR_01,510000,Direct Raw Materials (Beans/Dairy/Syrup),COGS,Direct Materials,207.6,USD
ACD-100201,2025-01-08,2025-01,CC100 - Hakam Global Coffee,Corporate Park,CC_BAR_01,520000,Direct Barista Labor & Payroll,COGS,Direct Labor,146.68,USD
ACD-100202,2025-01-08,2025-01,CC100 - Hakam Global Coffee,Corporate Park,CC_BAR_01,530000,Packaging & Sustainable Cups,COGS,Packaging,47.94,USD
ACD-100203,2025-01-08,2025-01,CC100 - Hakam Global Coffee,Corporate Park,CC_FAC_02,610000,Store Rent & Facility Lease,OPEX,Rent,71.27,USD
ACD-100204,2025-01-08,2025-01,CC100 - Hakam Global Coffee,Corporate Park,CC_FAC_02,620000,Utilities (Power/Water/Gas),OPEX,Utilities,23.0,USD
ACD-100205,2025-01-08,2025-01,CC100 - Hakam Global Coffee,Corporate Park,CC_MKT_03,640000,Digital Marketing & Channel Promo,OPEX,Marketing,21.06,USD
ACD-100206,2025-01-08,2025-01,CC100 - Hakam Global Coffee,Corporate Park,CC_ADM_04,650000,Admin & IT Support Overhead,OPEX,Admin,13.96,USD
ACD-100207,2025-01-08,2025-01,CC100 - Hakam Global Coffee,Corporate Park,CC_FAC_02,630000,Equipment Depreciation (Espresso/Grinders),Depreciation,Depreciation,21.86,USD
ACD-100208,2025-01-08,2025-01,CC100 - Hakam Global Coffee,University,CC_BAR_01,410000,Gross Beverage & Food Revenue,Revenue,Revenue,422.0,USD
ACD-100209,2025-01-08,2025-01,CC100 - Hakam Global Coffee,University,CC_BAR_01,510000,Direct Raw Materials (Beans/Dairy/Syrup),COGS,Direct Materials,99.24,USD
ACD-100210,2025-01-08,2025-01,CC100 - Hakam Global Coffee,University,CC_BAR_01,520000,Direct Barista Labor & Payroll,COGS,Direct Labor,75.77,USD
ACD-100211,2025-01-08,2025-01,CC100 - Hakam Global Coffee,University,CC_BAR_01,530000,Packaging & Sustainable Cups,COGS,Packaging,19.12,USD
ACD-100212,2025-01-08,2025-01,CC100 - Hakam Global Coffee,University,CC_FAC_02,610000,Store Rent & Facility Lease,OPEX,Rent,57.65,USD
ACD-100213,2025-01-08,2025-01,CC100 - Hakam Global Coffee,University,CC_FAC_02,620000,Utilities (Power/Water/Gas),OPEX,Utilities,22.29,USD
ACD-100214,2025-01-08,2025-01,CC100 - Hakam Global Coffee,University,CC_MKT_03,640000,Digital Marketing & Channel Promo,OPEX,Marketing,16.62,USD
ACD-100215,2025-01-08,2025-01,CC100 - Hakam Global Coffee,University,CC_ADM_04,650000,Admin & IT Support Overhead,OPEX,Admin,18.59,USD
ACD-100216,2025-01-08,2025-01,CC100 - Hakam Global Coffee,University,CC_FAC_02,630000,Equipment Depreciation (Espresso/Grinders),Depreciation,Depreciation,23.71,USD
ACD-100217,2025-01-09,2025-01,CC100 - Hakam Global Coffee,Downtown,CC_BAR_01,410000,Gross Beverage & Food Revenue,Revenue,Revenue,790.96,USD
ACD-100218,2025-01-09,2025-01,CC100 - Hakam Global Coffee,Downtown,CC_BAR_01,510000,Direct Raw Materials (Beans/Dairy/Syrup),COGS,Direct Materials,196.74,USD
ACD-100219,2025-01-09,2025-01,CC100 - Hakam Global Coffee,Downtown,CC_BAR_01,520000,Direct Barista Labor & Payroll,COGS,Direct Labor,122.32,USD
ACD-100220,2025-01-09,2025-01,CC100 - Hakam Global Coffee,Downtown,CC_BAR_01,530000,Packaging & Sustainable Cups,COGS,Packaging,36.33,USD
ACD-100221,2025-01-09,2025-01,CC100 - Hakam Global Coffee,Downtown,CC_FAC_02,610000,Store Rent & Facility Lease,OPEX,Rent,86.91,USD
ACD-100222,2025-01-09,2025-01,CC100 - Hakam Global Coffee,Downtown,CC_FAC_02,620000,Utilities (Power/Water/Gas),OPEX,Utilities,33.68,USD
ACD-100223,2025-01-09,2025-01,CC100 - Hakam Global Coffee,Downtown,CC_MKT_03,640000,Digital Marketing & Channel Promo,OPEX,Marketing,25.72,USD
ACD-100224,2025-01-09,2025-01,CC100 - Hakam Global Coffee,Downtown,CC_ADM_04,650000,Admin & IT Support Overhead,OPEX,Admin,23.6,USD
ACD-100225,2025-01-09,2025-01,CC100 - Hakam Global Coffee,Downtown,CC_FAC_02,630000,Equipment Depreciation (Espresso/Grinders),Depreciation,Depreciation,21.02,USD
ACD-100226,2025-01-09,2025-01,CC100 - Hakam Global Coffee,Corporate Park,CC_BAR_01,410000,Gross Beverage & Food Revenue,Revenue,Revenue,683.09,USD
ACD-100227,2025-01-09,2025-01,CC100 - Hakam Global Coffee,Corporate Park,CC_BAR_01,510000,Direct Raw Materials (Beans/Dairy/Syrup),COGS,Direct Materials,164.02,USD
ACD-100228,2025-01-09,2025-01,CC100 - Hakam Global Coffee,Corporate Park,CC_BAR_01,520000,Direct Barista Labor & Payroll,COGS,Direct Labor,119.94,USD
ACD-100229,2025-01-09,2025-01,CC100 - Hakam Global Coffee,Corporate Park,CC_BAR_01,530000,Packaging & Sustainable Cups,COGS,Packaging,29.47,USD
ACD-100230,2025-01-09,2025-01,CC100 - Hakam Global Coffee,Corporate Park,CC_FAC_02,610000,Store Rent & Facility Lease,OPEX,Rent,73.85,USD
ACD-100231,2025-01-09,2025-01,CC100 - Hakam Global Coffee,Corporate Park,CC_FAC_02,620000,Utilities (Power/Water/Gas),OPEX,Utilities,21.81,USD
ACD-100232,2025-01-09,2025-01,CC100 - Hakam Global Coffee,Corporate Park,CC_MKT_03,640000,Digital Marketing & Channel Promo,OPEX,Marketing,16.58,USD
ACD-100233,2025-01-09,2025-01,CC100 - Hakam Global Coffee,Corporate Park,CC_ADM_04,650000,Admin & IT Support Overhead,OPEX,Admin,18.34,USD
ACD-100234,2025-01-09,2025-01,CC100 - Hakam Global Coffee,Corporate Park,CC_FAC_02,630000,Equipment Depreciation (Espresso/Grinders),Depreciation,Depreciation,25.01,USD
ACD-100235,2025-01-09,2025-01,CC100 - Hakam Global Coffee,University,CC_BAR_01,410000,Gross Beverage & Food Revenue,Revenue,Revenue,469.81,USD
ACD-100236,2025-01-09,2025-01,CC100 - Hakam Global Coffee,University,CC_BAR_01,510000,Direct Raw Materials (Beans/Dairy/Syrup),COGS,Direct Materials,105.61,USD
ACD-100237,2025-01-09,2025-01,CC100 - Hakam Global Coffee,University,CC_BAR_01,520000,Direct Barista Labor & Payroll,COGS,Direct Labor,83.02,USD
ACD-100238,2025-01-09,2025-01,CC100 - Hakam Global Coffee,University,CC_BAR_01,530000,Packaging & Sustainable Cups,COGS,Packaging,21.11,USD
ACD-100239,2025-01-09,2025-01,CC100 - Hakam Global Coffee,University,CC_FAC_02,610000,Store Rent & Facility Lease,OPEX,Rent,54.05,USD
ACD-100240,2025-01-09,2025-01,CC100 - Hakam Global Coffee,University,CC_FAC_02,620000,Utilities (Power/Water/Gas),OPEX,Utilities,24.16,USD
ACD-100241,2025-01-09,2025-01,CC100 - Hakam Global Coffee,University,CC_MKT_03,640000,Digital Marketing & Channel Promo,OPEX,Marketing,16.58,USD
ACD-100242,2025-01-09,2025-01,CC100 - Hakam Global Coffee,University,CC_ADM_04,650000,Admin & IT Support Overhead,OPEX,Admin,15.04,USD
ACD-100243,2025-01-09,2025-01,CC100 - Hakam Global Coffee,University,CC_FAC_02,630000,Equipment Depreciation (Espresso/Grinders),Depreciation,Depreciation,19.22,USD
ACD-100244,2025-01-10,2025-01,CC100 - Hakam Global Coffee,Downtown,CC_BAR_01,410000,Gross Beverage & Food Revenue,Revenue,Revenue,1232.57,USD
ACD-100245,2025-01-10,2025-01,CC100 - Hakam Global Coffee,Downtown,CC_BAR_01,510000,Direct Raw Materials (Beans/Dairy/Syrup),COGS,Direct Materials,281.24,USD
ACD-100246,2025-01-10,2025-01,CC100 - Hakam Global Coffee,Downtown,CC_BAR_01,520000,Direct Barista Labor & Payroll,COGS,Direct Labor,211.37,USD
ACD-100247,2025-01-10,2025-01,CC100 - Hakam Global Coffee,Downtown,CC_BAR_01,530000,Packaging & Sustainable Cups,COGS,Packaging,55.19,USD
ACD-100248,2025-01-10,2025-01,CC100 - Hakam Global Coffee,Downtown,CC_FAC_02,610000,Store Rent & Facility Lease,OPEX,Rent,71.44,USD
ACD-100249,2025-01-10,2025-01,CC100 - Hakam Global Coffee,Downtown,CC_FAC_02,620000,Utilities (Power/Water/Gas),OPEX,Utilities,35.18,USD
ACD-100250,2025-01-10,2025-01,CC100 - Hakam Global Coffee,Downtown,CC_MKT_03,640000,Digital Marketing & Channel Promo,OPEX,Marketing,21.46,USD
ACD-100251,2025-01-10,2025-01,CC100 - Hakam Global Coffee,Downtown,CC_ADM_04,650000,Admin & IT Support Overhead,OPEX,Admin,17.77,USD
ACD-100252,2025-01-10,2025-01,CC100 - Hakam Global Coffee,Downtown,CC_FAC_02,630000,Equipment Depreciation (Espresso/Grinders),Depreciation,Depreciation,30.4,USD
ACD-100253,2025-01-10,2025-01,CC100 - Hakam Global Coffee,Corporate Park,CC_BAR_01,410000,Gross Beverage & Food Revenue,Revenue,Revenue,678.16,USD
ACD-100254,2025-01-10,2025-01,CC100 - Hakam Global Coffee,Corporate Park,CC_BAR_01,510000,Direct Raw Materials (Beans/Dairy/Syrup),COGS,Direct Materials,161.63,USD
ACD-100255,2025-01-10,2025-01,CC100 - Hakam Global Coffee,Corporate Park,CC_BAR_01,520000,Direct Barista Labor & Payroll,COGS,Direct Labor,122.04,USD
ACD-100256,2025-01-10,2025-01,CC100 - Hakam Global Coffee,Corporate Park,CC_BAR_01,530000,Packaging & Sustainable Cups,COGS,Packaging,40.64,USD
ACD-100257,2025-01-10,2025-01,CC100 - Hakam Global Coffee,Corporate Park,CC_FAC_02,610000,Store Rent & Facility Lease,OPEX,Rent,53.43,USD
ACD-100258,2025-01-10,2025-01,CC100 - Hakam Global Coffee,Corporate Park,CC_FAC_02,620000,Utilities (Power/Water/Gas),OPEX,Utilities,23.64,USD
ACD-100259,2025-01-10,2025-01,CC100 - Hakam Global Coffee,Corporate Park,CC_MKT_03,640000,Digital Marketing & Channel Promo,OPEX,Marketing,17.76,USD
ACD-100260,2025-01-10,2025-01,CC100 - Hakam Global Coffee,Corporate Park,CC_ADM_04,650000,Admin & IT Support Overhead,OPEX,Admin,22.23,USD
ACD-100261,2025-01-10,2025-01,CC100 - Hakam Global Coffee,Corporate Park,CC_FAC_02,630000,Equipment Depreciation (Espresso/Grinders),Depreciation,Depreciation,27.38,USD
ACD-100262,2025-01-10,2025-01,CC100 - Hakam Global Coffee,University,CC_BAR_01,410000,Gross Beverage & Food Revenue,Revenue,Revenue,847.62,USD
ACD-100263,2025-01-10,2025-01,CC100 - Hakam Global Coffee,University,CC_BAR_01,510000,Direct Raw Materials (Beans/Dairy/Syrup),COGS,Direct Materials,199.01,USD
ACD-100264,2025-01-10,2025-01,CC100 - Hakam Global Coffee,University,CC_BAR_01,520000,Direct Barista Labor & Payroll,COGS,Direct Labor,131.15,USD
ACD-100265,2025-01-10,2025-01,CC100 - Hakam Global Coffee,University,CC_BAR_01,530000,Packaging & Sustainable Cups,COGS,Packaging,48.04,USD
ACD-100266,2025-01-10,2025-01,CC100 - Hakam Global Coffee,University,CC_FAC_02,610000,Store Rent & Facility Lease,OPEX,Rent,56.12,USD
ACD-100267,2025-01-10,2025-01,CC100 - Hakam Global Coffee,University,CC_FAC_02,620000,Utilities (Power/Water/Gas),OPEX,Utilities,24.07,USD
ACD-100268,2025-01-10,2025-01,CC100 - Hakam Global Coffee,University,CC_MKT_03,640000,Digital Marketing & Channel Promo,OPEX,Marketing,23.59,USD
ACD-100269,2025-01-10,2025-01,CC100 - Hakam Global Coffee,University,CC_ADM_04,650000,Admin & IT Support Overhead,OPEX,Admin,15.71,USD
ACD-100270,2025-01-10,2025-01,CC100 - Hakam Global Coffee,University,CC_FAC_02,630000,Equipment Depreciation (Espresso/Grinders),Depreciation,Depreciation,14.32,USD
ACD-100271,2025-01-11,2025-01,CC100 - Hakam Global Coffee,Downtown,CC_BAR_01,410000,Gross Beverage & Food Revenue,Revenue,Revenue,1173.03,USD
ACD-100272,2025-01-11,2025-01,CC100 - Hakam Global Coffee,Downtown,CC_BAR_01,510000,Direct Raw Materials (Beans/Dairy/Syrup),COGS,Direct Materials,272.11,USD
ACD-100273,2025-01-11,2025-01,CC100 - Hakam Global Coffee,Downtown,CC_BAR_01,520000,Direct Barista Labor & Payroll,COGS,Direct Labor,199.3,USD
ACD-100274,2025-01-11,2025-01,CC100 - Hakam Global Coffee,Downtown,CC_BAR_01,530000,Packaging & Sustainable Cups,COGS,Packaging,68.95,USD
ACD-100275,2025-01-11,2025-01,CC100 - Hakam Global Coffee,Downtown,CC_FAC_02,610000,Store Rent & Facility Lease,OPEX,Rent,64.38,USD
ACD-100276,2025-01-11,2025-01,CC100 - Hakam Global Coffee,Downtown,CC_FAC_02,620000,Utilities (Power/Water/Gas),OPEX,Utilities,26.17,USD
ACD-100277,2025-01-11,2025-01,CC100 - Hakam Global Coffee,Downtown,CC_MKT_03,640000,Digital Marketing & Channel Promo,OPEX,Marketing,18.08,USD
ACD-100278,2025-01-11,2025-01,CC100 - Hakam Global Coffee,Downtown,CC_ADM_04,650000,Admin & IT Support Overhead,OPEX,Admin,20.97,USD
ACD-100279,2025-01-11,2025-01,CC100 - Hakam Global Coffee,Downtown,CC_FAC_02,630000,Equipment Depreciation (Espresso/Grinders),Depreciation,Depreciation,23.93,USD
ACD-100280,2025-01-11,2025-01,CC100 - Hakam Global Coffee,Corporate Park,CC_BAR_01,410000,Gross Beverage & Food Revenue,Revenue,Revenue,907.71,USD
ACD-100281,2025-01-11,2025-01,CC100 - Hakam Global Coffee,Corporate Park,CC_BAR_01,510000,Direct Raw Materials (Beans/Dairy/Syrup),COGS,Direct Materials,225.75,USD
ACD-100282,2025-01-11,2025-01,CC100 - Hakam Global Coffee,Corporate Park,CC_BAR_01,520000,Direct Barista Labor & Payroll,COGS,Direct Labor,141.7,USD
ACD-100283,2025-01-11,2025-01,CC100 - Hakam Global Coffee,Corporate Park,CC_BAR_01,530000,Packaging & Sustainable Cups,COGS,Packaging,47.82,USD
ACD-100284,2025-01-11,2025-01,CC100 - Hakam Global Coffee,Corporate Park,CC_FAC_02,610000,Store Rent & Facility Lease,OPEX,Rent,57.82,USD
ACD-100285,2025-01-11,2025-01,CC100 - Hakam Global Coffee,Corporate Park,CC_FAC_02,620000,Utilities (Power/Water/Gas),OPEX,Utilities,27.44,USD
ACD-100286,2025-01-11,2025-01,CC100 - Hakam Global Coffee,Corporate Park,CC_MKT_03,640000,Digital Marketing & Channel Promo,OPEX,Marketing,27.33,USD
ACD-100287,2025-01-11,2025-01,CC100 - Hakam Global Coffee,Corporate Park,CC_ADM_04,650000,Admin & IT Support Overhead,OPEX,Admin,21.23,USD
ACD-100288,2025-01-11,2025-01,CC100 - Hakam Global Coffee,Corporate Park,CC_FAC_02,630000,Equipment Depreciation (Espresso/Grinders),Depreciation,Depreciation,18.31,USD
ACD-100289,2025-01-11,2025-01,CC100 - Hakam Global Coffee,University,CC_BAR_01,410000,Gross Beverage & Food Revenue,Revenue,Revenue,685.27,USD
ACD-100290,2025-01-11,2025-01,CC100 - Hakam Global Coffee,University,CC_BAR_01,510000,Direct Raw Materials (Beans/Dairy/Syrup),COGS,Direct Materials,158.34,USD
ACD-100291,2025-01-11,2025-01,CC100 - Hakam Global Coffee,University,CC_BAR_01,520000,Direct Barista Labor & Payroll,COGS,Direct Labor,102.86,USD
ACD-100292,2025-01-11,2025-01,CC100 - Hakam Global Coffee,University,CC_BAR_01,530000,Packaging & Sustainable Cups,COGS,Packaging,37.98,USD
ACD-100293,2025-01-11,2025-01,CC100 - Hakam Global Coffee,University,CC_FAC_02,610000,Store Rent & Facility Lease,OPEX,Rent,54.86,USD
ACD-100294,2025-01-11,2025-01,CC100 - Hakam Global Coffee,University,CC_FAC_02,620000,Utilities (Power/Water/Gas),OPEX,Utilities,20.09,USD
ACD-100295,2025-01-11,2025-01,CC100 - Hakam Global Coffee,University,CC_MKT_03,640000,Digital Marketing & Channel Promo,OPEX,Marketing,20.55,USD
ACD-100296,2025-01-11,2025-01,CC100 - Hakam Global Coffee,University,CC_ADM_04,650000,Admin & IT Support Overhead,OPEX,Admin,14.74,USD
ACD-100297,2025-01-11,2025-01,CC100 - Hakam Global Coffee,University,CC_FAC_02,630000,Equipment Depreciation (Espresso/Grinders),Depreciation,Depreciation,18.31,USD
ACD-100298,2025-01-12,2025-01,CC100 - Hakam Global Coffee,Downtown,CC_BAR_01,410000,Gross Beverage & Food Revenue,Revenue,Revenue,764.27,USD
ACD-100299,2025-01-12,2025-01,CC100 - Hakam Global Coffee,Downtown,CC_BAR_01,510000,Direct Raw Materials (Beans/Dairy/Syrup),COGS,Direct Materials,170.44,USD
ACD-100300,2025-01-12,2025-01,CC100 - Hakam Global Coffee,Downtown,CC_BAR_01,520000,Direct Barista Labor & Payroll,COGS,Direct Labor,134.89,USD
ACD-100301,2025-01-12,2025-01,CC100 - Hakam Global Coffee,Downtown,CC_BAR_01,530000,Packaging & Sustainable Cups,COGS,Packaging,44.39,USD
ACD-100302,2025-01-12,2025-01,CC100 - Hakam Global Coffee,Downtown,CC_FAC_02,610000,Store Rent & Facility Lease,OPEX,Rent,75.48,USD
ACD-100303,2025-01-12,2025-01,CC100 - Hakam Global Coffee,Downtown,CC_FAC_02,620000,Utilities (Power/Water/Gas),OPEX,Utilities,37.82,USD
ACD-100304,2025-01-12,2025-01,CC100 - Hakam Global Coffee,Downtown,CC_MKT_03,640000,Digital Marketing & Channel Promo,OPEX,Marketing,26.42,USD
ACD-100305,2025-01-12,2025-01,CC100 - Hakam Global Coffee,Downtown,CC_ADM_04,650000,Admin & IT Support Overhead,OPEX,Admin,15.5,USD
ACD-100306,2025-01-12,2025-01,CC100 - Hakam Global Coffee,Downtown,CC_FAC_02,630000,Equipment Depreciation (Espresso/Grinders),Depreciation,Depreciation,21.97,USD
ACD-100307,2025-01-12,2025-01,CC100 - Hakam Global Coffee,Corporate Park,CC_BAR_01,410000,Gross Beverage & Food Revenue,Revenue,Revenue,779.81,USD
ACD-100308,2025-01-12,2025-01,CC100 - Hakam Global Coffee,Corporate Park,CC_BAR_01,510000,Direct Raw Materials (Beans/Dairy/Syrup),COGS,Direct Materials,199.6,USD
ACD-100309,2025-01-12,2025-01,CC100 - Hakam Global Coffee,Corporate Park,CC_BAR_01,520000,Direct Barista Labor & Payroll,COGS,Direct Labor,135.6,USD
ACD-100310,2025-01-12,2025-01,CC100 - Hakam Global Coffee,Corporate Park,CC_BAR_01,530000,Packaging & Sustainable Cups,COGS,Packaging,44.62,USD
ACD-100311,2025-01-12,2025-01,CC100 - Hakam Global Coffee,Corporate Park,CC_FAC_02,610000,Store Rent & Facility Lease,OPEX,Rent,72.43,USD
ACD-100312,2025-01-12,2025-01,CC100 - Hakam Global Coffee,Corporate Park,CC_FAC_02,620000,Utilities (Power/Water/Gas),OPEX,Utilities,23.6,USD
ACD-100313,2025-01-12,2025-01,CC100 - Hakam Global Coffee,Corporate Park,CC_MKT_03,640000,Digital Marketing & Channel Promo,OPEX,Marketing,17.53,USD
ACD-100314,2025-01-12,2025-01,CC100 - Hakam Global Coffee,Corporate Park,CC_ADM_04,650000,Admin & IT Support Overhead,OPEX,Admin,12.68,USD
ACD-100315,2025-01-12,2025-01,CC100 - Hakam Global Coffee,Corporate Park,CC_FAC_02,630000,Equipment Depreciation (Espresso/Grinders),Depreciation,Depreciation,26.22,USD
ACD-100316,2025-01-12,2025-01,CC100 - Hakam Global Coffee,University,CC_BAR_01,410000,Gross Beverage & Food Revenue,Revenue,Revenue,849.35,USD
ACD-100317,2025-01-12,2025-01,CC100 - Hakam Global Coffee,University,CC_BAR_01,510000,Direct Raw Materials (Beans/Dairy/Syrup),COGS,Direct Materials,200.66,USD
ACD-100318,2025-01-12,2025-01,CC100 - Hakam Global Coffee,University,CC_BAR_01,520000,Direct Barista Labor & Payroll,COGS,Direct Labor,143.22,USD
ACD-100319,2025-01-12,2025-01,CC100 - Hakam Global Coffee,University,CC_BAR_01,530000,Packaging & Sustainable Cups,COGS,Packaging,36.6,USD
ACD-100320,2025-01-12,2025-01,CC100 - Hakam Global Coffee,University,CC_FAC_02,610000,Store Rent & Facility Lease,OPEX,Rent,60.42,USD
ACD-100321,2025-01-12,2025-01,CC100 - Hakam Global Coffee,University,CC_FAC_02,620000,Utilities (Power/Water/Gas),OPEX,Utilities,26.96,USD
ACD-100322,2025-01-12,2025-01,CC100 - Hakam Global Coffee,University,CC_MKT_03,640000,Digital Marketing & Channel Promo,OPEX,Marketing,23.46,USD
ACD-100323,2025-01-12,2025-01,CC100 - Hakam Global Coffee,University,CC_ADM_04,650000,Admin & IT Support Overhead,OPEX,Admin,17.2,USD
ACD-100324,2025-01-12,2025-01,CC100 - Hakam Global Coffee,University,CC_FAC_02,630000,Equipment Depreciation (Espresso/Grinders),Depreciation,Depreciation,22.62,USD
ACD-100325,2025-01-13,2025-01,CC100 - Hakam Global Coffee,Downtown,CC_BAR_01,410000,Gross Beverage & Food Revenue,Revenue,Revenue,586.66,USD
ACD-100326,2025-01-13,2025-01,CC100 - Hakam Global Coffee,Downtown,CC_BAR_01,510000,Direct Raw Materials (Beans/Dairy/Syrup),COGS,Direct Materials,146.35,USD
ACD-100327,2025-01-13,2025-01,CC100 - Hakam Global Coffee,Downtown,CC_BAR_01,520000,Direct Barista Labor & Payroll,COGS,Direct Labor,93.85,USD
ACD-100328,2025-01-13,2025-01,CC100 - Hakam Global Coffee,Downtown,CC_BAR_01,530000,Packaging & Sustainable Cups,COGS,Packaging,34.39,USD
ACD-100329,2025-01-13,2025-01,CC100 - Hakam Global Coffee,Downtown,CC_FAC_02,610000,Store Rent & Facility Lease,OPEX,Rent,82.41,USD
ACD-100330,2025-01-13,2025-01,CC100 - Hakam Global Coffee,Downtown,CC_FAC_02,620000,Utilities (Power/Water/Gas),OPEX,Utilities,38.3,USD
ACD-100331,2025-01-13,2025-01,CC100 - Hakam Global Coffee,Downtown,CC_MKT_03,640000,Digital Marketing & Channel Promo,OPEX,Marketing,30.43,USD
ACD-100332,2025-01-13,2025-01,CC100 - Hakam Global Coffee,Downtown,CC_ADM_04,650000,Admin & IT Support Overhead,OPEX,Admin,17.1,USD
ACD-100333,2025-01-13,2025-01,CC100 - Hakam Global Coffee,Downtown,CC_FAC_02,630000,Equipment Depreciation (Espresso/Grinders),Depreciation,Depreciation,30.88,USD
ACD-100334,2025-01-13,2025-01,CC100 - Hakam Global Coffee,Corporate Park,CC_BAR_01,410000,Gross Beverage & Food Revenue,Revenue,Revenue,527.05,USD
ACD-100335,2025-01-13,2025-01,CC100 - Hakam Global Coffee,Corporate Park,CC_BAR_01,510000,Direct Raw Materials (Beans/Dairy/Syrup),COGS,Direct Materials,134.34,USD
ACD-100336,2025-01-13,2025-01,CC100 - Hakam Global Coffee,Corporate Park,CC_BAR_01,520000,Direct Barista Labor & Payroll,COGS,Direct Labor,92.63,USD
ACD-100337,2025-01-13,2025-01,CC100 - Hakam Global Coffee,Corporate Park,CC_BAR_01,530000,Packaging & Sustainable Cups,COGS,Packaging,23.43,USD
ACD-100338,2025-01-13,2025-01,CC100 - Hakam Global Coffee,Corporate Park,CC_FAC_02,610000,Store Rent & Facility Lease,OPEX,Rent,70.53,USD
ACD-100339,2025-01-13,2025-01,CC100 - Hakam Global Coffee,Corporate Park,CC_FAC_02,620000,Utilities (Power/Water/Gas),OPEX,Utilities,27.05,USD
ACD-100340,2025-01-13,2025-01,CC100 - Hakam Global Coffee,Corporate Park,CC_MKT_03,640000,Digital Marketing & Channel Promo,OPEX,Marketing,18.36,USD
ACD-100341,2025-01-13,2025-01,CC100 - Hakam Global Coffee,Corporate Park,CC_ADM_04,650000,Admin & IT Support Overhead,OPEX,Admin,20.65,USD
ACD-100342,2025-01-13,2025-01,CC100 - Hakam Global Coffee,Corporate Park,CC_FAC_02,630000,Equipment Depreciation (Espresso/Grinders),Depreciation,Depreciation,19.87,USD
ACD-100343,2025-01-13,2025-01,CC100 - Hakam Global Coffee,University,CC_BAR_01,410000,Gross Beverage & Food Revenue,Revenue,Revenue,412.53,USD
ACD-100344,2025-01-13,2025-01,CC100 - Hakam Global Coffee,University,CC_BAR_01,510000,Direct Raw Materials (Beans/Dairy/Syrup),COGS,Direct Materials,93.94,USD
ACD-100345,2025-01-13,2025-01,CC100 - Hakam Global Coffee,University,CC_BAR_01,520000,Direct Barista Labor & Payroll,COGS,Direct Labor,65.94,USD
ACD-100346,2025-01-13,2025-01,CC100 - Hakam Global Coffee,University,CC_BAR_01,530000,Packaging & Sustainable Cups,COGS,Packaging,23.63,USD
ACD-100347,2025-01-13,2025-01,CC100 - Hakam Global Coffee,University,CC_FAC_02,610000,Store Rent & Facility Lease,OPEX,Rent,61.12,USD
ACD-100348,2025-01-13,2025-01,CC100 - Hakam Global Coffee,University,CC_FAC_02,620000,Utilities (Power/Water/Gas),OPEX,Utilities,20.28,USD
ACD-100349,2025-01-13,2025-01,CC100 - Hakam Global Coffee,University,CC_MKT_03,640000,Digital Marketing & Channel Promo,OPEX,Marketing,19.32,USD
ACD-100350,2025-01-13,2025-01,CC100 - Hakam Global Coffee,University,CC_ADM_04,650000,Admin & IT Support Overhead,OPEX,Admin,13.3,USD
ACD-100351,2025-01-13,2025-01,CC100 - Hakam Global Coffee,University,CC_FAC_02,630000,Equipment Depreciation (Espresso/Grinders),Depreciation,Depreciation,23.57,USD
ACD-100352,2025-01-14,2025-01,CC100 - Hakam Global Coffee,Downtown,CC_BAR_01,410000,Gross Beverage & Food Revenue,Revenue,Revenue,783.43,USD
ACD-100353,2025-01-14,2025-01,CC100 - Hakam Global Coffee,Downtown,CC_BAR_01,510000,Direct Raw Materials (Beans/Dairy/Syrup),COGS,Direct Materials,201.79,USD
ACD-100354,2025-01-14,2025-01,CC100 - Hakam Global Coffee,Downtown,CC_BAR_01,520000,Direct Barista Labor & Payroll,COGS,Direct Labor,120.23,USD
ACD-100355,2025-01-14,2025-01,CC100 - Hakam Global Coffee,Downtown,CC_BAR_01,530000,Packaging & Sustainable Cups,COGS,Packaging,46.54,USD
ACD-100356,2025-01-14,2025-01,CC100 - Hakam Global Coffee,Downtown,CC_FAC_02,610000,Store Rent & Facility Lease,OPEX,Rent,65.57,USD
ACD-100357,2025-01-14,2025-01,CC100 - Hakam Global Coffee,Downtown,CC_FAC_02,620000,Utilities (Power/Water/Gas),OPEX,Utilities,39.89,USD
ACD-100358,2025-01-14,2025-01,CC100 - Hakam Global Coffee,Downtown,CC_MKT_03,640000,Digital Marketing & Channel Promo,OPEX,Marketing,20.86,USD
ACD-100359,2025-01-14,2025-01,CC100 - Hakam Global Coffee,Downtown,CC_ADM_04,650000,Admin & IT Support Overhead,OPEX,Admin,14.96,USD
ACD-100360,2025-01-14,2025-01,CC100 - Hakam Global Coffee,Downtown,CC_FAC_02,630000,Equipment Depreciation (Espresso/Grinders),Depreciation,Depreciation,26.12,USD
ACD-100361,2025-01-14,2025-01,CC100 - Hakam Global Coffee,Corporate Park,CC_BAR_01,410000,Gross Beverage & Food Revenue,Revenue,Revenue,730.41,USD
ACD-100362,2025-01-14,2025-01,CC100 - Hakam Global Coffee,Corporate Park,CC_BAR_01,510000,Direct Raw Materials (Beans/Dairy/Syrup),COGS,Direct Materials,169.85,USD
ACD-100363,2025-01-14,2025-01,CC100 - Hakam Global Coffee,Corporate Park,CC_BAR_01,520000,Direct Barista Labor & Payroll,COGS,Direct Labor,122.84,USD
ACD-100364,2025-01-14,2025-01,CC100 - Hakam Global Coffee,Corporate Park,CC_BAR_01,530000,Packaging & Sustainable Cups,COGS,Packaging,36.69,USD
ACD-100365,2025-01-14,2025-01,CC100 - Hakam Global Coffee,Corporate Park,CC_FAC_02,610000,Store Rent & Facility Lease,OPEX,Rent,60.61,USD
ACD-100366,2025-01-14,2025-01,CC100 - Hakam Global Coffee,Corporate Park,CC_FAC_02,620000,Utilities (Power/Water/Gas),OPEX,Utilities,28.66,USD
ACD-100367,2025-01-14,2025-01,CC100 - Hakam Global Coffee,Corporate Park,CC_MKT_03,640000,Digital Marketing & Channel Promo,OPEX,Marketing,17.61,USD
ACD-100368,2025-01-14,2025-01,CC100 - Hakam Global Coffee,Corporate Park,CC_ADM_04,650000,Admin & IT Support Overhead,OPEX,Admin,19.65,USD
ACD-100369,2025-01-14,2025-01,CC100 - Hakam Global Coffee,Corporate Park,CC_FAC_02,630000,Equipment Depreciation (Espresso/Grinders),Depreciation,Depreciation,17.27,USD
ACD-100370,2025-01-14,2025-01,CC100 - Hakam Global Coffee,University,CC_BAR_01,410000,Gross Beverage & Food Revenue,Revenue,Revenue,656.72,USD
ACD-100371,2025-01-14,2025-01,CC100 - Hakam Global Coffee,University,CC_BAR_01,510000,Direct Raw Materials (Beans/Dairy/Syrup),COGS,Direct Materials,158.62,USD
ACD-100372,2025-01-14,2025-01,CC100 - Hakam Global Coffee,University,CC_BAR_01,520000,Direct Barista Labor & Payroll,COGS,Direct Labor,112.68,USD
ACD-100373,2025-01-14,2025-01,CC100 - Hakam Global Coffee,University,CC_BAR_01,530000,Packaging & Sustainable Cups,COGS,Packaging,36.01,USD
ACD-100374,2025-01-14,2025-01,CC100 - Hakam Global Coffee,University,CC_FAC_02,610000,Store Rent & Facility Lease,OPEX,Rent,55.49,USD
ACD-100375,2025-01-14,2025-01,CC100 - Hakam Global Coffee,University,CC_FAC_02,620000,Utilities (Power/Water/Gas),OPEX,Utilities,21.25,USD
ACD-100376,2025-01-14,2025-01,CC100 - Hakam Global Coffee,University,CC_MKT_03,640000,Digital Marketing & Channel Promo,OPEX,Marketing,12.26,USD
ACD-100377,2025-01-14,2025-01,CC100 - Hakam Global Coffee,University,CC_ADM_04,650000,Admin & IT Support Overhead,OPEX,Admin,15.81,USD
ACD-100378,2025-01-14,2025-01,CC100 - Hakam Global Coffee,University,CC_FAC_02,630000,Equipment Depreciation (Espresso/Grinders),Depreciation,Depreciation,17.39,USD
ACD-100379,2025-01-15,2025-01,CC100 - Hakam Global Coffee,Downtown,CC_BAR_01,410000,Gross Beverage & Food Revenue,Revenue,Revenue,697.9,USD
ACD-100380,2025-01-15,2025-01,CC100 - Hakam Global Coffee,Downtown,CC_BAR_01,510000,Direct Raw Materials (Beans/Dairy/Syrup),COGS,Direct Materials,177.21,USD
ACD-100381,2025-01-15,2025-01,CC100 - Hakam Global Coffee,Downtown,CC_BAR_01,520000,Direct Barista Labor & Payroll,COGS,Direct Labor,119.75,USD
ACD-100382,2025-01-15,2025-01,CC100 - Hakam Global Coffee,Downtown,CC_BAR_01,530000,Packaging & Sustainable Cups,COGS,Packaging,32.11,USD
ACD-100383,2025-01-15,2025-01,CC100 - Hakam Global Coffee,Downtown,CC_FAC_02,610000,Store Rent & Facility Lease,OPEX,Rent,69.1,USD
ACD-100384,2025-01-15,2025-01,CC100 - Hakam Global Coffee,Downtown,CC_FAC_02,620000,Utilities (Power/Water/Gas),OPEX,Utilities,30.92,USD
ACD-100385,2025-01-15,2025-01,CC100 - Hakam Global Coffee,Downtown,CC_MKT_03,640000,Digital Marketing & Channel Promo,OPEX,Marketing,23.26,USD
ACD-100386,2025-01-15,2025-01,CC100 - Hakam Global Coffee,Downtown,CC_ADM_04,650000,Admin & IT Support Overhead,OPEX,Admin,17.49,USD
ACD-100387,2025-01-15,2025-01,CC100 - Hakam Global Coffee,Downtown,CC_FAC_02,630000,Equipment Depreciation (Espresso/Grinders),Depreciation,Depreciation,21.97,USD
ACD-100388,2025-01-15,2025-01,CC100 - Hakam Global Coffee,Corporate Park,CC_BAR_01,410000,Gross Beverage & Food Revenue,Revenue,Revenue,629.43,USD
ACD-100389,2025-01-15,2025-01,CC100 - Hakam Global Coffee,Corporate Park,CC_BAR_01,510000,Direct Raw Materials (Beans/Dairy/Syrup),COGS,Direct Materials,162.15,USD
ACD-100390,2025-01-15,2025-01,CC100 - Hakam Global Coffee,Corporate Park,CC_BAR_01,520000,Direct Barista Labor & Payroll,COGS,Direct Labor,107.2,USD
ACD-100391,2025-01-15,2025-01,CC100 - Hakam Global Coffee,Corporate Park,CC_BAR_01,530000,Packaging & Sustainable Cups,COGS,Packaging,36.54,USD
ACD-100392,2025-01-15,2025-01,CC100 - Hakam Global Coffee,Corporate Park,CC_FAC_02,610000,Store Rent & Facility Lease,OPEX,Rent,65.91,USD
ACD-100393,2025-01-15,2025-01,CC100 - Hakam Global Coffee,Corporate Park,CC_FAC_02,620000,Utilities (Power/Water/Gas),OPEX,Utilities,24.85,USD
ACD-100394,2025-01-15,2025-01,CC100 - Hakam Global Coffee,Corporate Park,CC_MKT_03,640000,Digital Marketing & Channel Promo,OPEX,Marketing,21.99,USD
ACD-100395,2025-01-15,2025-01,CC100 - Hakam Global Coffee,Corporate Park,CC_ADM_04,650000,Admin & IT Support Overhead,OPEX,Admin,11.5,USD
ACD-100396,2025-01-15,2025-01,CC100 - Hakam Global Coffee,Corporate Park,CC_FAC_02,630000,Equipment Depreciation (Espresso/Grinders),Depreciation,Depreciation,20.55,USD
ACD-100397,2025-01-15,2025-01,CC100 - Hakam Global Coffee,University,CC_BAR_01,410000,Gross Beverage & Food Revenue,Revenue,Revenue,522.52,USD
ACD-100398,2025-01-15,2025-01,CC100 - Hakam Global Coffee,University,CC_BAR_01,510000,Direct Raw Materials (Beans/Dairy/Syrup),COGS,Direct Materials,127.08,USD
ACD-100399,2025-01-15,2025-01,CC100 - Hakam Global Coffee,University,CC_BAR_01,520000,Direct Barista Labor & Payroll,COGS,Direct Labor,88.64,USD
ACD-100400,2025-01-15,2025-01,CC100 - Hakam Global Coffee,University,CC_BAR_01,530000,Packaging & Sustainable Cups,COGS,Packaging,25.76,USD
ACD-100401,2025-01-15,2025-01,CC100 - Hakam Global Coffee,University,CC_FAC_02,610000,Store Rent & Facility Lease,OPEX,Rent,51.15,USD
ACD-100402,2025-01-15,2025-01,CC100 - Hakam Global Coffee,University,CC_FAC_02,620000,Utilities (Power/Water/Gas),OPEX,Utilities,19.54,USD
ACD-100403,2025-01-15,2025-01,CC100 - Hakam Global Coffee,University,CC_MKT_03,640000,Digital Marketing & Channel Promo,OPEX,Marketing,17.24,USD
ACD-100404,2025-01-15,2025-01,CC100 - Hakam Global Coffee,University,CC_ADM_04,650000,Admin & IT Support Overhead,OPEX,Admin,18.06,USD
ACD-100405,2025-01-15,2025-01,CC100 - Hakam Global Coffee,University,CC_FAC_02,630000,Equipment Depreciation (Espresso/Grinders),Depreciation,Depreciation,21.81,USD
ACD-100406,2025-01-16,2025-01,CC100 - Hakam Global Coffee,Downtown,CC_BAR_01,410000,Gross Beverage & Food Revenue,Revenue,Revenue,642.41,USD
ACD-100407,2025-01-16,2025-01,CC100 - Hakam Global Coffee,Downtown,CC_BAR_01,510000,Direct Raw Materials (Beans/Dairy/Syrup),COGS,Direct Materials,143.51,USD
ACD-100408,2025-01-16,2025-01,CC100 - Hakam Global Coffee,Downtown,CC_BAR_01,520000,Direct Barista Labor & Payroll,COGS,Direct Labor,106.3,USD
ACD-100409,2025-01-16,2025-01,CC100 - Hakam Global Coffee,Downtown,CC_BAR_01,530000,Packaging & Sustainable Cups,COGS,Packaging,33.83,USD
ACD-100410,2025-01-16,2025-01,CC100 - Hakam Global Coffee,Downtown,CC_FAC_02,610000,Store Rent & Facility Lease,OPEX,Rent,69.8,USD
ACD-100411,2025-01-16,2025-01,CC100 - Hakam Global Coffee,Downtown,CC_FAC_02,620000,Utilities (Power/Water/Gas),OPEX,Utilities,37.56,USD
ACD-100412,2025-01-16,2025-01,CC100 - Hakam Global Coffee,Downtown,CC_MKT_03,640000,Digital Marketing & Channel Promo,OPEX,Marketing,29.38,USD
ACD-100413,2025-01-16,2025-01,CC100 - Hakam Global Coffee,Downtown,CC_ADM_04,650000,Admin & IT Support Overhead,OPEX,Admin,22.58,USD
ACD-100414,2025-01-16,2025-01,CC100 - Hakam Global Coffee,Downtown,CC_FAC_02,630000,Equipment Depreciation (Espresso/Grinders),Depreciation,Depreciation,23.28,USD
ACD-100415,2025-01-16,2025-01,CC100 - Hakam Global Coffee,Corporate Park,CC_BAR_01,410000,Gross Beverage & Food Revenue,Revenue,Revenue,556.89,USD
ACD-100416,2025-01-16,2025-01,CC100 - Hakam Global Coffee,Corporate Park,CC_BAR_01,510000,Direct Raw Materials (Beans/Dairy/Syrup),COGS,Direct Materials,123.06,USD
ACD-100417,2025-01-16,2025-01,CC100 - Hakam Global Coffee,Corporate Park,CC_BAR_01,520000,Direct Barista Labor & Payroll,COGS,Direct Labor,87.62,USD
ACD-100418,2025-01-16,2025-01,CC100 - Hakam Global Coffee,Corporate Park,CC_BAR_01,530000,Packaging & Sustainable Cups,COGS,Packaging,27.57,USD
ACD-100419,2025-01-16,2025-01,CC100 - Hakam Global Coffee,Corporate Park,CC_FAC_02,610000,Store Rent & Facility Lease,OPEX,Rent,71.29,USD
ACD-100420,2025-01-16,2025-01,CC100 - Hakam Global Coffee,Corporate Park,CC_FAC_02,620000,Utilities (Power/Water/Gas),OPEX,Utilities,21.71,USD
ACD-100421,2025-01-16,2025-01,CC100 - Hakam Global Coffee,Corporate Park,CC_MKT_03,640000,Digital Marketing & Channel Promo,OPEX,Marketing,20.0,USD
ACD-100422,2025-01-16,2025-01,CC100 - Hakam Global Coffee,Corporate Park,CC_ADM_04,650000,Admin & IT Support Overhead,OPEX,Admin,18.74,USD
ACD-100423,2025-01-16,2025-01,CC100 - Hakam Global Coffee,Corporate Park,CC_FAC_02,630000,Equipment Depreciation (Espresso/Grinders),Depreciation,Depreciation,19.49,USD
ACD-100424,2025-01-16,2025-01,CC100 - Hakam Global Coffee,University,CC_BAR_01,410000,Gross Beverage & Food Revenue,Revenue,Revenue,594.66,USD
ACD-100425,2025-01-16,2025-01,CC100 - Hakam Global Coffee,University,CC_BAR_01,510000,Direct Raw Materials (Beans/Dairy/Syrup),COGS,Direct Materials,142.58,USD
ACD-100426,2025-01-16,2025-01,CC100 - Hakam Global Coffee,University,CC_BAR_01,520000,Direct Barista Labor & Payroll,COGS,Direct Labor,93.55,USD
ACD-100427,2025-01-16,2025-01,CC100 - Hakam Global Coffee,University,CC_BAR_01,530000,Packaging & Sustainable Cups,COGS,Packaging,31.59,USD
ACD-100428,2025-01-16,2025-01,CC100 - Hakam Global Coffee,University,CC_FAC_02,610000,Store Rent & Facility Lease,OPEX,Rent,42.86,USD
ACD-100429,2025-01-16,2025-01,CC100 - Hakam Global Coffee,University,CC_FAC_02,620000,Utilities (Power/Water/Gas),OPEX,Utilities,25.66,USD
ACD-100430,2025-01-16,2025-01,CC100 - Hakam Global Coffee,University,CC_MKT_03,640000,Digital Marketing & Channel Promo,OPEX,Marketing,20.91,USD
ACD-100431,2025-01-16,2025-01,CC100 - Hakam Global Coffee,University,CC_ADM_04,650000,Admin & IT Support Overhead,OPEX,Admin,10.51,USD
ACD-100432,2025-01-16,2025-01,CC100 - Hakam Global Coffee,University,CC_FAC_02,630000,Equipment Depreciation (Espresso/Grinders),Depreciation,Depreciation,18.29,USD
ACD-100433,2025-01-17,2025-01,CC100 - Hakam Global Coffee,Downtown,CC_BAR_01,410000,Gross Beverage & Food Revenue,Revenue,Revenue,848.42,USD
ACD-100434,2025-01-17,2025-01,CC100 - Hakam Global Coffee,Downtown,CC_BAR_01,510000,Direct Raw Materials (Beans/Dairy/Syrup),COGS,Direct Materials,219.16,USD
ACD-100435,2025-01-17,2025-01,CC100 - Hakam Global Coffee,Downtown,CC_BAR_01,520000,Direct Barista Labor & Payroll,COGS,Direct Labor,140.45,USD
ACD-100436,2025-01-17,2025-01,CC100 - Hakam Global Coffee,Downtown,CC_BAR_01,530000,Packaging & Sustainable Cups,COGS,Packaging,34.79,USD
ACD-100437,2025-01-17,2025-01,CC100 - Hakam Global Coffee,Downtown,CC_FAC_02,610000,Store Rent & Facility Lease,OPEX,Rent,67.48,USD
ACD-100438,2025-01-17,2025-01,CC100 - Hakam Global Coffee,Downtown,CC_FAC_02,620000,Utilities (Power/Water/Gas),OPEX,Utilities,38.04,USD
ACD-100439,2025-01-17,2025-01,CC100 - Hakam Global Coffee,Downtown,CC_MKT_03,640000,Digital Marketing & Channel Promo,OPEX,Marketing,24.21,USD
ACD-100440,2025-01-17,2025-01,CC100 - Hakam Global Coffee,Downtown,CC_ADM_04,650000,Admin & IT Support Overhead,OPEX,Admin,24.32,USD
ACD-100441,2025-01-17,2025-01,CC100 - Hakam Global Coffee,Downtown,CC_FAC_02,630000,Equipment Depreciation (Espresso/Grinders),Depreciation,Depreciation,29.26,USD
ACD-100442,2025-01-17,2025-01,CC100 - Hakam Global Coffee,Corporate Park,CC_BAR_01,410000,Gross Beverage & Food Revenue,Revenue,Revenue,1072.9,USD
ACD-100443,2025-01-17,2025-01,CC100 - Hakam Global Coffee,Corporate Park,CC_BAR_01,510000,Direct Raw Materials (Beans/Dairy/Syrup),COGS,Direct Materials,261.59,USD
ACD-100444,2025-01-17,2025-01,CC100 - Hakam Global Coffee,Corporate Park,CC_BAR_01,520000,Direct Barista Labor & Payroll,COGS,Direct Labor,191.51,USD
ACD-100445,2025-01-17,2025-01,CC100 - Hakam Global Coffee,Corporate Park,CC_BAR_01,530000,Packaging & Sustainable Cups,COGS,Packaging,62.04,USD
ACD-100446,2025-01-17,2025-01,CC100 - Hakam Global Coffee,Corporate Park,CC_FAC_02,610000,Store Rent & Facility Lease,OPEX,Rent,65.84,USD
ACD-100447,2025-01-17,2025-01,CC100 - Hakam Global Coffee,Corporate Park,CC_FAC_02,620000,Utilities (Power/Water/Gas),OPEX,Utilities,30.63,USD
ACD-100448,2025-01-17,2025-01,CC100 - Hakam Global Coffee,Corporate Park,CC_MKT_03,640000,Digital Marketing & Channel Promo,OPEX,Marketing,21.35,USD
ACD-100449,2025-01-17,2025-01,CC100 - Hakam Global Coffee,Corporate Park,CC_ADM_04,650000,Admin & IT Support Overhead,OPEX,Admin,21.05,USD
ACD-100450,2025-01-17,2025-01,CC100 - Hakam Global Coffee,Corporate Park,CC_FAC_02,630000,Equipment Depreciation (Espresso/Grinders),Depreciation,Depreciation,23.55,USD
ACD-100451,2025-01-17,2025-01,CC100 - Hakam Global Coffee,University,CC_BAR_01,410000,Gross Beverage & Food Revenue,Revenue,Revenue,854.01,USD
ACD-100452,2025-01-17,2025-01,CC100 - Hakam Global Coffee,University,CC_BAR_01,510000,Direct Raw Materials (Beans/Dairy/Syrup),COGS,Direct Materials,213.29,USD
ACD-100453,2025-01-17,2025-01,CC100 - Hakam Global Coffee,University,CC_BAR_01,520000,Direct Barista Labor & Payroll,COGS,Direct Labor,140.26,USD
ACD-100454,2025-01-17,2025-01,CC100 - Hakam Global Coffee,University,CC_BAR_01,530000,Packaging & Sustainable Cups,COGS,Packaging,38.59,USD
ACD-100455,2025-01-17,2025-01,CC100 - Hakam Global Coffee,University,CC_FAC_02,610000,Store Rent & Facility Lease,OPEX,Rent,47.45,USD
ACD-100456,2025-01-17,2025-01,CC100 - Hakam Global Coffee,University,CC_FAC_02,620000,Utilities (Power/Water/Gas),OPEX,Utilities,24.37,USD
ACD-100457,2025-01-17,2025-01,CC100 - Hakam Global Coffee,University,CC_MKT_03,640000,Digital Marketing & Channel Promo,OPEX,Marketing,20.86,USD
ACD-100458,2025-01-17,2025-01,CC100 - Hakam Global Coffee,University,CC_ADM_04,650000,Admin & IT Support Overhead,OPEX,Admin,14.45,USD
ACD-100459,2025-01-17,2025-01,CC100 - Hakam Global Coffee,University,CC_FAC_02,630000,Equipment Depreciation (Espresso/Grinders),Depreciation,Depreciation,20.2,USD
ACD-100460,2025-01-18,2025-01,CC100 - Hakam Global Coffee,Downtown,CC_BAR_01,410000,Gross Beverage & Food Revenue,Revenue,Revenue,898.39,USD
ACD-100461,2025-01-18,2025-01,CC100 - Hakam Global Coffee,Downtown,CC_BAR_01,510000,Direct Raw Materials (Beans/Dairy/Syrup),COGS,Direct Materials,200.43,USD
ACD-100462,2025-01-18,2025-01,CC100 - Hakam Global Coffee,Downtown,CC_BAR_01,520000,Direct Barista Labor & Payroll,COGS,Direct Labor,142.46,USD
ACD-100463,2025-01-18,2025-01,CC100 - Hakam Global Coffee,Downtown,CC_BAR_01,530000,Packaging & Sustainable Cups,COGS,Packaging,40.82,USD
ACD-100464,2025-01-18,2025-01,CC100 - Hakam Global Coffee,Downtown,CC_FAC_02,610000,Store Rent & Facility Lease,OPEX,Rent,69.38,USD
ACD-100465,2025-01-18,2025-01,CC100 - Hakam Global Coffee,Downtown,CC_FAC_02,620000,Utilities (Power/Water/Gas),OPEX,Utilities,33.05,USD
ACD-100466,2025-01-18,2025-01,CC100 - Hakam Global Coffee,Downtown,CC_MKT_03,640000,Digital Marketing & Channel Promo,OPEX,Marketing,18.63,USD
ACD-100467,2025-01-18,2025-01,CC100 - Hakam Global Coffee,Downtown,CC_ADM_04,650000,Admin & IT Support Overhead,OPEX,Admin,16.62,USD
ACD-100468,2025-01-18,2025-01,CC100 - Hakam Global Coffee,Downtown,CC_FAC_02,630000,Equipment Depreciation (Espresso/Grinders),Depreciation,Depreciation,29.62,USD
ACD-100469,2025-01-18,2025-01,CC100 - Hakam Global Coffee,Corporate Park,CC_BAR_01,410000,Gross Beverage & Food Revenue,Revenue,Revenue,951.52,USD
ACD-100470,2025-01-18,2025-01,CC100 - Hakam Global Coffee,Corporate Park,CC_BAR_01,510000,Direct Raw Materials (Beans/Dairy/Syrup),COGS,Direct Materials,211.78,USD
ACD-100471,2025-01-18,2025-01,CC100 - Hakam Global Coffee,Corporate Park,CC_BAR_01,520000,Direct Barista Labor & Payroll,COGS,Direct Labor,154.36,USD
ACD-100472,2025-01-18,2025-01,CC100 - Hakam Global Coffee,Corporate Park,CC_BAR_01,530000,Packaging & Sustainable Cups,COGS,Packaging,48.39,USD
ACD-100473,2025-01-18,2025-01,CC100 - Hakam Global Coffee,Corporate Park,CC_FAC_02,610000,Store Rent & Facility Lease,OPEX,Rent,61.31,USD
ACD-100474,2025-01-18,2025-01,CC100 - Hakam Global Coffee,Corporate Park,CC_FAC_02,620000,Utilities (Power/Water/Gas),OPEX,Utilities,23.55,USD
ACD-100475,2025-01-18,2025-01,CC100 - Hakam Global Coffee,Corporate Park,CC_MKT_03,640000,Digital Marketing & Channel Promo,OPEX,Marketing,20.08,USD
ACD-100476,2025-01-18,2025-01,CC100 - Hakam Global Coffee,Corporate Park,CC_ADM_04,650000,Admin & IT Support Overhead,OPEX,Admin,21.91,USD
ACD-100477,2025-01-18,2025-01,CC100 - Hakam Global Coffee,Corporate Park,CC_FAC_02,630000,Equipment Depreciation (Espresso/Grinders),Depreciation,Depreciation,23.97,USD
ACD-100478,2025-01-18,2025-01,CC100 - Hakam Global Coffee,University,CC_BAR_01,410000,Gross Beverage & Food Revenue,Revenue,Revenue,782.16,USD
ACD-100479,2025-01-18,2025-01,CC100 - Hakam Global Coffee,University,CC_BAR_01,510000,Direct Raw Materials (Beans/Dairy/Syrup),COGS,Direct Materials,198.88,USD
ACD-100480,2025-01-18,2025-01,CC100 - Hakam Global Coffee,University,CC_BAR_01,520000,Direct Barista Labor & Payroll,COGS,Direct Labor,135.29,USD
ACD-100481,2025-01-18,2025-01,CC100 - Hakam Global Coffee,University,CC_BAR_01,530000,Packaging & Sustainable Cups,COGS,Packaging,37.24,USD
ACD-100482,2025-01-18,2025-01,CC100 - Hakam Global Coffee,University,CC_FAC_02,610000,Store Rent & Facility Lease,OPEX,Rent,42.86,USD
ACD-100483,2025-01-18,2025-01,CC100 - Hakam Global Coffee,University,CC_FAC_02,620000,Utilities (Power/Water/Gas),OPEX,Utilities,21.11,USD
ACD-100484,2025-01-18,2025-01,CC100 - Hakam Global Coffee,University,CC_MKT_03,640000,Digital Marketing & Channel Promo,OPEX,Marketing,20.71,USD
ACD-100485,2025-01-18,2025-01,CC100 - Hakam Global Coffee,University,CC_ADM_04,650000,Admin & IT Support Overhead,OPEX,Admin,17.61,USD
ACD-100486,2025-01-18,2025-01,CC100 - Hakam Global Coffee,University,CC_FAC_02,630000,Equipment Depreciation (Espresso/Grinders),Depreciation,Depreciation,23.31,USD
ACD-100487,2025-01-19,2025-01,CC100 - Hakam Global Coffee,Downtown,CC_BAR_01,410000,Gross Beverage & Food Revenue,Revenue,Revenue,971.5,USD
ACD-100488,2025-01-19,2025-01,CC100 - Hakam Global Coffee,Downtown,CC_BAR_01,510000,Direct Raw Materials (Beans/Dairy/Syrup),COGS,Direct Materials,242.78,USD
ACD-100489,2025-01-19,2025-01,CC100 - Hakam Global Coffee,Downtown,CC_BAR_01,520000,Direct Barista Labor & Payroll,COGS,Direct Labor,161.64,USD
ACD-100490,2025-01-19,2025-01,CC100 - Hakam Global Coffee,Downtown,CC_BAR_01,530000,Packaging & Sustainable Cups,COGS,Packaging,50.58,USD
ACD-100491,2025-01-19,2025-01,CC100 - Hakam Global Coffee,Downtown,CC_FAC_02,610000,Store Rent & Facility Lease,OPEX,Rent,66.7,USD
ACD-100492,2025-01-19,2025-01,CC100 - Hakam Global Coffee,Downtown,CC_FAC_02,620000,Utilities (Power/Water/Gas),OPEX,Utilities,27.85,USD
ACD-100493,2025-01-19,2025-01,CC100 - Hakam Global Coffee,Downtown,CC_MKT_03,640000,Digital Marketing & Channel Promo,OPEX,Marketing,23.85,USD
ACD-100494,2025-01-19,2025-01,CC100 - Hakam Global Coffee,Downtown,CC_ADM_04,650000,Admin & IT Support Overhead,OPEX,Admin,13.89,USD
ACD-100495,2025-01-19,2025-01,CC100 - Hakam Global Coffee,Downtown,CC_FAC_02,630000,Equipment Depreciation (Espresso/Grinders),Depreciation,Depreciation,24.79,USD
ACD-100496,2025-01-19,2025-01,CC100 - Hakam Global Coffee,Corporate Park,CC_BAR_01,410000,Gross Beverage & Food Revenue,Revenue,Revenue,939.75,USD
ACD-100497,2025-01-19,2025-01,CC100 - Hakam Global Coffee,Corporate Park,CC_BAR_01,510000,Direct Raw Materials (Beans/Dairy/Syrup),COGS,Direct Materials,221.94,USD
ACD-100498,2025-01-19,2025-01,CC100 - Hakam Global Coffee,Corporate Park,CC_BAR_01,520000,Direct Barista Labor & Payroll,COGS,Direct Labor,145.62,USD
ACD-100499,2025-01-19,2025-01,CC100 - Hakam Global Coffee,Corporate Park,CC_BAR_01,530000,Packaging & Sustainable Cups,COGS,Packaging,46.37,USD
ACD-100500,2025-01-19,2025-01,CC100 - Hakam Global Coffee,Corporate Park,CC_FAC_02,610000,Store Rent & Facility Lease,OPEX,Rent,54.69,USD
ACD-100501,2025-01-19,2025-01,CC100 - Hakam Global Coffee,Corporate Park,CC_FAC_02,620000,Utilities (Power/Water/Gas),OPEX,Utilities,29.29,USD
ACD-100502,2025-01-19,2025-01,CC100 - Hakam Global Coffee,Corporate Park,CC_MKT_03,640000,Digital Marketing & Channel Promo,OPEX,Marketing,14.2,USD
ACD-100503,2025-01-19,2025-01,CC100 - Hakam Global Coffee,Corporate Park,CC_ADM_04,650000,Admin & IT Support Overhead,OPEX,Admin,16.03,USD
ACD-100504,2025-01-19,2025-01,CC100 - Hakam Global Coffee,Corporate Park,CC_FAC_02,630000,Equipment Depreciation (Espresso/Grinders),Depreciation,Depreciation,23.74,USD
ACD-100505,2025-01-19,2025-01,CC100 - Hakam Global Coffee,University,CC_BAR_01,410000,Gross Beverage & Food Revenue,Revenue,Revenue,544.03,USD
ACD-100506,2025-01-19,2025-01,CC100 - Hakam Global Coffee,University,CC_BAR_01,510000,Direct Raw Materials (Beans/Dairy/Syrup),COGS,Direct Materials,133.67,USD
ACD-100507,2025-01-19,2025-01,CC100 - Hakam Global Coffee,University,CC_BAR_01,520000,Direct Barista Labor & Payroll,COGS,Direct Labor,83.82,USD
ACD-100508,2025-01-19,2025-01,CC100 - Hakam Global Coffee,University,CC_BAR_01,530000,Packaging & Sustainable Cups,COGS,Packaging,26.78,USD
ACD-100509,2025-01-19,2025-01,CC100 - Hakam Global Coffee,University,CC_FAC_02,610000,Store Rent & Facility Lease,OPEX,Rent,43.71,USD
ACD-100510,2025-01-19,2025-01,CC100 - Hakam Global Coffee,University,CC_FAC_02,620000,Utilities (Power/Water/Gas),OPEX,Utilities,21.42,USD
ACD-100511,2025-01-19,2025-01,CC100 - Hakam Global Coffee,University,CC_MKT_03,640000,Digital Marketing & Channel Promo,OPEX,Marketing,14.01,USD
ACD-100512,2025-01-19,2025-01,CC100 - Hakam Global Coffee,University,CC_ADM_04,650000,Admin & IT Support Overhead,OPEX,Admin,12.61,USD
ACD-100513,2025-01-19,2025-01,CC100 - Hakam Global Coffee,University,CC_FAC_02,630000,Equipment Depreciation (Espresso/Grinders),Depreciation,Depreciation,21.48,USD
ACD-100514,2025-01-20,2025-01,CC100 - Hakam Global Coffee,Downtown,CC_BAR_01,410000,Gross Beverage & Food Revenue,Revenue,Revenue,722.99,USD
ACD-100515,2025-01-20,2025-01,CC100 - Hakam Global Coffee,Downtown,CC_BAR_01,510000,Direct Raw Materials (Beans/Dairy/Syrup),COGS,Direct Materials,180.81,USD
ACD-100516,2025-01-20,2025-01,CC100 - Hakam Global Coffee,Downtown,CC_BAR_01,520000,Direct Barista Labor & Payroll,COGS,Direct Labor,126.49,USD
ACD-100517,2025-01-20,2025-01,CC100 - Hakam Global Coffee,Downtown,CC_BAR_01,530000,Packaging & Sustainable Cups,COGS,Packaging,32.57,USD
ACD-100518,2025-01-20,2025-01,CC100 - Hakam Global Coffee,Downtown,CC_FAC_02,610000,Store Rent & Facility Lease,OPEX,Rent,62.96,USD
ACD-100519,2025-01-20,2025-01,CC100 - Hakam Global Coffee,Downtown,CC_FAC_02,620000,Utilities (Power/Water/Gas),OPEX,Utilities,24.61,USD
ACD-100520,2025-01-20,2025-01,CC100 - Hakam Global Coffee,Downtown,CC_MKT_03,640000,Digital Marketing & Channel Promo,OPEX,Marketing,25.67,USD
ACD-100521,2025-01-20,2025-01,CC100 - Hakam Global Coffee,Downtown,CC_ADM_04,650000,Admin & IT Support Overhead,OPEX,Admin,27.0,USD
ACD-100522,2025-01-20,2025-01,CC100 - Hakam Global Coffee,Downtown,CC_FAC_02,630000,Equipment Depreciation (Espresso/Grinders),Depreciation,Depreciation,24.97,USD
ACD-100523,2025-01-20,2025-01,CC100 - Hakam Global Coffee,Corporate Park,CC_BAR_01,410000,Gross Beverage & Food Revenue,Revenue,Revenue,704.71,USD
ACD-100524,2025-01-20,2025-01,CC100 - Hakam Global Coffee,Corporate Park,CC_BAR_01,510000,Direct Raw Materials (Beans/Dairy/Syrup),COGS,Direct Materials,177.06,USD
ACD-100525,2025-01-20,2025-01,CC100 - Hakam Global Coffee,Corporate Park,CC_BAR_01,520000,Direct Barista Labor & Payroll,COGS,Direct Labor,119.49,USD
ACD-100526,2025-01-20,2025-01,CC100 - Hakam Global Coffee,Corporate Park,CC_BAR_01,530000,Packaging & Sustainable Cups,COGS,Packaging,38.82,USD
ACD-100527,2025-01-20,2025-01,CC100 - Hakam Global Coffee,Corporate Park,CC_FAC_02,610000,Store Rent & Facility Lease,OPEX,Rent,73.59,USD
ACD-100528,2025-01-20,2025-01,CC100 - Hakam Global Coffee,Corporate Park,CC_FAC_02,620000,Utilities (Power/Water/Gas),OPEX,Utilities,23.45,USD
ACD-100529,2025-01-20,2025-01,CC100 - Hakam Global Coffee,Corporate Park,CC_MKT_03,640000,Digital Marketing & Channel Promo,OPEX,Marketing,14.1,USD
ACD-100530,2025-01-20,2025-01,CC100 - Hakam Global Coffee,Corporate Park,CC_ADM_04,650000,Admin & IT Support Overhead,OPEX,Admin,13.25,USD
ACD-100531,2025-01-20,2025-01,CC100 - Hakam Global Coffee,Corporate Park,CC_FAC_02,630000,Equipment Depreciation (Espresso/Grinders),Depreciation,Depreciation,18.7,USD
ACD-100532,2025-01-20,2025-01,CC100 - Hakam Global Coffee,University,CC_BAR_01,410000,Gross Beverage & Food Revenue,Revenue,Revenue,587.38,USD
ACD-100533,2025-01-20,2025-01,CC100 - Hakam Global Coffee,University,CC_BAR_01,510000,Direct Raw Materials (Beans/Dairy/Syrup),COGS,Direct Materials,142.47,USD
ACD-100534,2025-01-20,2025-01,CC100 - Hakam Global Coffee,University,CC_BAR_01,520000,Direct Barista Labor & Payroll,COGS,Direct Labor,91.95,USD
ACD-100535,2025-01-20,2025-01,CC100 - Hakam Global Coffee,University,CC_BAR_01,530000,Packaging & Sustainable Cups,COGS,Packaging,31.71,USD
ACD-100536,2025-01-20,2025-01,CC100 - Hakam Global Coffee,University,CC_FAC_02,610000,Store Rent & Facility Lease,OPEX,Rent,57.32,USD
ACD-100537,2025-01-20,2025-01,CC100 - Hakam Global Coffee,University,CC_FAC_02,620000,Utilities (Power/Water/Gas),OPEX,Utilities,19.01,USD
ACD-100538,2025-01-20,2025-01,CC100 - Hakam Global Coffee,University,CC_MKT_03,640000,Digital Marketing & Channel Promo,OPEX,Marketing,18.9,USD
ACD-100539,2025-01-20,2025-01,CC100 - Hakam Global Coffee,University,CC_ADM_04,650000,Admin & IT Support Overhead,OPEX,Admin,16.61,USD
ACD-100540,2025-01-20,2025-01,CC100 - Hakam Global Coffee,University,CC_FAC_02,630000,Equipment Depreciation (Espresso/Grinders),Depreciation,Depreciation,15.34,USD
ACD-100541,2025-01-21,2025-01,CC100 - Hakam Global Coffee,Downtown,CC_BAR_01,410000,Gross Beverage & Food Revenue,Revenue,Revenue,892.35,USD
ACD-100542,2025-01-21,2025-01,CC100 - Hakam Global Coffee,Downtown,CC_BAR_01,510000,Direct Raw Materials (Beans/Dairy/Syrup),COGS,Direct Materials,230.75,USD
ACD-100543,2025-01-21,2025-01,CC100 - Hakam Global Coffee,Downtown,CC_BAR_01,520000,Direct Barista Labor & Payroll,COGS,Direct Labor,136.75,USD
ACD-100544,2025-01-21,2025-01,CC100 - Hakam Global Coffee,Downtown,CC_BAR_01,530000,Packaging & Sustainable Cups,COGS,Packaging,36.15,USD
ACD-100545,2025-01-21,2025-01,CC100 - Hakam Global Coffee,Downtown,CC_FAC_02,610000,Store Rent & Facility Lease,OPEX,Rent,69.17,USD
ACD-100546,2025-01-21,2025-01,CC100 - Hakam Global Coffee,Downtown,CC_FAC_02,620000,Utilities (Power/Water/Gas),OPEX,Utilities,35.27,USD
ACD-100547,2025-01-21,2025-01,CC100 - Hakam Global Coffee,Downtown,CC_MKT_03,640000,Digital Marketing & Channel Promo,OPEX,Marketing,33.02,USD
ACD-100548,2025-01-21,2025-01,CC100 - Hakam Global Coffee,Downtown,CC_ADM_04,650000,Admin & IT Support Overhead,OPEX,Admin,18.85,USD
ACD-100549,2025-01-21,2025-01,CC100 - Hakam Global Coffee,Downtown,CC_FAC_02,630000,Equipment Depreciation (Espresso/Grinders),Depreciation,Depreciation,29.9,USD
ACD-100550,2025-01-21,2025-01,CC100 - Hakam Global Coffee,Corporate Park,CC_BAR_01,410000,Gross Beverage & Food Revenue,Revenue,Revenue,516.53,USD
ACD-100551,2025-01-21,2025-01,CC100 - Hakam Global Coffee,Corporate Park,CC_BAR_01,510000,Direct Raw Materials (Beans/Dairy/Syrup),COGS,Direct Materials,127.91,USD
ACD-100552,2025-01-21,2025-01,CC100 - Hakam Global Coffee,Corporate Park,CC_BAR_01,520000,Direct Barista Labor & Payroll,COGS,Direct Labor,87.2,USD
ACD-100553,2025-01-21,2025-01,CC100 - Hakam Global Coffee,Corporate Park,CC_BAR_01,530000,Packaging & Sustainable Cups,COGS,Packaging,21.71,USD
ACD-100554,2025-01-21,2025-01,CC100 - Hakam Global Coffee,Corporate Park,CC_FAC_02,610000,Store Rent & Facility Lease,OPEX,Rent,69.52,USD
ACD-100555,2025-01-21,2025-01,CC100 - Hakam Global Coffee,Corporate Park,CC_FAC_02,620000,Utilities (Power/Water/Gas),OPEX,Utilities,32.43,USD
ACD-100556,2025-01-21,2025-01,CC100 - Hakam Global Coffee,Corporate Park,CC_MKT_03,640000,Digital Marketing & Channel Promo,OPEX,Marketing,22.78,USD
ACD-100557,2025-01-21,2025-01,CC100 - Hakam Global Coffee,Corporate Park,CC_ADM_04,650000,Admin & IT Support Overhead,OPEX,Admin,12.89,USD
ACD-100558,2025-01-21,2025-01,CC100 - Hakam Global Coffee,Corporate Park,CC_FAC_02,630000,Equipment Depreciation (Espresso/Grinders),Depreciation,Depreciation,28.56,USD
ACD-100559,2025-01-21,2025-01,CC100 - Hakam Global Coffee,University,CC_BAR_01,410000,Gross Beverage & Food Revenue,Revenue,Revenue,618.02,USD
ACD-100560,2025-01-21,2025-01,CC100 - Hakam Global Coffee,University,CC_BAR_01,510000,Direct Raw Materials (Beans/Dairy/Syrup),COGS,Direct Materials,144.55,USD
ACD-100561,2025-01-21,2025-01,CC100 - Hakam Global Coffee,University,CC_BAR_01,520000,Direct Barista Labor & Payroll,COGS,Direct Labor,100.65,USD
ACD-100562,2025-01-21,2025-01,CC100 - Hakam Global Coffee,University,CC_BAR_01,530000,Packaging & Sustainable Cups,COGS,Packaging,29.3,USD
ACD-100563,2025-01-21,2025-01,CC100 - Hakam Global Coffee,University,CC_FAC_02,610000,Store Rent & Facility Lease,OPEX,Rent,52.36,USD
ACD-100564,2025-01-21,2025-01,CC100 - Hakam Global Coffee,University,CC_FAC_02,620000,Utilities (Power/Water/Gas),OPEX,Utilities,20.99,USD
ACD-100565,2025-01-21,2025-01,CC100 - Hakam Global Coffee,University,CC_MKT_03,640000,Digital Marketing & Channel Promo,OPEX,Marketing,21.89,USD
ACD-100566,2025-01-21,2025-01,CC100 - Hakam Global Coffee,University,CC_ADM_04,650000,Admin & IT Support Overhead,OPEX,Admin,17.31,USD
ACD-100567,2025-01-21,2025-01,CC100 - Hakam Global Coffee,University,CC_FAC_02,630000,Equipment Depreciation (Espresso/Grinders),Depreciation,Depreciation,15.25,USD
ACD-100568,2025-01-22,2025-01,CC100 - Hakam Global Coffee,Downtown,CC_BAR_01,410000,Gross Beverage & Food Revenue,Revenue,Revenue,946.79,USD
ACD-100569,2025-01-22,2025-01,CC100 - Hakam Global Coffee,Downtown,CC_BAR_01,510000,Direct Raw Materials (Beans/Dairy/Syrup),COGS,Direct Materials,232.36,USD
ACD-100570,2025-01-22,2025-01,CC100 - Hakam Global Coffee,Downtown,CC_BAR_01,520000,Direct Barista Labor & Payroll,COGS,Direct Labor,165.56,USD
ACD-100571,2025-01-22,2025-01,CC100 - Hakam Global Coffee,Downtown,CC_BAR_01,530000,Packaging & Sustainable Cups,COGS,Packaging,51.27,USD
ACD-100572,2025-01-22,2025-01,CC100 - Hakam Global Coffee,Downtown,CC_FAC_02,610000,Store Rent & Facility Lease,OPEX,Rent,72.51,USD
ACD-100573,2025-01-22,2025-01,CC100 - Hakam Global Coffee,Downtown,CC_FAC_02,620000,Utilities (Power/Water/Gas),OPEX,Utilities,36.19,USD
ACD-100574,2025-01-22,2025-01,CC100 - Hakam Global Coffee,Downtown,CC_MKT_03,640000,Digital Marketing & Channel Promo,OPEX,Marketing,33.14,USD
ACD-100575,2025-01-22,2025-01,CC100 - Hakam Global Coffee,Downtown,CC_ADM_04,650000,Admin & IT Support Overhead,OPEX,Admin,17.15,USD
ACD-100576,2025-01-22,2025-01,CC100 - Hakam Global Coffee,Downtown,CC_FAC_02,630000,Equipment Depreciation (Espresso/Grinders),Depreciation,Depreciation,31.16,USD
ACD-100577,2025-01-22,2025-01,CC100 - Hakam Global Coffee,Corporate Park,CC_BAR_01,410000,Gross Beverage & Food Revenue,Revenue,Revenue,668.01,USD
ACD-100578,2025-01-22,2025-01,CC100 - Hakam Global Coffee,Corporate Park,CC_BAR_01,510000,Direct Raw Materials (Beans/Dairy/Syrup),COGS,Direct Materials,159.88,USD
ACD-100579,2025-01-22,2025-01,CC100 - Hakam Global Coffee,Corporate Park,CC_BAR_01,520000,Direct Barista Labor & Payroll,COGS,Direct Labor,108.93,USD
ACD-100580,2025-01-22,2025-01,CC100 - Hakam Global Coffee,Corporate Park,CC_BAR_01,530000,Packaging & Sustainable Cups,COGS,Packaging,36.49,USD
ACD-100581,2025-01-22,2025-01,CC100 - Hakam Global Coffee,Corporate Park,CC_FAC_02,610000,Store Rent & Facility Lease,OPEX,Rent,57.92,USD
ACD-100582,2025-01-22,2025-01,CC100 - Hakam Global Coffee,Corporate Park,CC_FAC_02,620000,Utilities (Power/Water/Gas),OPEX,Utilities,32.45,USD
ACD-100583,2025-01-22,2025-01,CC100 - Hakam Global Coffee,Corporate Park,CC_MKT_03,640000,Digital Marketing & Channel Promo,OPEX,Marketing,26.22,USD
ACD-100584,2025-01-22,2025-01,CC100 - Hakam Global Coffee,Corporate Park,CC_ADM_04,650000,Admin & IT Support Overhead,OPEX,Admin,12.5,USD
ACD-100585,2025-01-22,2025-01,CC100 - Hakam Global Coffee,Corporate Park,CC_FAC_02,630000,Equipment Depreciation (Espresso/Grinders),Depreciation,Depreciation,27.39,USD
ACD-100586,2025-01-22,2025-01,CC100 - Hakam Global Coffee,University,CC_BAR_01,410000,Gross Beverage & Food Revenue,Revenue,Revenue,472.15,USD
ACD-100587,2025-01-22,2025-01,CC100 - Hakam Global Coffee,University,CC_BAR_01,510000,Direct Raw Materials (Beans/Dairy/Syrup),COGS,Direct Materials,112.65,USD
ACD-100588,2025-01-22,2025-01,CC100 - Hakam Global Coffee,University,CC_BAR_01,520000,Direct Barista Labor & Payroll,COGS,Direct Labor,79.47,USD
ACD-100589,2025-01-22,2025-01,CC100 - Hakam Global Coffee,University,CC_BAR_01,530000,Packaging & Sustainable Cups,COGS,Packaging,22.46,USD
ACD-100590,2025-01-22,2025-01,CC100 - Hakam Global Coffee,University,CC_FAC_02,610000,Store Rent & Facility Lease,OPEX,Rent,43.3,USD
ACD-100591,2025-01-22,2025-01,CC100 - Hakam Global Coffee,University,CC_FAC_02,620000,Utilities (Power/Water/Gas),OPEX,Utilities,26.8,USD
ACD-100592,2025-01-22,2025-01,CC100 - Hakam Global Coffee,University,CC_MKT_03,640000,Digital Marketing & Channel Promo,OPEX,Marketing,13.65,USD
ACD-100593,2025-01-22,2025-01,CC100 - Hakam Global Coffee,University,CC_ADM_04,650000,Admin & IT Support Overhead,OPEX,Admin,11.52,USD
ACD-100594,2025-01-22,2025-01,CC100 - Hakam Global Coffee,University,CC_FAC_02,630000,Equipment Depreciation (Espresso/Grinders),Depreciation,Depreciation,21.83,USD
ACD-100595,2025-01-23,2025-01,CC100 - Hakam Global Coffee,Downtown,CC_BAR_01,410000,Gross Beverage & Food Revenue,Revenue,Revenue,708.07,USD
ACD-100596,2025-01-23,2025-01,CC100 - Hakam Global Coffee,Downtown,CC_BAR_01,510000,Direct Raw Materials (Beans/Dairy/Syrup),COGS,Direct Materials,180.71,USD
ACD-100597,2025-01-23,2025-01,CC100 - Hakam Global Coffee,Downtown,CC_BAR_01,520000,Direct Barista Labor & Payroll,COGS,Direct Labor,121.11,USD
ACD-100598,2025-01-23,2025-01,CC100 - Hakam Global Coffee,Downtown,CC_BAR_01,530000,Packaging & Sustainable Cups,COGS,Packaging,32.24,USD
ACD-100599,2025-01-23,2025-01,CC100 - Hakam Global Coffee,Downtown,CC_FAC_02,610000,Store Rent & Facility Lease,OPEX,Rent,61.02,USD
ACD-100600,2025-01-23,2025-01,CC100 - Hakam Global Coffee,Downtown,CC_FAC_02,620000,Utilities (Power/Water/Gas),OPEX,Utilities,39.66,USD
ACD-100601,2025-01-23,2025-01,CC100 - Hakam Global Coffee,Downtown,CC_MKT_03,640000,Digital Marketing & Channel Promo,OPEX,Marketing,17.7,USD
ACD-100602,2025-01-23,2025-01,CC100 - Hakam Global Coffee,Downtown,CC_ADM_04,650000,Admin & IT Support Overhead,OPEX,Admin,23.22,USD
ACD-100603,2025-01-23,2025-01,CC100 - Hakam Global Coffee,Downtown,CC_FAC_02,630000,Equipment Depreciation (Espresso/Grinders),Depreciation,Depreciation,26.85,USD
ACD-100604,2025-01-23,2025-01,CC100 - Hakam Global Coffee,Corporate Park,CC_BAR_01,410000,Gross Beverage & Food Revenue,Revenue,Revenue,740.11,USD
ACD-100605,2025-01-23,2025-01,CC100 - Hakam Global Coffee,Corporate Park,CC_BAR_01,510000,Direct Raw Materials (Beans/Dairy/Syrup),COGS,Direct Materials,183.27,USD
ACD-100606,2025-01-23,2025-01,CC100 - Hakam Global Coffee,Corporate Park,CC_BAR_01,520000,Direct Barista Labor & Payroll,COGS,Direct Labor,125.36,USD
ACD-100607,2025-01-23,2025-01,CC100 - Hakam Global Coffee,Corporate Park,CC_BAR_01,530000,Packaging & Sustainable Cups,COGS,Packaging,36.87,USD
ACD-100608,2025-01-23,2025-01,CC100 - Hakam Global Coffee,Corporate Park,CC_FAC_02,610000,Store Rent & Facility Lease,OPEX,Rent,69.99,USD
ACD-100609,2025-01-23,2025-01,CC100 - Hakam Global Coffee,Corporate Park,CC_FAC_02,620000,Utilities (Power/Water/Gas),OPEX,Utilities,21.98,USD
ACD-100610,2025-01-23,2025-01,CC100 - Hakam Global Coffee,Corporate Park,CC_MKT_03,640000,Digital Marketing & Channel Promo,OPEX,Marketing,17.11,USD
ACD-100611,2025-01-23,2025-01,CC100 - Hakam Global Coffee,Corporate Park,CC_ADM_04,650000,Admin & IT Support Overhead,OPEX,Admin,19.46,USD
ACD-100612,2025-01-23,2025-01,CC100 - Hakam Global Coffee,Corporate Park,CC_FAC_02,630000,Equipment Depreciation (Espresso/Grinders),Depreciation,Depreciation,20.77,USD
ACD-100613,2025-01-23,2025-01,CC100 - Hakam Global Coffee,University,CC_BAR_01,410000,Gross Beverage & Food Revenue,Revenue,Revenue,563.58,USD
ACD-100614,2025-01-23,2025-01,CC100 - Hakam Global Coffee,University,CC_BAR_01,510000,Direct Raw Materials (Beans/Dairy/Syrup),COGS,Direct Materials,134.66,USD
ACD-100615,2025-01-23,2025-01,CC100 - Hakam Global Coffee,University,CC_BAR_01,520000,Direct Barista Labor & Payroll,COGS,Direct Labor,93.51,USD
ACD-100616,2025-01-23,2025-01,CC100 - Hakam Global Coffee,University,CC_BAR_01,530000,Packaging & Sustainable Cups,COGS,Packaging,27.34,USD
ACD-100617,2025-01-23,2025-01,CC100 - Hakam Global Coffee,University,CC_FAC_02,610000,Store Rent & Facility Lease,OPEX,Rent,56.92,USD
ACD-100618,2025-01-23,2025-01,CC100 - Hakam Global Coffee,University,CC_FAC_02,620000,Utilities (Power/Water/Gas),OPEX,Utilities,20.87,USD
ACD-100619,2025-01-23,2025-01,CC100 - Hakam Global Coffee,University,CC_MKT_03,640000,Digital Marketing & Channel Promo,OPEX,Marketing,20.08,USD
ACD-100620,2025-01-23,2025-01,CC100 - Hakam Global Coffee,University,CC_ADM_04,650000,Admin & IT Support Overhead,OPEX,Admin,12.07,USD
ACD-100621,2025-01-23,2025-01,CC100 - Hakam Global Coffee,University,CC_FAC_02,630000,Equipment Depreciation (Espresso/Grinders),Depreciation,Depreciation,16.64,USD
ACD-100622,2025-01-24,2025-01,CC100 - Hakam Global Coffee,Downtown,CC_BAR_01,410000,Gross Beverage & Food Revenue,Revenue,Revenue,820.46,USD
ACD-100623,2025-01-24,2025-01,CC100 - Hakam Global Coffee,Downtown,CC_BAR_01,510000,Direct Raw Materials (Beans/Dairy/Syrup),COGS,Direct Materials,186.82,USD
ACD-100624,2025-01-24,2025-01,CC100 - Hakam Global Coffee,Downtown,CC_BAR_01,520000,Direct Barista Labor & Payroll,COGS,Direct Labor,126.01,USD
ACD-100625,2025-01-24,2025-01,CC100 - Hakam Global Coffee,Downtown,CC_BAR_01,530000,Packaging & Sustainable Cups,COGS,Packaging,41.61,USD
ACD-100626,2025-01-24,2025-01,CC100 - Hakam Global Coffee,Downtown,CC_FAC_02,610000,Store Rent & Facility Lease,OPEX,Rent,81.33,USD
ACD-100627,2025-01-24,2025-01,CC100 - Hakam Global Coffee,Downtown,CC_FAC_02,620000,Utilities (Power/Water/Gas),OPEX,Utilities,27.3,USD
ACD-100628,2025-01-24,2025-01,CC100 - Hakam Global Coffee,Downtown,CC_MKT_03,640000,Digital Marketing & Channel Promo,OPEX,Marketing,20.0,USD
ACD-100629,2025-01-24,2025-01,CC100 - Hakam Global Coffee,Downtown,CC_ADM_04,650000,Admin & IT Support Overhead,OPEX,Admin,20.04,USD
ACD-100630,2025-01-24,2025-01,CC100 - Hakam Global Coffee,Downtown,CC_FAC_02,630000,Equipment Depreciation (Espresso/Grinders),Depreciation,Depreciation,30.03,USD
ACD-100631,2025-01-24,2025-01,CC100 - Hakam Global Coffee,Corporate Park,CC_BAR_01,410000,Gross Beverage & Food Revenue,Revenue,Revenue,1068.04,USD
ACD-100632,2025-01-24,2025-01,CC100 - Hakam Global Coffee,Corporate Park,CC_BAR_01,510000,Direct Raw Materials (Beans/Dairy/Syrup),COGS,Direct Materials,257.38,USD
ACD-100633,2025-01-24,2025-01,CC100 - Hakam Global Coffee,Corporate Park,CC_BAR_01,520000,Direct Barista Labor & Payroll,COGS,Direct Labor,169.27,USD
ACD-100634,2025-01-24,2025-01,CC100 - Hakam Global Coffee,Corporate Park,CC_BAR_01,530000,Packaging & Sustainable Cups,COGS,Packaging,44.87,USD
ACD-100635,2025-01-24,2025-01,CC100 - Hakam Global Coffee,Corporate Park,CC_FAC_02,610000,Store Rent & Facility Lease,OPEX,Rent,56.21,USD
ACD-100636,2025-01-24,2025-01,CC100 - Hakam Global Coffee,Corporate Park,CC_FAC_02,620000,Utilities (Power/Water/Gas),OPEX,Utilities,23.84,USD
ACD-100637,2025-01-24,2025-01,CC100 - Hakam Global Coffee,Corporate Park,CC_MKT_03,640000,Digital Marketing & Channel Promo,OPEX,Marketing,16.48,USD
ACD-100638,2025-01-24,2025-01,CC100 - Hakam Global Coffee,Corporate Park,CC_ADM_04,650000,Admin & IT Support Overhead,OPEX,Admin,11.66,USD
ACD-100639,2025-01-24,2025-01,CC100 - Hakam Global Coffee,Corporate Park,CC_FAC_02,630000,Equipment Depreciation (Espresso/Grinders),Depreciation,Depreciation,23.39,USD
ACD-100640,2025-01-24,2025-01,CC100 - Hakam Global Coffee,University,CC_BAR_01,410000,Gross Beverage & Food Revenue,Revenue,Revenue,632.1,USD
ACD-100641,2025-01-24,2025-01,CC100 - Hakam Global Coffee,University,CC_BAR_01,510000,Direct Raw Materials (Beans/Dairy/Syrup),COGS,Direct Materials,163.7,USD
ACD-100642,2025-01-24,2025-01,CC100 - Hakam Global Coffee,University,CC_BAR_01,520000,Direct Barista Labor & Payroll,COGS,Direct Labor,105.31,USD
ACD-100643,2025-01-24,2025-01,CC100 - Hakam Global Coffee,University,CC_BAR_01,530000,Packaging & Sustainable Cups,COGS,Packaging,34.1,USD
ACD-100644,2025-01-24,2025-01,CC100 - Hakam Global Coffee,University,CC_FAC_02,610000,Store Rent & Facility Lease,OPEX,Rent,45.15,USD
ACD-100645,2025-01-24,2025-01,CC100 - Hakam Global Coffee,University,CC_FAC_02,620000,Utilities (Power/Water/Gas),OPEX,Utilities,27.0,USD
ACD-100646,2025-01-24,2025-01,CC100 - Hakam Global Coffee,University,CC_MKT_03,640000,Digital Marketing & Channel Promo,OPEX,Marketing,17.46,USD
ACD-100647,2025-01-24,2025-01,CC100 - Hakam Global Coffee,University,CC_ADM_04,650000,Admin & IT Support Overhead,OPEX,Admin,17.79,USD
ACD-100648,2025-01-24,2025-01,CC100 - Hakam Global Coffee,University,CC_FAC_02,630000,Equipment Depreciation (Espresso/Grinders),Depreciation,Depreciation,19.7,USD
ACD-100649,2025-01-25,2025-01,CC100 - Hakam Global Coffee,Downtown,CC_BAR_01,410000,Gross Beverage & Food Revenue,Revenue,Revenue,997.01,USD
ACD-100650,2025-01-25,2025-01,CC100 - Hakam Global Coffee,Downtown,CC_BAR_01,510000,Direct Raw Materials (Beans/Dairy/Syrup),COGS,Direct Materials,236.91,USD
ACD-100651,2025-01-25,2025-01,CC100 - Hakam Global Coffee,Downtown,CC_BAR_01,520000,Direct Barista Labor & Payroll,COGS,Direct Labor,155.07,USD
ACD-100652,2025-01-25,2025-01,CC100 - Hakam Global Coffee,Downtown,CC_BAR_01,530000,Packaging & Sustainable Cups,COGS,Packaging,40.9,USD
ACD-100653,2025-01-25,2025-01,CC100 - Hakam Global Coffee,Downtown,CC_FAC_02,610000,Store Rent & Facility Lease,OPEX,Rent,86.16,USD
ACD-100654,2025-01-25,2025-01,CC100 - Hakam Global Coffee,Downtown,CC_FAC_02,620000,Utilities (Power/Water/Gas),OPEX,Utilities,32.04,USD
ACD-100655,2025-01-25,2025-01,CC100 - Hakam Global Coffee,Downtown,CC_MKT_03,640000,Digital Marketing & Channel Promo,OPEX,Marketing,30.63,USD
ACD-100656,2025-01-25,2025-01,CC100 - Hakam Global Coffee,Downtown,CC_ADM_04,650000,Admin & IT Support Overhead,OPEX,Admin,18.91,USD
ACD-100657,2025-01-25,2025-01,CC100 - Hakam Global Coffee,Downtown,CC_FAC_02,630000,Equipment Depreciation (Espresso/Grinders),Depreciation,Depreciation,21.25,USD
ACD-100658,2025-01-25,2025-01,CC100 - Hakam Global Coffee,Corporate Park,CC_BAR_01,410000,Gross Beverage & Food Revenue,Revenue,Revenue,918.32,USD
ACD-100659,2025-01-25,2025-01,CC100 - Hakam Global Coffee,Corporate Park,CC_BAR_01,510000,Direct Raw Materials (Beans/Dairy/Syrup),COGS,Direct Materials,204.0,USD
ACD-100660,2025-01-25,2025-01,CC100 - Hakam Global Coffee,Corporate Park,CC_BAR_01,520000,Direct Barista Labor & Payroll,COGS,Direct Labor,141.86,USD
ACD-100661,2025-01-25,2025-01,CC100 - Hakam Global Coffee,Corporate Park,CC_BAR_01,530000,Packaging & Sustainable Cups,COGS,Packaging,47.07,USD
ACD-100662,2025-01-25,2025-01,CC100 - Hakam Global Coffee,Corporate Park,CC_FAC_02,610000,Store Rent & Facility Lease,OPEX,Rent,58.74,USD
ACD-100663,2025-01-25,2025-01,CC100 - Hakam Global Coffee,Corporate Park,CC_FAC_02,620000,Utilities (Power/Water/Gas),OPEX,Utilities,34.42,USD
ACD-100664,2025-01-25,2025-01,CC100 - Hakam Global Coffee,Corporate Park,CC_MKT_03,640000,Digital Marketing & Channel Promo,OPEX,Marketing,15.57,USD
ACD-100665,2025-01-25,2025-01,CC100 - Hakam Global Coffee,Corporate Park,CC_ADM_04,650000,Admin & IT Support Overhead,OPEX,Admin,20.29,USD
ACD-100666,2025-01-25,2025-01,CC100 - Hakam Global Coffee,Corporate Park,CC_FAC_02,630000,Equipment Depreciation (Espresso/Grinders),Depreciation,Depreciation,24.22,USD
ACD-100667,2025-01-25,2025-01,CC100 - Hakam Global Coffee,University,CC_BAR_01,410000,Gross Beverage & Food Revenue,Revenue,Revenue,816.08,USD
ACD-100668,2025-01-25,2025-01,CC100 - Hakam Global Coffee,University,CC_BAR_01,510000,Direct Raw Materials (Beans/Dairy/Syrup),COGS,Direct Materials,186.9,USD
ACD-100669,2025-01-25,2025-01,CC100 - Hakam Global Coffee,University,CC_BAR_01,520000,Direct Barista Labor & Payroll,COGS,Direct Labor,135.21,USD
ACD-100670,2025-01-25,2025-01,CC100 - Hakam Global Coffee,University,CC_BAR_01,530000,Packaging & Sustainable Cups,COGS,Packaging,40.0,USD
ACD-100671,2025-01-25,2025-01,CC100 - Hakam Global Coffee,University,CC_FAC_02,610000,Store Rent & Facility Lease,OPEX,Rent,51.16,USD
ACD-100672,2025-01-25,2025-01,CC100 - Hakam Global Coffee,University,CC_FAC_02,620000,Utilities (Power/Water/Gas),OPEX,Utilities,26.91,USD
ACD-100673,2025-01-25,2025-01,CC100 - Hakam Global Coffee,University,CC_MKT_03,640000,Digital Marketing & Channel Promo,OPEX,Marketing,23.63,USD
ACD-100674,2025-01-25,2025-01,CC100 - Hakam Global Coffee,University,CC_ADM_04,650000,Admin & IT Support Overhead,OPEX,Admin,12.4,USD
ACD-100675,2025-01-25,2025-01,CC100 - Hakam Global Coffee,University,CC_FAC_02,630000,Equipment Depreciation (Espresso/Grinders),Depreciation,Depreciation,20.15,USD
ACD-100676,2025-01-26,2025-01,CC100 - Hakam Global Coffee,Downtown,CC_BAR_01,410000,Gross Beverage & Food Revenue,Revenue,Revenue,1068.0,USD
ACD-100677,2025-01-26,2025-01,CC100 - Hakam Global Coffee,Downtown,CC_BAR_01,510000,Direct Raw Materials (Beans/Dairy/Syrup),COGS,Direct Materials,266.58,USD
ACD-100678,2025-01-26,2025-01,CC100 - Hakam Global Coffee,Downtown,CC_BAR_01,520000,Direct Barista Labor & Payroll,COGS,Direct Labor,190.56,USD
ACD-100679,2025-01-26,2025-01,CC100 - Hakam Global Coffee,Downtown,CC_BAR_01,530000,Packaging & Sustainable Cups,COGS,Packaging,47.16,USD
ACD-100680,2025-01-26,2025-01,CC100 - Hakam Global Coffee,Downtown,CC_FAC_02,610000,Store Rent & Facility Lease,OPEX,Rent,66.45,USD
ACD-100681,2025-01-26,2025-01,CC100 - Hakam Global Coffee,Downtown,CC_FAC_02,620000,Utilities (Power/Water/Gas),OPEX,Utilities,35.0,USD
ACD-100682,2025-01-26,2025-01,CC100 - Hakam Global Coffee,Downtown,CC_MKT_03,640000,Digital Marketing & Channel Promo,OPEX,Marketing,18.96,USD
ACD-100683,2025-01-26,2025-01,CC100 - Hakam Global Coffee,Downtown,CC_ADM_04,650000,Admin & IT Support Overhead,OPEX,Admin,15.85,USD
ACD-100684,2025-01-26,2025-01,CC100 - Hakam Global Coffee,Downtown,CC_FAC_02,630000,Equipment Depreciation (Espresso/Grinders),Depreciation,Depreciation,21.26,USD
ACD-100685,2025-01-26,2025-01,CC100 - Hakam Global Coffee,Corporate Park,CC_BAR_01,410000,Gross Beverage & Food Revenue,Revenue,Revenue,648.03,USD
ACD-100686,2025-01-26,2025-01,CC100 - Hakam Global Coffee,Corporate Park,CC_BAR_01,510000,Direct Raw Materials (Beans/Dairy/Syrup),COGS,Direct Materials,154.24,USD
ACD-100687,2025-01-26,2025-01,CC100 - Hakam Global Coffee,Corporate Park,CC_BAR_01,520000,Direct Barista Labor & Payroll,COGS,Direct Labor,108.75,USD
ACD-100688,2025-01-26,2025-01,CC100 - Hakam Global Coffee,Corporate Park,CC_BAR_01,530000,Packaging & Sustainable Cups,COGS,Packaging,29.7,USD
ACD-100689,2025-01-26,2025-01,CC100 - Hakam Global Coffee,Corporate Park,CC_FAC_02,610000,Store Rent & Facility Lease,OPEX,Rent,57.07,USD
ACD-100690,2025-01-26,2025-01,CC100 - Hakam Global Coffee,Corporate Park,CC_FAC_02,620000,Utilities (Power/Water/Gas),OPEX,Utilities,30.46,USD
ACD-100691,2025-01-26,2025-01,CC100 - Hakam Global Coffee,Corporate Park,CC_MKT_03,640000,Digital Marketing & Channel Promo,OPEX,Marketing,24.31,USD
ACD-100692,2025-01-26,2025-01,CC100 - Hakam Global Coffee,Corporate Park,CC_ADM_04,650000,Admin & IT Support Overhead,OPEX,Admin,16.72,USD
ACD-100693,2025-01-26,2025-01,CC100 - Hakam Global Coffee,Corporate Park,CC_FAC_02,630000,Equipment Depreciation (Espresso/Grinders),Depreciation,Depreciation,25.15,USD
ACD-100694,2025-01-26,2025-01,CC100 - Hakam Global Coffee,University,CC_BAR_01,410000,Gross Beverage & Food Revenue,Revenue,Revenue,863.52,USD
ACD-100695,2025-01-26,2025-01,CC100 - Hakam Global Coffee,University,CC_BAR_01,510000,Direct Raw Materials (Beans/Dairy/Syrup),COGS,Direct Materials,217.19,USD
ACD-100696,2025-01-26,2025-01,CC100 - Hakam Global Coffee,University,CC_BAR_01,520000,Direct Barista Labor & Payroll,COGS,Direct Labor,145.72,USD
ACD-100697,2025-01-26,2025-01,CC100 - Hakam Global Coffee,University,CC_BAR_01,530000,Packaging & Sustainable Cups,COGS,Packaging,45.96,USD
ACD-100698,2025-01-26,2025-01,CC100 - Hakam Global Coffee,University,CC_FAC_02,610000,Store Rent & Facility Lease,OPEX,Rent,60.49,USD
ACD-100699,2025-01-26,2025-01,CC100 - Hakam Global Coffee,University,CC_FAC_02,620000,Utilities (Power/Water/Gas),OPEX,Utilities,21.95,USD
ACD-100700,2025-01-26,2025-01,CC100 - Hakam Global Coffee,University,CC_MKT_03,640000,Digital Marketing & Channel Promo,OPEX,Marketing,18.13,USD
ACD-100701,2025-01-26,2025-01,CC100 - Hakam Global Coffee,University,CC_ADM_04,650000,Admin & IT Support Overhead,OPEX,Admin,15.65,USD
ACD-100702,2025-01-26,2025-01,CC100 - Hakam Global Coffee,University,CC_FAC_02,630000,Equipment Depreciation (Espresso/Grinders),Depreciation,Depreciation,22.88,USD
ACD-100703,2025-01-27,2025-01,CC100 - Hakam Global Coffee,Downtown,CC_BAR_01,410000,Gross Beverage & Food Revenue,Revenue,Revenue,895.17,USD
ACD-100704,2025-01-27,2025-01,CC100 - Hakam Global Coffee,Downtown,CC_BAR_01,510000,Direct Raw Materials (Beans/Dairy/Syrup),COGS,Direct Materials,199.49,USD
ACD-100705,2025-01-27,2025-01,CC100 - Hakam Global Coffee,Downtown,CC_BAR_01,520000,Direct Barista Labor & Payroll,COGS,Direct Labor,138.73,USD
ACD-100706,2025-01-27,2025-01,CC100 - Hakam Global Coffee,Downtown,CC_BAR_01,530000,Packaging & Sustainable Cups,COGS,Packaging,41.31,USD
ACD-100707,2025-01-27,2025-01,CC100 - Hakam Global Coffee,Downtown,CC_FAC_02,610000,Store Rent & Facility Lease,OPEX,Rent,80.97,USD
ACD-100708,2025-01-27,2025-01,CC100 - Hakam Global Coffee,Downtown,CC_FAC_02,620000,Utilities (Power/Water/Gas),OPEX,Utilities,33.52,USD
ACD-100709,2025-01-27,2025-01,CC100 - Hakam Global Coffee,Downtown,CC_MKT_03,640000,Digital Marketing & Channel Promo,OPEX,Marketing,21.27,USD
ACD-100710,2025-01-27,2025-01,CC100 - Hakam Global Coffee,Downtown,CC_ADM_04,650000,Admin & IT Support Overhead,OPEX,Admin,15.18,USD
ACD-100711,2025-01-27,2025-01,CC100 - Hakam Global Coffee,Downtown,CC_FAC_02,630000,Equipment Depreciation (Espresso/Grinders),Depreciation,Depreciation,29.55,USD
ACD-100712,2025-01-27,2025-01,CC100 - Hakam Global Coffee,Corporate Park,CC_BAR_01,410000,Gross Beverage & Food Revenue,Revenue,Revenue,720.96,USD
ACD-100713,2025-01-27,2025-01,CC100 - Hakam Global Coffee,Corporate Park,CC_BAR_01,510000,Direct Raw Materials (Beans/Dairy/Syrup),COGS,Direct Materials,185.8,USD
ACD-100714,2025-01-27,2025-01,CC100 - Hakam Global Coffee,Corporate Park,CC_BAR_01,520000,Direct Barista Labor & Payroll,COGS,Direct Labor,118.97,USD
ACD-100715,2025-01-27,2025-01,CC100 - Hakam Global Coffee,Corporate Park,CC_BAR_01,530000,Packaging & Sustainable Cups,COGS,Packaging,35.96,USD
ACD-100716,2025-01-27,2025-01,CC100 - Hakam Global Coffee,Corporate Park,CC_FAC_02,610000,Store Rent & Facility Lease,OPEX,Rent,53.6,USD
ACD-100717,2025-01-27,2025-01,CC100 - Hakam Global Coffee,Corporate Park,CC_FAC_02,620000,Utilities (Power/Water/Gas),OPEX,Utilities,21.25,USD
ACD-100718,2025-01-27,2025-01,CC100 - Hakam Global Coffee,Corporate Park,CC_MKT_03,640000,Digital Marketing & Channel Promo,OPEX,Marketing,20.26,USD
ACD-100719,2025-01-27,2025-01,CC100 - Hakam Global Coffee,Corporate Park,CC_ADM_04,650000,Admin & IT Support Overhead,OPEX,Admin,15.21,USD
ACD-100720,2025-01-27,2025-01,CC100 - Hakam Global Coffee,Corporate Park,CC_FAC_02,630000,Equipment Depreciation (Espresso/Grinders),Depreciation,Depreciation,20.13,USD
ACD-100721,2025-01-27,2025-01,CC100 - Hakam Global Coffee,University,CC_BAR_01,410000,Gross Beverage & Food Revenue,Revenue,Revenue,430.85,USD
ACD-100722,2025-01-27,2025-01,CC100 - Hakam Global Coffee,University,CC_BAR_01,510000,Direct Raw Materials (Beans/Dairy/Syrup),COGS,Direct Materials,111.36,USD
ACD-100723,2025-01-27,2025-01,CC100 - Hakam Global Coffee,University,CC_BAR_01,520000,Direct Barista Labor & Payroll,COGS,Direct Labor,75.43,USD
ACD-100724,2025-01-27,2025-01,CC100 - Hakam Global Coffee,University,CC_BAR_01,530000,Packaging & Sustainable Cups,COGS,Packaging,22.19,USD
ACD-100725,2025-01-27,2025-01,CC100 - Hakam Global Coffee,University,CC_FAC_02,610000,Store Rent & Facility Lease,OPEX,Rent,60.81,USD
ACD-100726,2025-01-27,2025-01,CC100 - Hakam Global Coffee,University,CC_FAC_02,620000,Utilities (Power/Water/Gas),OPEX,Utilities,28.5,USD
ACD-100727,2025-01-27,2025-01,CC100 - Hakam Global Coffee,University,CC_MKT_03,640000,Digital Marketing & Channel Promo,OPEX,Marketing,19.7,USD
ACD-100728,2025-01-27,2025-01,CC100 - Hakam Global Coffee,University,CC_ADM_04,650000,Admin & IT Support Overhead,OPEX,Admin,12.06,USD
ACD-100729,2025-01-27,2025-01,CC100 - Hakam Global Coffee,University,CC_FAC_02,630000,Equipment Depreciation (Espresso/Grinders),Depreciation,Depreciation,14.63,USD
ACD-100730,2025-01-28,2025-01,CC100 - Hakam Global Coffee,Downtown,CC_BAR_01,410000,Gross Beverage & Food Revenue,Revenue,Revenue,868.1,USD
ACD-100731,2025-01-28,2025-01,CC100 - Hakam Global Coffee,Downtown,CC_BAR_01,510000,Direct Raw Materials (Beans/Dairy/Syrup),COGS,Direct Materials,207.32,USD
ACD-100732,2025-01-28,2025-01,CC100 - Hakam Global Coffee,Downtown,CC_BAR_01,520000,Direct Barista Labor & Payroll,COGS,Direct Labor,147.18,USD
ACD-100733,2025-01-28,2025-01,CC100 - Hakam Global Coffee,Downtown,CC_BAR_01,530000,Packaging & Sustainable Cups,COGS,Packaging,50.63,USD
ACD-100734,2025-01-28,2025-01,CC100 - Hakam Global Coffee,Downtown,CC_FAC_02,610000,Store Rent & Facility Lease,OPEX,Rent,65.65,USD
ACD-100735,2025-01-28,2025-01,CC100 - Hakam Global Coffee,Downtown,CC_FAC_02,620000,Utilities (Power/Water/Gas),OPEX,Utilities,33.78,USD
ACD-100736,2025-01-28,2025-01,CC100 - Hakam Global Coffee,Downtown,CC_MKT_03,640000,Digital Marketing & Channel Promo,OPEX,Marketing,27.34,USD
ACD-100737,2025-01-28,2025-01,CC100 - Hakam Global Coffee,Downtown,CC_ADM_04,650000,Admin & IT Support Overhead,OPEX,Admin,20.14,USD
ACD-100738,2025-01-28,2025-01,CC100 - Hakam Global Coffee,Downtown,CC_FAC_02,630000,Equipment Depreciation (Espresso/Grinders),Depreciation,Depreciation,21.48,USD
ACD-100739,2025-01-28,2025-01,CC100 - Hakam Global Coffee,Corporate Park,CC_BAR_01,410000,Gross Beverage & Food Revenue,Revenue,Revenue,605.67,USD
ACD-100740,2025-01-28,2025-01,CC100 - Hakam Global Coffee,Corporate Park,CC_BAR_01,510000,Direct Raw Materials (Beans/Dairy/Syrup),COGS,Direct Materials,141.32,USD
ACD-100741,2025-01-28,2025-01,CC100 - Hakam Global Coffee,Corporate Park,CC_BAR_01,520000,Direct Barista Labor & Payroll,COGS,Direct Labor,103.03,USD
ACD-100742,2025-01-28,2025-01,CC100 - Hakam Global Coffee,Corporate Park,CC_BAR_01,530000,Packaging & Sustainable Cups,COGS,Packaging,34.62,USD
ACD-100743,2025-01-28,2025-01,CC100 - Hakam Global Coffee,Corporate Park,CC_FAC_02,610000,Store Rent & Facility Lease,OPEX,Rent,59.34,USD
ACD-100744,2025-01-28,2025-01,CC100 - Hakam Global Coffee,Corporate Park,CC_FAC_02,620000,Utilities (Power/Water/Gas),OPEX,Utilities,30.27,USD
ACD-100745,2025-01-28,2025-01,CC100 - Hakam Global Coffee,Corporate Park,CC_MKT_03,640000,Digital Marketing & Channel Promo,OPEX,Marketing,18.11,USD
ACD-100746,2025-01-28,2025-01,CC100 - Hakam Global Coffee,Corporate Park,CC_ADM_04,650000,Admin & IT Support Overhead,OPEX,Admin,22.37,USD
ACD-100747,2025-01-28,2025-01,CC100 - Hakam Global Coffee,Corporate Park,CC_FAC_02,630000,Equipment Depreciation (Espresso/Grinders),Depreciation,Depreciation,26.61,USD
ACD-100748,2025-01-28,2025-01,CC100 - Hakam Global Coffee,University,CC_BAR_01,410000,Gross Beverage & Food Revenue,Revenue,Revenue,555.06,USD
ACD-100749,2025-01-28,2025-01,CC100 - Hakam Global Coffee,University,CC_BAR_01,510000,Direct Raw Materials (Beans/Dairy/Syrup),COGS,Direct Materials,132.21,USD
ACD-100750,2025-01-28,2025-01,CC100 - Hakam Global Coffee,University,CC_BAR_01,520000,Direct Barista Labor & Payroll,COGS,Direct Labor,88.5,USD
ACD-100751,2025-01-28,2025-01,CC100 - Hakam Global Coffee,University,CC_BAR_01,530000,Packaging & Sustainable Cups,COGS,Packaging,25.79,USD
ACD-100752,2025-01-28,2025-01,CC100 - Hakam Global Coffee,University,CC_FAC_02,610000,Store Rent & Facility Lease,OPEX,Rent,61.18,USD
ACD-100753,2025-01-28,2025-01,CC100 - Hakam Global Coffee,University,CC_FAC_02,620000,Utilities (Power/Water/Gas),OPEX,Utilities,21.71,USD
ACD-100754,2025-01-28,2025-01,CC100 - Hakam Global Coffee,University,CC_MKT_03,640000,Digital Marketing & Channel Promo,OPEX,Marketing,17.76,USD
ACD-100755,2025-01-28,2025-01,CC100 - Hakam Global Coffee,University,CC_ADM_04,650000,Admin & IT Support Overhead,OPEX,Admin,18.89,USD
ACD-100756,2025-01-28,2025-01,CC100 - Hakam Global Coffee,University,CC_FAC_02,630000,Equipment Depreciation (Espresso/Grinders),Depreciation,Depreciation,20.5,USD
ACD-100757,2025-01-29,2025-01,CC100 - Hakam Global Coffee,Downtown,CC_BAR_01,410000,Gross Beverage & Food Revenue,Revenue,Revenue,785.89,USD
ACD-100758,2025-01-29,2025-01,CC100 - Hakam Global Coffee,Downtown,CC_BAR_01,510000,Direct Raw Materials (Beans/Dairy/Syrup),COGS,Direct Materials,185.89,USD
ACD-100759,2025-01-29,2025-01,CC100 - Hakam Global Coffee,Downtown,CC_BAR_01,520000,Direct Barista Labor & Payroll,COGS,Direct Labor,122.31,USD
ACD-100760,2025-01-29,2025-01,CC100 - Hakam Global Coffee,Downtown,CC_BAR_01,530000,Packaging & Sustainable Cups,COGS,Packaging,37.12,USD
ACD-100761,2025-01-29,2025-01,CC100 - Hakam Global Coffee,Downtown,CC_FAC_02,610000,Store Rent & Facility Lease,OPEX,Rent,81.17,USD
ACD-100762,2025-01-29,2025-01,CC100 - Hakam Global Coffee,Downtown,CC_FAC_02,620000,Utilities (Power/Water/Gas),OPEX,Utilities,34.43,USD
ACD-100763,2025-01-29,2025-01,CC100 - Hakam Global Coffee,Downtown,CC_MKT_03,640000,Digital Marketing & Channel Promo,OPEX,Marketing,29.54,USD
ACD-100764,2025-01-29,2025-01,CC100 - Hakam Global Coffee,Downtown,CC_ADM_04,650000,Admin & IT Support Overhead,OPEX,Admin,16.25,USD
ACD-100765,2025-01-29,2025-01,CC100 - Hakam Global Coffee,Downtown,CC_FAC_02,630000,Equipment Depreciation (Espresso/Grinders),Depreciation,Depreciation,27.66,USD
ACD-100766,2025-01-29,2025-01,CC100 - Hakam Global Coffee,Corporate Park,CC_BAR_01,410000,Gross Beverage & Food Revenue,Revenue,Revenue,795.67,USD
ACD-100767,2025-01-29,2025-01,CC100 - Hakam Global Coffee,Corporate Park,CC_BAR_01,510000,Direct Raw Materials (Beans/Dairy/Syrup),COGS,Direct Materials,188.99,USD
ACD-100768,2025-01-29,2025-01,CC100 - Hakam Global Coffee,Corporate Park,CC_BAR_01,520000,Direct Barista Labor & Payroll,COGS,Direct Labor,136.02,USD
ACD-100769,2025-01-29,2025-01,CC100 - Hakam Global Coffee,Corporate Park,CC_BAR_01,530000,Packaging & Sustainable Cups,COGS,Packaging,33.76,USD
ACD-100770,2025-01-29,2025-01,CC100 - Hakam Global Coffee,Corporate Park,CC_FAC_02,610000,Store Rent & Facility Lease,OPEX,Rent,74.13,USD
ACD-100771,2025-01-29,2025-01,CC100 - Hakam Global Coffee,Corporate Park,CC_FAC_02,620000,Utilities (Power/Water/Gas),OPEX,Utilities,29.1,USD
ACD-100772,2025-01-29,2025-01,CC100 - Hakam Global Coffee,Corporate Park,CC_MKT_03,640000,Digital Marketing & Channel Promo,OPEX,Marketing,17.38,USD
ACD-100773,2025-01-29,2025-01,CC100 - Hakam Global Coffee,Corporate Park,CC_ADM_04,650000,Admin & IT Support Overhead,OPEX,Admin,13.32,USD
ACD-100774,2025-01-29,2025-01,CC100 - Hakam Global Coffee,Corporate Park,CC_FAC_02,630000,Equipment Depreciation (Espresso/Grinders),Depreciation,Depreciation,23.58,USD
ACD-100775,2025-01-29,2025-01,CC100 - Hakam Global Coffee,University,CC_BAR_01,410000,Gross Beverage & Food Revenue,Revenue,Revenue,555.65,USD
ACD-100776,2025-01-29,2025-01,CC100 - Hakam Global Coffee,University,CC_BAR_01,510000,Direct Raw Materials (Beans/Dairy/Syrup),COGS,Direct Materials,124.31,USD
ACD-100777,2025-01-29,2025-01,CC100 - Hakam Global Coffee,University,CC_BAR_01,520000,Direct Barista Labor & Payroll,COGS,Direct Labor,99.89,USD
ACD-100778,2025-01-29,2025-01,CC100 - Hakam Global Coffee,University,CC_BAR_01,530000,Packaging & Sustainable Cups,COGS,Packaging,32.37,USD
ACD-100779,2025-01-29,2025-01,CC100 - Hakam Global Coffee,University,CC_FAC_02,610000,Store Rent & Facility Lease,OPEX,Rent,51.52,USD
ACD-100780,2025-01-29,2025-01,CC100 - Hakam Global Coffee,University,CC_FAC_02,620000,Utilities (Power/Water/Gas),OPEX,Utilities,18.44,USD
ACD-100781,2025-01-29,2025-01,CC100 - Hakam Global Coffee,University,CC_MKT_03,640000,Digital Marketing & Channel Promo,OPEX,Marketing,21.68,USD
ACD-100782,2025-01-29,2025-01,CC100 - Hakam Global Coffee,University,CC_ADM_04,650000,Admin & IT Support Overhead,OPEX,Admin,14.23,USD
ACD-100783,2025-01-29,2025-01,CC100 - Hakam Global Coffee,University,CC_FAC_02,630000,Equipment Depreciation (Espresso/Grinders),Depreciation,Depreciation,21.06,USD
ACD-100784,2025-01-30,2025-01,CC100 - Hakam Global Coffee,Downtown,CC_BAR_01,410000,Gross Beverage & Food Revenue,Revenue,Revenue,772.91,USD
ACD-100785,2025-01-30,2025-01,CC100 - Hakam Global Coffee,Downtown,CC_BAR_01,510000,Direct Raw Materials (Beans/Dairy/Syrup),COGS,Direct Materials,178.49,USD
ACD-100786,2025-01-30,2025-01,CC100 - Hakam Global Coffee,Downtown,CC_BAR_01,520000,Direct Barista Labor & Payroll,COGS,Direct Labor,135.29,USD
ACD-100787,2025-01-30,2025-01,CC100 - Hakam Global Coffee,Downtown,CC_BAR_01,530000,Packaging & Sustainable Cups,COGS,Packaging,46.07,USD
ACD-100788,2025-01-30,2025-01,CC100 - Hakam Global Coffee,Downtown,CC_FAC_02,610000,Store Rent & Facility Lease,OPEX,Rent,67.33,USD
ACD-100789,2025-01-30,2025-01,CC100 - Hakam Global Coffee,Downtown,CC_FAC_02,620000,Utilities (Power/Water/Gas),OPEX,Utilities,33.23,USD
ACD-100790,2025-01-30,2025-01,CC100 - Hakam Global Coffee,Downtown,CC_MKT_03,640000,Digital Marketing & Channel Promo,OPEX,Marketing,22.93,USD
ACD-100791,2025-01-30,2025-01,CC100 - Hakam Global Coffee,Downtown,CC_ADM_04,650000,Admin & IT Support Overhead,OPEX,Admin,25.95,USD
ACD-100792,2025-01-30,2025-01,CC100 - Hakam Global Coffee,Downtown,CC_FAC_02,630000,Equipment Depreciation (Espresso/Grinders),Depreciation,Depreciation,27.11,USD
ACD-100793,2025-01-30,2025-01,CC100 - Hakam Global Coffee,Corporate Park,CC_BAR_01,410000,Gross Beverage & Food Revenue,Revenue,Revenue,779.82,USD
ACD-100794,2025-01-30,2025-01,CC100 - Hakam Global Coffee,Corporate Park,CC_BAR_01,510000,Direct Raw Materials (Beans/Dairy/Syrup),COGS,Direct Materials,198.51,USD
ACD-100795,2025-01-30,2025-01,CC100 - Hakam Global Coffee,Corporate Park,CC_BAR_01,520000,Direct Barista Labor & Payroll,COGS,Direct Labor,123.44,USD
ACD-100796,2025-01-30,2025-01,CC100 - Hakam Global Coffee,Corporate Park,CC_BAR_01,530000,Packaging & Sustainable Cups,COGS,Packaging,43.51,USD
ACD-100797,2025-01-30,2025-01,CC100 - Hakam Global Coffee,Corporate Park,CC_FAC_02,610000,Store Rent & Facility Lease,OPEX,Rent,61.29,USD
ACD-100798,2025-01-30,2025-01,CC100 - Hakam Global Coffee,Corporate Park,CC_FAC_02,620000,Utilities (Power/Water/Gas),OPEX,Utilities,33.59,USD
ACD-100799,2025-01-30,2025-01,CC100 - Hakam Global Coffee,Corporate Park,CC_MKT_03,640000,Digital Marketing & Channel Promo,OPEX,Marketing,21.39,USD
ACD-100800,2025-01-30,2025-01,CC100 - Hakam Global Coffee,Corporate Park,CC_ADM_04,650000,Admin & IT Support Overhead,OPEX,Admin,20.94,USD
ACD-100801,2025-01-30,2025-01,CC100 - Hakam Global Coffee,Corporate Park,CC_FAC_02,630000,Equipment Depreciation (Espresso/Grinders),Depreciation,Depreciation,20.5,USD
ACD-100802,2025-01-30,2025-01,CC100 - Hakam Global Coffee,University,CC_BAR_01,410000,Gross Beverage & Food Revenue,Revenue,Revenue,486.96,USD
ACD-100803,2025-01-30,2025-01,CC100 - Hakam Global Coffee,University,CC_BAR_01,510000,Direct Raw Materials (Beans/Dairy/Syrup),COGS,Direct Materials,118.56,USD
ACD-100804,2025-01-30,2025-01,CC100 - Hakam Global Coffee,University,CC_BAR_01,520000,Direct Barista Labor & Payroll,COGS,Direct Labor,87.64,USD
ACD-100805,2025-01-30,2025-01,CC100 - Hakam Global Coffee,University,CC_BAR_01,530000,Packaging & Sustainable Cups,COGS,Packaging,24.25,USD
ACD-100806,2025-01-30,2025-01,CC100 - Hakam Global Coffee,University,CC_FAC_02,610000,Store Rent & Facility Lease,OPEX,Rent,45.57,USD
ACD-100807,2025-01-30,2025-01,CC100 - Hakam Global Coffee,University,CC_FAC_02,620000,Utilities (Power/Water/Gas),OPEX,Utilities,23.24,USD
ACD-100808,2025-01-30,2025-01,CC100 - Hakam Global Coffee,University,CC_MKT_03,640000,Digital Marketing & Channel Promo,OPEX,Marketing,15.66,USD
ACD-100809,2025-01-30,2025-01,CC100 - Hakam Global Coffee,University,CC_ADM_04,650000,Admin & IT Support Overhead,OPEX,Admin,14.74,USD
ACD-100810,2025-01-30,2025-01,CC100 - Hakam Global Coffee,University,CC_FAC_02,630000,Equipment Depreciation (Espresso/Grinders),Depreciation,Depreciation,19.41,USD
ACD-100811,2025-01-31,2025-01,CC100 - Hakam Global Coffee,Downtown,CC_BAR_01,410000,Gross Beverage & Food Revenue,Revenue,Revenue,989.89,USD
ACD-100812,2025-01-31,2025-01,CC100 - Hakam Global Coffee,Downtown,CC_BAR_01,510000,Direct Raw Materials (Beans/Dairy/Syrup),COGS,Direct Materials,230.52,USD
ACD-100813,2025-01-31,2025-01,CC100 - Hakam Global Coffee,Downtown,CC_BAR_01,520000,Direct Barista Labor & Payroll,COGS,Direct Labor,154.09,USD
ACD-100814,2025-01-31,2025-01,CC100 - Hakam Global Coffee,Downtown,CC_BAR_01,530000,Packaging & Sustainable Cups,COGS,Packaging,53.4,USD
ACD-100815,2025-01-31,2025-01,CC100 - Hakam Global Coffee,Downtown,CC_FAC_02,610000,Store Rent & Facility Lease,OPEX,Rent,76.19,USD
ACD-100816,2025-01-31,2025-01,CC100 - Hakam Global Coffee,Downtown,CC_FAC_02,620000,Utilities (Power/Water/Gas),OPEX,Utilities,28.08,USD
ACD-100817,2025-01-31,2025-01,CC100 - Hakam Global Coffee,Downtown,CC_MKT_03,640000,Digital Marketing & Channel Promo,OPEX,Marketing,29.81,USD
ACD-100818,2025-01-31,2025-01,CC100 - Hakam Global Coffee,Downtown,CC_ADM_04,650000,Admin & IT Support Overhead,OPEX,Admin,14.09,USD
ACD-100819,2025-01-31,2025-01,CC100 - Hakam Global Coffee,Downtown,CC_FAC_02,630000,Equipment Depreciation (Espresso/Grinders),Depreciation,Depreciation,30.3,USD
ACD-100820,2025-01-31,2025-01,CC100 - Hakam Global Coffee,Corporate Park,CC_BAR_01,410000,Gross Beverage & Food Revenue,Revenue,Revenue,951.0,USD
ACD-100821,2025-01-31,2025-01,CC100 - Hakam Global Coffee,Corporate Park,CC_BAR_01,510000,Direct Raw Materials (Beans/Dairy/Syrup),COGS,Direct Materials,240.09,USD
ACD-100822,2025-01-31,2025-01,CC100 - Hakam Global Coffee,Corporate Park,CC_BAR_01,520000,Direct Barista Labor & Payroll,COGS,Direct Labor,153.66,USD
ACD-100823,2025-01-31,2025-01,CC100 - Hakam Global Coffee,Corporate Park,CC_BAR_01,530000,Packaging & Sustainable Cups,COGS,Packaging,50.66,USD
ACD-100824,2025-01-31,2025-01,CC100 - Hakam Global Coffee,Corporate Park,CC_FAC_02,610000,Store Rent & Facility Lease,OPEX,Rent,70.63,USD
ACD-100825,2025-01-31,2025-01,CC100 - Hakam Global Coffee,Corporate Park,CC_FAC_02,620000,Utilities (Power/Water/Gas),OPEX,Utilities,34.24,USD
ACD-100826,2025-01-31,2025-01,CC100 - Hakam Global Coffee,Corporate Park,CC_MKT_03,640000,Digital Marketing & Channel Promo,OPEX,Marketing,21.21,USD
ACD-100827,2025-01-31,2025-01,CC100 - Hakam Global Coffee,Corporate Park,CC_ADM_04,650000,Admin & IT Support Overhead,OPEX,Admin,11.93,USD
ACD-100828,2025-01-31,2025-01,CC100 - Hakam Global Coffee,Corporate Park,CC_FAC_02,630000,Equipment Depreciation (Espresso/Grinders),Depreciation,Depreciation,23.03,USD
ACD-100829,2025-01-31,2025-01,CC100 - Hakam Global Coffee,University,CC_BAR_01,410000,Gross Beverage & Food Revenue,Revenue,Revenue,744.63,USD
ACD-100830,2025-01-31,2025-01,CC100 - Hakam Global Coffee,University,CC_BAR_01,510000,Direct Raw Materials (Beans/Dairy/Syrup),COGS,Direct Materials,189.72,USD
ACD-100831,2025-01-31,2025-01,CC100 - Hakam Global Coffee,University,CC_BAR_01,520000,Direct Barista Labor & Payroll,COGS,Direct Labor,131.22,USD
ACD-100832,2025-01-31,2025-01,CC100 - Hakam Global Coffee,University,CC_BAR_01,530000,Packaging & Sustainable Cups,COGS,Packaging,36.34,USD
ACD-100833,2025-01-31,2025-01,CC100 - Hakam Global Coffee,University,CC_FAC_02,610000,Store Rent & Facility Lease,OPEX,Rent,52.74,USD
ACD-100834,2025-01-31,2025-01,CC100 - Hakam Global Coffee,University,CC_FAC_02,620000,Utilities (Power/Water/Gas),OPEX,Utilities,22.31,USD
ACD-100835,2025-01-31,2025-01,CC100 - Hakam Global Coffee,University,CC_MKT_03,640000,Digital Marketing & Channel Promo,OPEX,Marketing,20.32,USD
ACD-100836,2025-01-31,2025-01,CC100 - Hakam Global Coffee,University,CC_ADM_04,650000,Admin & IT Support Overhead,OPEX,Admin,13.39,USD
ACD-100837,2025-01-31,2025-01,CC100 - Hakam Global Coffee,University,CC_FAC_02,630000,Equipment Depreciation (Espresso/Grinders),Depreciation,Depreciation,20.47,USD
ACD-100838,2025-02-01,2025-02,CC100 - Hakam Global Coffee,Downtown,CC_BAR_01,410000,Gross Beverage & Food Revenue,Revenue,Revenue,837.52,USD
ACD-100839,2025-02-01,2025-02,CC100 - Hakam Global Coffee,Downtown,CC_BAR_01,510000,Direct Raw Materials (Beans/Dairy/Syrup),COGS,Direct Materials,199.98,USD
ACD-100840,2025-02-01,2025-02,CC100 - Hakam Global Coffee,Downtown,CC_BAR_01,520000,Direct Barista Labor & Payroll,COGS,Direct Labor,149.98,USD
ACD-100841,2025-02-01,2025-02,CC100 - Hakam Global Coffee,Downtown,CC_BAR_01,530000,Packaging & Sustainable Cups,COGS,Packaging,39.17,USD
ACD-100842,2025-02-01,2025-02,CC100 - Hakam Global Coffee,Downtown,CC_FAC_02,610000,Store Rent & Facility Lease,OPEX,Rent,79.45,USD
ACD-100843,2025-02-01,2025-02,CC100 - Hakam Global Coffee,Downtown,CC_FAC_02,620000,Utilities (Power/Water/Gas),OPEX,Utilities,34.83,USD
ACD-100844,2025-02-01,2025-02,CC100 - Hakam Global Coffee,Downtown,CC_MKT_03,640000,Digital Marketing & Channel Promo,OPEX,Marketing,31.15,USD
ACD-100845,2025-02-01,2025-02,CC100 - Hakam Global Coffee,Downtown,CC_ADM_04,650000,Admin & IT Support Overhead,OPEX,Admin,25.01,USD
ACD-100846,2025-02-01,2025-02,CC100 - Hakam Global Coffee,Downtown,CC_FAC_02,630000,Equipment Depreciation (Espresso/Grinders),Depreciation,Depreciation,31.85,USD
ACD-100847,2025-02-01,2025-02,CC100 - Hakam Global Coffee,Corporate Park,CC_BAR_01,410000,Gross Beverage & Food Revenue,Revenue,Revenue,810.75,USD
ACD-100848,2025-02-01,2025-02,CC100 - Hakam Global Coffee,Corporate Park,CC_BAR_01,510000,Direct Raw Materials (Beans/Dairy/Syrup),COGS,Direct Materials,188.63,USD
ACD-100849,2025-02-01,2025-02,CC100 - Hakam Global Coffee,Corporate Park,CC_BAR_01,520000,Direct Barista Labor & Payroll,COGS,Direct Labor,139.09,USD
ACD-100850,2025-02-01,2025-02,CC100 - Hakam Global Coffee,Corporate Park,CC_BAR_01,530000,Packaging & Sustainable Cups,COGS,Packaging,44.74,USD
ACD-100851,2025-02-01,2025-02,CC100 - Hakam Global Coffee,Corporate Park,CC_FAC_02,610000,Store Rent & Facility Lease,OPEX,Rent,71.81,USD
ACD-100852,2025-02-01,2025-02,CC100 - Hakam Global Coffee,Corporate Park,CC_FAC_02,620000,Utilities (Power/Water/Gas),OPEX,Utilities,21.2,USD
ACD-100853,2025-02-01,2025-02,CC100 - Hakam Global Coffee,Corporate Park,CC_MKT_03,640000,Digital Marketing & Channel Promo,OPEX,Marketing,14.82,USD
ACD-100854,2025-02-01,2025-02,CC100 - Hakam Global Coffee,Corporate Park,CC_ADM_04,650000,Admin & IT Support Overhead,OPEX,Admin,18.76,USD
ACD-100855,2025-02-01,2025-02,CC100 - Hakam Global Coffee,Corporate Park,CC_FAC_02,630000,Equipment Depreciation (Espresso/Grinders),Depreciation,Depreciation,27.84,USD
ACD-100856,2025-02-01,2025-02,CC100 - Hakam Global Coffee,University,CC_BAR_01,410000,Gross Beverage & Food Revenue,Revenue,Revenue,889.71,USD
ACD-100857,2025-02-01,2025-02,CC100 - Hakam Global Coffee,University,CC_BAR_01,510000,Direct Raw Materials (Beans/Dairy/Syrup),COGS,Direct Materials,222.31,USD
ACD-100858,2025-02-01,2025-02,CC100 - Hakam Global Coffee,University,CC_BAR_01,520000,Direct Barista Labor & Payroll,COGS,Direct Labor,145.04,USD
ACD-100859,2025-02-01,2025-02,CC100 - Hakam Global Coffee,University,CC_BAR_01,530000,Packaging & Sustainable Cups,COGS,Packaging,37.34,USD
ACD-100860,2025-02-01,2025-02,CC100 - Hakam Global Coffee,University,CC_FAC_02,610000,Store Rent & Facility Lease,OPEX,Rent,54.79,USD
ACD-100861,2025-02-01,2025-02,CC100 - Hakam Global Coffee,University,CC_FAC_02,620000,Utilities (Power/Water/Gas),OPEX,Utilities,27.05,USD
ACD-100862,2025-02-01,2025-02,CC100 - Hakam Global Coffee,University,CC_MKT_03,640000,Digital Marketing & Channel Promo,OPEX,Marketing,16.88,USD
ACD-100863,2025-02-01,2025-02,CC100 - Hakam Global Coffee,University,CC_ADM_04,650000,Admin & IT Support Overhead,OPEX,Admin,16.09,USD
ACD-100864,2025-02-01,2025-02,CC100 - Hakam Global Coffee,University,CC_FAC_02,630000,Equipment Depreciation (Espresso/Grinders),Depreciation,Depreciation,22.83,USD
ACD-100865,2025-02-02,2025-02,CC100 - Hakam Global Coffee,Downtown,CC_BAR_01,410000,Gross Beverage & Food Revenue,Revenue,Revenue,782.66,USD
ACD-100866,2025-02-02,2025-02,CC100 - Hakam Global Coffee,Downtown,CC_BAR_01,510000,Direct Raw Materials (Beans/Dairy/Syrup),COGS,Direct Materials,197.11,USD
ACD-100867,2025-02-02,2025-02,CC100 - Hakam Global Coffee,Downtown,CC_BAR_01,520000,Direct Barista Labor & Payroll,COGS,Direct Labor,124.29,USD
ACD-100868,2025-02-02,2025-02,CC100 - Hakam Global Coffee,Downtown,CC_BAR_01,530000,Packaging & Sustainable Cups,COGS,Packaging,37.17,USD
ACD-100869,2025-02-02,2025-02,CC100 - Hakam Global Coffee,Downtown,CC_FAC_02,610000,Store Rent & Facility Lease,OPEX,Rent,64.68,USD
ACD-100870,2025-02-02,2025-02,CC100 - Hakam Global Coffee,Downtown,CC_FAC_02,620000,Utilities (Power/Water/Gas),OPEX,Utilities,32.9,USD
ACD-100871,2025-02-02,2025-02,CC100 - Hakam Global Coffee,Downtown,CC_MKT_03,640000,Digital Marketing & Channel Promo,OPEX,Marketing,26.13,USD
ACD-100872,2025-02-02,2025-02,CC100 - Hakam Global Coffee,Downtown,CC_ADM_04,650000,Admin & IT Support Overhead,OPEX,Admin,24.2,USD
ACD-100873,2025-02-02,2025-02,CC100 - Hakam Global Coffee,Downtown,CC_FAC_02,630000,Equipment Depreciation (Espresso/Grinders),Depreciation,Depreciation,22.54,USD
ACD-100874,2025-02-02,2025-02,CC100 - Hakam Global Coffee,Corporate Park,CC_BAR_01,410000,Gross Beverage & Food Revenue,Revenue,Revenue,680.93,USD
ACD-100875,2025-02-02,2025-02,CC100 - Hakam Global Coffee,Corporate Park,CC_BAR_01,510000,Direct Raw Materials (Beans/Dairy/Syrup),COGS,Direct Materials,173.52,USD
ACD-100876,2025-02-02,2025-02,CC100 - Hakam Global Coffee,Corporate Park,CC_BAR_01,520000,Direct Barista Labor & Payroll,COGS,Direct Labor,114.8,USD
ACD-100877,2025-02-02,2025-02,CC100 - Hakam Global Coffee,Corporate Park,CC_BAR_01,530000,Packaging & Sustainable Cups,COGS,Packaging,30.52,USD
ACD-100878,2025-02-02,2025-02,CC100 - Hakam Global Coffee,Corporate Park,CC_FAC_02,610000,Store Rent & Facility Lease,OPEX,Rent,72.75,USD
ACD-100879,2025-02-02,2025-02,CC100 - Hakam Global Coffee,Corporate Park,CC_FAC_02,620000,Utilities (Power/Water/Gas),OPEX,Utilities,22.68,USD
ACD-100880,2025-02-02,2025-02,CC100 - Hakam Global Coffee,Corporate Park,CC_MKT_03,640000,Digital Marketing & Channel Promo,OPEX,Marketing,20.69,USD
ACD-100881,2025-02-02,2025-02,CC100 - Hakam Global Coffee,Corporate Park,CC_ADM_04,650000,Admin & IT Support Overhead,OPEX,Admin,14.42,USD
ACD-100882,2025-02-02,2025-02,CC100 - Hakam Global Coffee,Corporate Park,CC_FAC_02,630000,Equipment Depreciation (Espresso/Grinders),Depreciation,Depreciation,20.19,USD
ACD-100883,2025-02-02,2025-02,CC100 - Hakam Global Coffee,University,CC_BAR_01,410000,Gross Beverage & Food Revenue,Revenue,Revenue,537.72,USD
ACD-100884,2025-02-02,2025-02,CC100 - Hakam Global Coffee,University,CC_BAR_01,510000,Direct Raw Materials (Beans/Dairy/Syrup),COGS,Direct Materials,135.61,USD
ACD-100885,2025-02-02,2025-02,CC100 - Hakam Global Coffee,University,CC_BAR_01,520000,Direct Barista Labor & Payroll,COGS,Direct Labor,95.2,USD
ACD-100886,2025-02-02,2025-02,CC100 - Hakam Global Coffee,University,CC_BAR_01,530000,Packaging & Sustainable Cups,COGS,Packaging,28.8,USD
ACD-100887,2025-02-02,2025-02,CC100 - Hakam Global Coffee,University,CC_FAC_02,610000,Store Rent & Facility Lease,OPEX,Rent,45.75,USD
ACD-100888,2025-02-02,2025-02,CC100 - Hakam Global Coffee,University,CC_FAC_02,620000,Utilities (Power/Water/Gas),OPEX,Utilities,22.14,USD
ACD-100889,2025-02-02,2025-02,CC100 - Hakam Global Coffee,University,CC_MKT_03,640000,Digital Marketing & Channel Promo,OPEX,Marketing,15.67,USD
ACD-100890,2025-02-02,2025-02,CC100 - Hakam Global Coffee,University,CC_ADM_04,650000,Admin & IT Support Overhead,OPEX,Admin,15.08,USD
ACD-100891,2025-02-02,2025-02,CC100 - Hakam Global Coffee,University,CC_FAC_02,630000,Equipment Depreciation (Espresso/Grinders),Depreciation,Depreciation,20.32,USD
ACD-100892,2025-02-03,2025-02,CC100 - Hakam Global Coffee,Downtown,CC_BAR_01,410000,Gross Beverage & Food Revenue,Revenue,Revenue,740.38,USD
ACD-100893,2025-02-03,2025-02,CC100 - Hakam Global Coffee,Downtown,CC_BAR_01,510000,Direct Raw Materials (Beans/Dairy/Syrup),COGS,Direct Materials,170.29,USD
ACD-100894,2025-02-03,2025-02,CC100 - Hakam Global Coffee,Downtown,CC_BAR_01,520000,Direct Barista Labor & Payroll,COGS,Direct Labor,129.83,USD
ACD-100895,2025-02-03,2025-02,CC100 - Hakam Global Coffee,Downtown,CC_BAR_01,530000,Packaging & Sustainable Cups,COGS,Packaging,32.57,USD
ACD-100896,2025-02-03,2025-02,CC100 - Hakam Global Coffee,Downtown,CC_FAC_02,610000,Store Rent & Facility Lease,OPEX,Rent,71.14,USD
ACD-100897,2025-02-03,2025-02,CC100 - Hakam Global Coffee,Downtown,CC_FAC_02,620000,Utilities (Power/Water/Gas),OPEX,Utilities,32.13,USD
ACD-100898,2025-02-03,2025-02,CC100 - Hakam Global Coffee,Downtown,CC_MKT_03,640000,Digital Marketing & Channel Promo,OPEX,Marketing,20.36,USD
ACD-100899,2025-02-03,2025-02,CC100 - Hakam Global Coffee,Downtown,CC_ADM_04,650000,Admin & IT Support Overhead,OPEX,Admin,21.22,USD
ACD-100900,2025-02-03,2025-02,CC100 - Hakam Global Coffee,Downtown,CC_FAC_02,630000,Equipment Depreciation (Espresso/Grinders),Depreciation,Depreciation,28.01,USD
ACD-100901,2025-02-03,2025-02,CC100 - Hakam Global Coffee,Corporate Park,CC_BAR_01,410000,Gross Beverage & Food Revenue,Revenue,Revenue,816.98,USD
ACD-100902,2025-02-03,2025-02,CC100 - Hakam Global Coffee,Corporate Park,CC_BAR_01,510000,Direct Raw Materials (Beans/Dairy/Syrup),COGS,Direct Materials,189.38,USD
ACD-100903,2025-02-03,2025-02,CC100 - Hakam Global Coffee,Corporate Park,CC_BAR_01,520000,Direct Barista Labor & Payroll,COGS,Direct Labor,146.52,USD
ACD-100904,2025-02-03,2025-02,CC100 - Hakam Global Coffee,Corporate Park,CC_BAR_01,530000,Packaging & Sustainable Cups,COGS,Packaging,43.43,USD
ACD-100905,2025-02-03,2025-02,CC100 - Hakam Global Coffee,Corporate Park,CC_FAC_02,610000,Store Rent & Facility Lease,OPEX,Rent,58.06,USD
ACD-100906,2025-02-03,2025-02,CC100 - Hakam Global Coffee,Corporate Park,CC_FAC_02,620000,Utilities (Power/Water/Gas),OPEX,Utilities,28.51,USD
ACD-100907,2025-02-03,2025-02,CC100 - Hakam Global Coffee,Corporate Park,CC_MKT_03,640000,Digital Marketing & Channel Promo,OPEX,Marketing,24.05,USD
ACD-100908,2025-02-03,2025-02,CC100 - Hakam Global Coffee,Corporate Park,CC_ADM_04,650000,Admin & IT Support Overhead,OPEX,Admin,20.06,USD
ACD-100909,2025-02-03,2025-02,CC100 - Hakam Global Coffee,Corporate Park,CC_FAC_02,630000,Equipment Depreciation (Espresso/Grinders),Depreciation,Depreciation,17.81,USD
ACD-100910,2025-02-03,2025-02,CC100 - Hakam Global Coffee,University,CC_BAR_01,410000,Gross Beverage & Food Revenue,Revenue,Revenue,570.31,USD
ACD-100911,2025-02-03,2025-02,CC100 - Hakam Global Coffee,University,CC_BAR_01,510000,Direct Raw Materials (Beans/Dairy/Syrup),COGS,Direct Materials,136.8,USD
ACD-100912,2025-02-03,2025-02,CC100 - Hakam Global Coffee,University,CC_BAR_01,520000,Direct Barista Labor & Payroll,COGS,Direct Labor,101.02,USD
ACD-100913,2025-02-03,2025-02,CC100 - Hakam Global Coffee,University,CC_BAR_01,530000,Packaging & Sustainable Cups,COGS,Packaging,26.08,USD
ACD-100914,2025-02-03,2025-02,CC100 - Hakam Global Coffee,University,CC_FAC_02,610000,Store Rent & Facility Lease,OPEX,Rent,57.93,USD
ACD-100915,2025-02-03,2025-02,CC100 - Hakam Global Coffee,University,CC_FAC_02,620000,Utilities (Power/Water/Gas),OPEX,Utilities,24.02,USD
ACD-100916,2025-02-03,2025-02,CC100 - Hakam Global Coffee,University,CC_MKT_03,640000,Digital Marketing & Channel Promo,OPEX,Marketing,15.75,USD
ACD-100917,2025-02-03,2025-02,CC100 - Hakam Global Coffee,University,CC_ADM_04,650000,Admin & IT Support Overhead,OPEX,Admin,15.55,USD
ACD-100918,2025-02-03,2025-02,CC100 - Hakam Global Coffee,University,CC_FAC_02,630000,Equipment Depreciation (Espresso/Grinders),Depreciation,Depreciation,20.15,USD
ACD-100919,2025-02-04,2025-02,CC100 - Hakam Global Coffee,Downtown,CC_BAR_01,410000,Gross Beverage & Food Revenue,Revenue,Revenue,837.89,USD
ACD-100920,2025-02-04,2025-02,CC100 - Hakam Global Coffee,Downtown,CC_BAR_01,510000,Direct Raw Materials (Beans/Dairy/Syrup),COGS,Direct Materials,208.5,USD
ACD-100921,2025-02-04,2025-02,CC100 - Hakam Global Coffee,Downtown,CC_BAR_01,520000,Direct Barista Labor & Payroll,COGS,Direct Labor,142.25,USD
ACD-100922,2025-02-04,2025-02,CC100 - Hakam Global Coffee,Downtown,CC_BAR_01,530000,Packaging & Sustainable Cups,COGS,Packaging,47.56,USD
ACD-100923,2025-02-04,2025-02,CC100 - Hakam Global Coffee,Downtown,CC_FAC_02,610000,Store Rent & Facility Lease,OPEX,Rent,77.71,USD
ACD-100924,2025-02-04,2025-02,CC100 - Hakam Global Coffee,Downtown,CC_FAC_02,620000,Utilities (Power/Water/Gas),OPEX,Utilities,38.94,USD
ACD-100925,2025-02-04,2025-02,CC100 - Hakam Global Coffee,Downtown,CC_MKT_03,640000,Digital Marketing & Channel Promo,OPEX,Marketing,27.54,USD
ACD-100926,2025-02-04,2025-02,CC100 - Hakam Global Coffee,Downtown,CC_ADM_04,650000,Admin & IT Support Overhead,OPEX,Admin,17.67,USD
ACD-100927,2025-02-04,2025-02,CC100 - Hakam Global Coffee,Downtown,CC_FAC_02,630000,Equipment Depreciation (Espresso/Grinders),Depreciation,Depreciation,26.2,USD
ACD-100928,2025-02-04,2025-02,CC100 - Hakam Global Coffee,Corporate Park,CC_BAR_01,410000,Gross Beverage & Food Revenue,Revenue,Revenue,681.58,USD
ACD-100929,2025-02-04,2025-02,CC100 - Hakam Global Coffee,Corporate Park,CC_BAR_01,510000,Direct Raw Materials (Beans/Dairy/Syrup),COGS,Direct Materials,169.91,USD
ACD-100930,2025-02-04,2025-02,CC100 - Hakam Global Coffee,Corporate Park,CC_BAR_01,520000,Direct Barista Labor & Payroll,COGS,Direct Labor,104.08,USD
ACD-100931,2025-02-04,2025-02,CC100 - Hakam Global Coffee,Corporate Park,CC_BAR_01,530000,Packaging & Sustainable Cups,COGS,Packaging,31.29,USD
ACD-100932,2025-02-04,2025-02,CC100 - Hakam Global Coffee,Corporate Park,CC_FAC_02,610000,Store Rent & Facility Lease,OPEX,Rent,68.94,USD
ACD-100933,2025-02-04,2025-02,CC100 - Hakam Global Coffee,Corporate Park,CC_FAC_02,620000,Utilities (Power/Water/Gas),OPEX,Utilities,23.12,USD
ACD-100934,2025-02-04,2025-02,CC100 - Hakam Global Coffee,Corporate Park,CC_MKT_03,640000,Digital Marketing & Channel Promo,OPEX,Marketing,15.78,USD
ACD-100935,2025-02-04,2025-02,CC100 - Hakam Global Coffee,Corporate Park,CC_ADM_04,650000,Admin & IT Support Overhead,OPEX,Admin,17.7,USD
ACD-100936,2025-02-04,2025-02,CC100 - Hakam Global Coffee,Corporate Park,CC_FAC_02,630000,Equipment Depreciation (Espresso/Grinders),Depreciation,Depreciation,28.42,USD
ACD-100937,2025-02-04,2025-02,CC100 - Hakam Global Coffee,University,CC_BAR_01,410000,Gross Beverage & Food Revenue,Revenue,Revenue,549.85,USD
ACD-100938,2025-02-04,2025-02,CC100 - Hakam Global Coffee,University,CC_BAR_01,510000,Direct Raw Materials (Beans/Dairy/Syrup),COGS,Direct Materials,141.06,USD
ACD-100939,2025-02-04,2025-02,CC100 - Hakam Global Coffee,University,CC_BAR_01,520000,Direct Barista Labor & Payroll,COGS,Direct Labor,96.18,USD
ACD-100940,2025-02-04,2025-02,CC100 - Hakam Global Coffee,University,CC_BAR_01,530000,Packaging & Sustainable Cups,COGS,Packaging,24.82,USD
ACD-100941,2025-02-04,2025-02,CC100 - Hakam Global Coffee,University,CC_FAC_02,610000,Store Rent & Facility Lease,OPEX,Rent,58.42,USD
ACD-100942,2025-02-04,2025-02,CC100 - Hakam Global Coffee,University,CC_FAC_02,620000,Utilities (Power/Water/Gas),OPEX,Utilities,22.59,USD
ACD-100943,2025-02-04,2025-02,CC100 - Hakam Global Coffee,University,CC_MKT_03,640000,Digital Marketing & Channel Promo,OPEX,Marketing,21.36,USD
ACD-100944,2025-02-04,2025-02,CC100 - Hakam Global Coffee,University,CC_ADM_04,650000,Admin & IT Support Overhead,OPEX,Admin,16.59,USD
ACD-100945,2025-02-04,2025-02,CC100 - Hakam Global Coffee,University,CC_FAC_02,630000,Equipment Depreciation (Espresso/Grinders),Depreciation,Depreciation,17.47,USD
ACD-100946,2025-02-05,2025-02,CC100 - Hakam Global Coffee,Downtown,CC_BAR_01,410000,Gross Beverage & Food Revenue,Revenue,Revenue,621.44,USD
ACD-100947,2025-02-05,2025-02,CC100 - Hakam Global Coffee,Downtown,CC_BAR_01,510000,Direct Raw Materials (Beans/Dairy/Syrup),COGS,Direct Materials,160.65,USD
ACD-100948,2025-02-05,2025-02,CC100 - Hakam Global Coffee,Downtown,CC_BAR_01,520000,Direct Barista Labor & Payroll,COGS,Direct Labor,95.84,USD
ACD-100949,2025-02-05,2025-02,CC100 - Hakam Global Coffee,Downtown,CC_BAR_01,530000,Packaging & Sustainable Cups,COGS,Packaging,36.87,USD
ACD-100950,2025-02-05,2025-02,CC100 - Hakam Global Coffee,Downtown,CC_FAC_02,610000,Store Rent & Facility Lease,OPEX,Rent,83.97,USD
ACD-100951,2025-02-05,2025-02,CC100 - Hakam Global Coffee,Downtown,CC_FAC_02,620000,Utilities (Power/Water/Gas),OPEX,Utilities,36.03,USD
ACD-100952,2025-02-05,2025-02,CC100 - Hakam Global Coffee,Downtown,CC_MKT_03,640000,Digital Marketing & Channel Promo,OPEX,Marketing,33.4,USD
ACD-100953,2025-02-05,2025-02,CC100 - Hakam Global Coffee,Downtown,CC_ADM_04,650000,Admin & IT Support Overhead,OPEX,Admin,26.56,USD
ACD-100954,2025-02-05,2025-02,CC100 - Hakam Global Coffee,Downtown,CC_FAC_02,630000,Equipment Depreciation (Espresso/Grinders),Depreciation,Depreciation,31.11,USD
ACD-100955,2025-02-05,2025-02,CC100 - Hakam Global Coffee,Corporate Park,CC_BAR_01,410000,Gross Beverage & Food Revenue,Revenue,Revenue,611.51,USD
ACD-100956,2025-02-05,2025-02,CC100 - Hakam Global Coffee,Corporate Park,CC_BAR_01,510000,Direct Raw Materials (Beans/Dairy/Syrup),COGS,Direct Materials,153.87,USD
ACD-100957,2025-02-05,2025-02,CC100 - Hakam Global Coffee,Corporate Park,CC_BAR_01,520000,Direct Barista Labor & Payroll,COGS,Direct Labor,91.98,USD
ACD-100958,2025-02-05,2025-02,CC100 - Hakam Global Coffee,Corporate Park,CC_BAR_01,530000,Packaging & Sustainable Cups,COGS,Packaging,31.02,USD
ACD-100959,2025-02-05,2025-02,CC100 - Hakam Global Coffee,Corporate Park,CC_FAC_02,610000,Store Rent & Facility Lease,OPEX,Rent,62.21,USD
ACD-100960,2025-02-05,2025-02,CC100 - Hakam Global Coffee,Corporate Park,CC_FAC_02,620000,Utilities (Power/Water/Gas),OPEX,Utilities,29.99,USD
ACD-100961,2025-02-05,2025-02,CC100 - Hakam Global Coffee,Corporate Park,CC_MKT_03,640000,Digital Marketing & Channel Promo,OPEX,Marketing,23.85,USD
ACD-100962,2025-02-05,2025-02,CC100 - Hakam Global Coffee,Corporate Park,CC_ADM_04,650000,Admin & IT Support Overhead,OPEX,Admin,18.22,USD
ACD-100963,2025-02-05,2025-02,CC100 - Hakam Global Coffee,Corporate Park,CC_FAC_02,630000,Equipment Depreciation (Espresso/Grinders),Depreciation,Depreciation,26.71,USD
ACD-100964,2025-02-05,2025-02,CC100 - Hakam Global Coffee,University,CC_BAR_01,410000,Gross Beverage & Food Revenue,Revenue,Revenue,660.71,USD
ACD-100965,2025-02-05,2025-02,CC100 - Hakam Global Coffee,University,CC_BAR_01,510000,Direct Raw Materials (Beans/Dairy/Syrup),COGS,Direct Materials,148.22,USD
ACD-100966,2025-02-05,2025-02,CC100 - Hakam Global Coffee,University,CC_BAR_01,520000,Direct Barista Labor & Payroll,COGS,Direct Labor,103.74,USD
ACD-100967,2025-02-05,2025-02,CC100 - Hakam Global Coffee,University,CC_BAR_01,530000,Packaging & Sustainable Cups,COGS,Packaging,26.76,USD
ACD-100968,2025-02-05,2025-02,CC100 - Hakam Global Coffee,University,CC_FAC_02,610000,Store Rent & Facility Lease,OPEX,Rent,59.55,USD
ACD-100969,2025-02-05,2025-02,CC100 - Hakam Global Coffee,University,CC_FAC_02,620000,Utilities (Power/Water/Gas),OPEX,Utilities,23.5,USD
ACD-100970,2025-02-05,2025-02,CC100 - Hakam Global Coffee,University,CC_MKT_03,640000,Digital Marketing & Channel Promo,OPEX,Marketing,22.7,USD
ACD-100971,2025-02-05,2025-02,CC100 - Hakam Global Coffee,University,CC_ADM_04,650000,Admin & IT Support Overhead,OPEX,Admin,11.6,USD
ACD-100972,2025-02-05,2025-02,CC100 - Hakam Global Coffee,University,CC_FAC_02,630000,Equipment Depreciation (Espresso/Grinders),Depreciation,Depreciation,14.85,USD
ACD-100973,2025-02-06,2025-02,CC100 - Hakam Global Coffee,Downtown,CC_BAR_01,410000,Gross Beverage & Food Revenue,Revenue,Revenue,894.1,USD
ACD-100974,2025-02-06,2025-02,CC100 - Hakam Global Coffee,Downtown,CC_BAR_01,510000,Direct Raw Materials (Beans/Dairy/Syrup),COGS,Direct Materials,229.23,USD
ACD-100975,2025-02-06,2025-02,CC100 - Hakam Global Coffee,Downtown,CC_BAR_01,520000,Direct Barista Labor & Payroll,COGS,Direct Labor,142.22,USD
ACD-100976,2025-02-06,2025-02,CC100 - Hakam Global Coffee,Downtown,CC_BAR_01,530000,Packaging & Sustainable Cups,COGS,Packaging,43.07,USD
ACD-100977,2025-02-06,2025-02,CC100 - Hakam Global Coffee,Downtown,CC_FAC_02,610000,Store Rent & Facility Lease,OPEX,Rent,64.52,USD
ACD-100978,2025-02-06,2025-02,CC100 - Hakam Global Coffee,Downtown,CC_FAC_02,620000,Utilities (Power/Water/Gas),OPEX,Utilities,39.63,USD
ACD-100979,2025-02-06,2025-02,CC100 - Hakam Global Coffee,Downtown,CC_MKT_03,640000,Digital Marketing & Channel Promo,OPEX,Marketing,21.54,USD
ACD-100980,2025-02-06,2025-02,CC100 - Hakam Global Coffee,Downtown,CC_ADM_04,650000,Admin & IT Support Overhead,OPEX,Admin,20.15,USD
ACD-100981,2025-02-06,2025-02,CC100 - Hakam Global Coffee,Downtown,CC_FAC_02,630000,Equipment Depreciation (Espresso/Grinders),Depreciation,Depreciation,21.56,USD
ACD-100982,2025-02-06,2025-02,CC100 - Hakam Global Coffee,Corporate Park,CC_BAR_01,410000,Gross Beverage & Food Revenue,Revenue,Revenue,782.42,USD
ACD-100983,2025-02-06,2025-02,CC100 - Hakam Global Coffee,Corporate Park,CC_BAR_01,510000,Direct Raw Materials (Beans/Dairy/Syrup),COGS,Direct Materials,176.38,USD
ACD-100984,2025-02-06,2025-02,CC100 - Hakam Global Coffee,Corporate Park,CC_BAR_01,520000,Direct Barista Labor & Payroll,COGS,Direct Labor,128.01,USD
ACD-100985,2025-02-06,2025-02,CC100 - Hakam Global Coffee,Corporate Park,CC_BAR_01,530000,Packaging & Sustainable Cups,COGS,Packaging,41.79,USD
ACD-100986,2025-02-06,2025-02,CC100 - Hakam Global Coffee,Corporate Park,CC_FAC_02,610000,Store Rent & Facility Lease,OPEX,Rent,68.84,USD
ACD-100987,2025-02-06,2025-02,CC100 - Hakam Global Coffee,Corporate Park,CC_FAC_02,620000,Utilities (Power/Water/Gas),OPEX,Utilities,33.75,USD
ACD-100988,2025-02-06,2025-02,CC100 - Hakam Global Coffee,Corporate Park,CC_MKT_03,640000,Digital Marketing & Channel Promo,OPEX,Marketing,20.07,USD
ACD-100989,2025-02-06,2025-02,CC100 - Hakam Global Coffee,Corporate Park,CC_ADM_04,650000,Admin & IT Support Overhead,OPEX,Admin,20.04,USD
ACD-100990,2025-02-06,2025-02,CC100 - Hakam Global Coffee,Corporate Park,CC_FAC_02,630000,Equipment Depreciation (Espresso/Grinders),Depreciation,Depreciation,19.03,USD
ACD-100991,2025-02-06,2025-02,CC100 - Hakam Global Coffee,University,CC_BAR_01,410000,Gross Beverage & Food Revenue,Revenue,Revenue,518.45,USD
ACD-100992,2025-02-06,2025-02,CC100 - Hakam Global Coffee,University,CC_BAR_01,510000,Direct Raw Materials (Beans/Dairy/Syrup),COGS,Direct Materials,116.11,USD
ACD-100993,2025-02-06,2025-02,CC100 - Hakam Global Coffee,University,CC_BAR_01,520000,Direct Barista Labor & Payroll,COGS,Direct Labor,85.38,USD
ACD-100994,2025-02-06,2025-02,CC100 - Hakam Global Coffee,University,CC_BAR_01,530000,Packaging & Sustainable Cups,COGS,Packaging,24.97,USD
ACD-100995,2025-02-06,2025-02,CC100 - Hakam Global Coffee,University,CC_FAC_02,610000,Store Rent & Facility Lease,OPEX,Rent,60.83,USD
ACD-100996,2025-02-06,2025-02,CC100 - Hakam Global Coffee,University,CC_FAC_02,620000,Utilities (Power/Water/Gas),OPEX,Utilities,17.47,USD
ACD-100997,2025-02-06,2025-02,CC100 - Hakam Global Coffee,University,CC_MKT_03,640000,Digital Marketing & Channel Promo,OPEX,Marketing,15.98,USD
ACD-100998,2025-02-06,2025-02,CC100 - Hakam Global Coffee,University,CC_ADM_04,650000,Admin & IT Support Overhead,OPEX,Admin,13.71,USD
ACD-100999,2025-02-06,2025-02,CC100 - Hakam Global Coffee,University,CC_FAC_02,630000,Equipment Depreciation (Espresso/Grinders),Depreciation,Depreciation,23.28,USD
ACD-101000,2025-02-07,2025-02,CC100 - Hakam Global Coffee,Downtown,CC_BAR_01,410000,Gross Beverage & Food Revenue,Revenue,Revenue,1192.45,USD
ACD-101001,2025-02-07,2025-02,CC100 - Hakam Global Coffee,Downtown,CC_BAR_01,510000,Direct Raw Materials (Beans/Dairy/Syrup),COGS,Direct Materials,267.08,USD
ACD-101002,2025-02-07,2025-02,CC100 - Hakam Global Coffee,Downtown,CC_BAR_01,520000,Direct Barista Labor & Payroll,COGS,Direct Labor,203.4,USD
ACD-101003,2025-02-07,2025-02,CC100 - Hakam Global Coffee,Downtown,CC_BAR_01,530000,Packaging & Sustainable Cups,COGS,Packaging,60.68,USD
ACD-101004,2025-02-07,2025-02,CC100 - Hakam Global Coffee,Downtown,CC_FAC_02,610000,Store Rent & Facility Lease,OPEX,Rent,87.15,USD
ACD-101005,2025-02-07,2025-02,CC100 - Hakam Global Coffee,Downtown,CC_FAC_02,620000,Utilities (Power/Water/Gas),OPEX,Utilities,30.11,USD
ACD-101006,2025-02-07,2025-02,CC100 - Hakam Global Coffee,Downtown,CC_MKT_03,640000,Digital Marketing & Channel Promo,OPEX,Marketing,23.19,USD
ACD-101007,2025-02-07,2025-02,CC100 - Hakam Global Coffee,Downtown,CC_ADM_04,650000,Admin & IT Support Overhead,OPEX,Admin,16.06,USD
ACD-101008,2025-02-07,2025-02,CC100 - Hakam Global Coffee,Downtown,CC_FAC_02,630000,Equipment Depreciation (Espresso/Grinders),Depreciation,Depreciation,21.9,USD
ACD-101009,2025-02-07,2025-02,CC100 - Hakam Global Coffee,Corporate Park,CC_BAR_01,410000,Gross Beverage & Food Revenue,Revenue,Revenue,1012.59,USD
ACD-101010,2025-02-07,2025-02,CC100 - Hakam Global Coffee,Corporate Park,CC_BAR_01,510000,Direct Raw Materials (Beans/Dairy/Syrup),COGS,Direct Materials,241.19,USD
ACD-101011,2025-02-07,2025-02,CC100 - Hakam Global Coffee,Corporate Park,CC_BAR_01,520000,Direct Barista Labor & Payroll,COGS,Direct Labor,172.02,USD
ACD-101012,2025-02-07,2025-02,CC100 - Hakam Global Coffee,Corporate Park,CC_BAR_01,530000,Packaging & Sustainable Cups,COGS,Packaging,53.5,USD
ACD-101013,2025-02-07,2025-02,CC100 - Hakam Global Coffee,Corporate Park,CC_FAC_02,610000,Store Rent & Facility Lease,OPEX,Rent,65.48,USD
ACD-101014,2025-02-07,2025-02,CC100 - Hakam Global Coffee,Corporate Park,CC_FAC_02,620000,Utilities (Power/Water/Gas),OPEX,Utilities,20.99,USD
ACD-101015,2025-02-07,2025-02,CC100 - Hakam Global Coffee,Corporate Park,CC_MKT_03,640000,Digital Marketing & Channel Promo,OPEX,Marketing,25.56,USD
ACD-101016,2025-02-07,2025-02,CC100 - Hakam Global Coffee,Corporate Park,CC_ADM_04,650000,Admin & IT Support Overhead,OPEX,Admin,14.3,USD
ACD-101017,2025-02-07,2025-02,CC100 - Hakam Global Coffee,Corporate Park,CC_FAC_02,630000,Equipment Depreciation (Espresso/Grinders),Depreciation,Depreciation,18.7,USD
ACD-101018,2025-02-07,2025-02,CC100 - Hakam Global Coffee,University,CC_BAR_01,410000,Gross Beverage & Food Revenue,Revenue,Revenue,735.51,USD
ACD-101019,2025-02-07,2025-02,CC100 - Hakam Global Coffee,University,CC_BAR_01,510000,Direct Raw Materials (Beans/Dairy/Syrup),COGS,Direct Materials,163.83,USD
ACD-101020,2025-02-07,2025-02,CC100 - Hakam Global Coffee,University,CC_BAR_01,520000,Direct Barista Labor & Payroll,COGS,Direct Labor,127.21,USD
ACD-101021,2025-02-07,2025-02,CC100 - Hakam Global Coffee,University,CC_BAR_01,530000,Packaging & Sustainable Cups,COGS,Packaging,32.47,USD
ACD-101022,2025-02-07,2025-02,CC100 - Hakam Global Coffee,University,CC_FAC_02,610000,Store Rent & Facility Lease,OPEX,Rent,46.85,USD
ACD-101023,2025-02-07,2025-02,CC100 - Hakam Global Coffee,University,CC_FAC_02,620000,Utilities (Power/Water/Gas),OPEX,Utilities,27.01,USD
ACD-101024,2025-02-07,2025-02,CC100 - Hakam Global Coffee,University,CC_MKT_03,640000,Digital Marketing & Channel Promo,OPEX,Marketing,15.46,USD
ACD-101025,2025-02-07,2025-02,CC100 - Hakam Global Coffee,University,CC_ADM_04,650000,Admin & IT Support Overhead,OPEX,Admin,10.9,USD
ACD-101026,2025-02-07,2025-02,CC100 - Hakam Global Coffee,University,CC_FAC_02,630000,Equipment Depreciation (Espresso/Grinders),Depreciation,Depreciation,22.81,USD
ACD-101027,2025-02-08,2025-02,CC100 - Hakam Global Coffee,Downtown,CC_BAR_01,410000,Gross Beverage & Food Revenue,Revenue,Revenue,760.81,USD
ACD-101028,2025-02-08,2025-02,CC100 - Hakam Global Coffee,Downtown,CC_BAR_01,510000,Direct Raw Materials (Beans/Dairy/Syrup),COGS,Direct Materials,193.5,USD
ACD-101029,2025-02-08,2025-02,CC100 - Hakam Global Coffee,Downtown,CC_BAR_01,520000,Direct Barista Labor & Payroll,COGS,Direct Labor,117.42,USD
ACD-101030,2025-02-08,2025-02,CC100 - Hakam Global Coffee,Downtown,CC_BAR_01,530000,Packaging & Sustainable Cups,COGS,Packaging,32.41,USD
ACD-101031,2025-02-08,2025-02,CC100 - Hakam Global Coffee,Downtown,CC_FAC_02,610000,Store Rent & Facility Lease,OPEX,Rent,67.52,USD
ACD-101032,2025-02-08,2025-02,CC100 - Hakam Global Coffee,Downtown,CC_FAC_02,620000,Utilities (Power/Water/Gas),OPEX,Utilities,27.13,USD
ACD-101033,2025-02-08,2025-02,CC100 - Hakam Global Coffee,Downtown,CC_MKT_03,640000,Digital Marketing & Channel Promo,OPEX,Marketing,27.8,USD
ACD-101034,2025-02-08,2025-02,CC100 - Hakam Global Coffee,Downtown,CC_ADM_04,650000,Admin & IT Support Overhead,OPEX,Admin,13.85,USD
ACD-101035,2025-02-08,2025-02,CC100 - Hakam Global Coffee,Downtown,CC_FAC_02,630000,Equipment Depreciation (Espresso/Grinders),Depreciation,Depreciation,20.45,USD
ACD-101036,2025-02-08,2025-02,CC100 - Hakam Global Coffee,Corporate Park,CC_BAR_01,410000,Gross Beverage & Food Revenue,Revenue,Revenue,987.56,USD
ACD-101037,2025-02-08,2025-02,CC100 - Hakam Global Coffee,Corporate Park,CC_BAR_01,510000,Direct Raw Materials (Beans/Dairy/Syrup),COGS,Direct Materials,226.66,USD
ACD-101038,2025-02-08,2025-02,CC100 - Hakam Global Coffee,Corporate Park,CC_BAR_01,520000,Direct Barista Labor & Payroll,COGS,Direct Labor,157.73,USD
ACD-101039,2025-02-08,2025-02,CC100 - Hakam Global Coffee,Corporate Park,CC_BAR_01,530000,Packaging & Sustainable Cups,COGS,Packaging,42.94,USD
ACD-101040,2025-02-08,2025-02,CC100 - Hakam Global Coffee,Corporate Park,CC_FAC_02,610000,Store Rent & Facility Lease,OPEX,Rent,52.96,USD
ACD-101041,2025-02-08,2025-02,CC100 - Hakam Global Coffee,Corporate Park,CC_FAC_02,620000,Utilities (Power/Water/Gas),OPEX,Utilities,30.94,USD
ACD-101042,2025-02-08,2025-02,CC100 - Hakam Global Coffee,Corporate Park,CC_MKT_03,640000,Digital Marketing & Channel Promo,OPEX,Marketing,21.66,USD
ACD-101043,2025-02-08,2025-02,CC100 - Hakam Global Coffee,Corporate Park,CC_ADM_04,650000,Admin & IT Support Overhead,OPEX,Admin,20.08,USD
ACD-101044,2025-02-08,2025-02,CC100 - Hakam Global Coffee,Corporate Park,CC_FAC_02,630000,Equipment Depreciation (Espresso/Grinders),Depreciation,Depreciation,22.73,USD
ACD-101045,2025-02-08,2025-02,CC100 - Hakam Global Coffee,University,CC_BAR_01,410000,Gross Beverage & Food Revenue,Revenue,Revenue,811.54,USD
ACD-101046,2025-02-08,2025-02,CC100 - Hakam Global Coffee,University,CC_BAR_01,510000,Direct Raw Materials (Beans/Dairy/Syrup),COGS,Direct Materials,195.2,USD
ACD-101047,2025-02-08,2025-02,CC100 - Hakam Global Coffee,University,CC_BAR_01,520000,Direct Barista Labor & Payroll,COGS,Direct Labor,124.39,USD
ACD-101048,2025-02-08,2025-02,CC100 - Hakam Global Coffee,University,CC_BAR_01,530000,Packaging & Sustainable Cups,COGS,Packaging,40.64,USD
ACD-101049,2025-02-08,2025-02,CC100 - Hakam Global Coffee,University,CC_FAC_02,610000,Store Rent & Facility Lease,OPEX,Rent,60.71,USD
ACD-101050,2025-02-08,2025-02,CC100 - Hakam Global Coffee,University,CC_FAC_02,620000,Utilities (Power/Water/Gas),OPEX,Utilities,17.59,USD
ACD-101051,2025-02-08,2025-02,CC100 - Hakam Global Coffee,University,CC_MKT_03,640000,Digital Marketing & Channel Promo,OPEX,Marketing,21.07,USD
ACD-101052,2025-02-08,2025-02,CC100 - Hakam Global Coffee,University,CC_ADM_04,650000,Admin & IT Support Overhead,OPEX,Admin,17.74,USD
ACD-101053,2025-02-08,2025-02,CC100 - Hakam Global Coffee,University,CC_FAC_02,630000,Equipment Depreciation (Espresso/Grinders),Depreciation,Depreciation,19.2,USD
ACD-101054,2025-02-09,2025-02,CC100 - Hakam Global Coffee,Downtown,CC_BAR_01,410000,Gross Beverage & Food Revenue,Revenue,Revenue,991.26,USD
ACD-101055,2025-02-09,2025-02,CC100 - Hakam Global Coffee,Downtown,CC_BAR_01,510000,Direct Raw Materials (Beans/Dairy/Syrup),COGS,Direct Materials,256.3,USD
ACD-101056,2025-02-09,2025-02,CC100 - Hakam Global Coffee,Downtown,CC_BAR_01,520000,Direct Barista Labor & Payroll,COGS,Direct Labor,150.5,USD
ACD-101057,2025-02-09,2025-02,CC100 - Hakam Global Coffee,Downtown,CC_BAR_01,530000,Packaging & Sustainable Cups,COGS,Packaging,49.15,USD
ACD-101058,2025-02-09,2025-02,CC100 - Hakam Global Coffee,Downtown,CC_FAC_02,610000,Store Rent & Facility Lease,OPEX,Rent,71.59,USD
ACD-101059,2025-02-09,2025-02,CC100 - Hakam Global Coffee,Downtown,CC_FAC_02,620000,Utilities (Power/Water/Gas),OPEX,Utilities,35.41,USD
ACD-101060,2025-02-09,2025-02,CC100 - Hakam Global Coffee,Downtown,CC_MKT_03,640000,Digital Marketing & Channel Promo,OPEX,Marketing,24.8,USD
ACD-101061,2025-02-09,2025-02,CC100 - Hakam Global Coffee,Downtown,CC_ADM_04,650000,Admin & IT Support Overhead,OPEX,Admin,25.78,USD
ACD-101062,2025-02-09,2025-02,CC100 - Hakam Global Coffee,Downtown,CC_FAC_02,630000,Equipment Depreciation (Espresso/Grinders),Depreciation,Depreciation,21.24,USD
ACD-101063,2025-02-09,2025-02,CC100 - Hakam Global Coffee,Corporate Park,CC_BAR_01,410000,Gross Beverage & Food Revenue,Revenue,Revenue,681.72,USD
ACD-101064,2025-02-09,2025-02,CC100 - Hakam Global Coffee,Corporate Park,CC_BAR_01,510000,Direct Raw Materials (Beans/Dairy/Syrup),COGS,Direct Materials,166.57,USD
ACD-101065,2025-02-09,2025-02,CC100 - Hakam Global Coffee,Corporate Park,CC_BAR_01,520000,Direct Barista Labor & Payroll,COGS,Direct Labor,103.6,USD
ACD-101066,2025-02-09,2025-02,CC100 - Hakam Global Coffee,Corporate Park,CC_BAR_01,530000,Packaging & Sustainable Cups,COGS,Packaging,31.02,USD
ACD-101067,2025-02-09,2025-02,CC100 - Hakam Global Coffee,Corporate Park,CC_FAC_02,610000,Store Rent & Facility Lease,OPEX,Rent,66.31,USD
ACD-101068,2025-02-09,2025-02,CC100 - Hakam Global Coffee,Corporate Park,CC_FAC_02,620000,Utilities (Power/Water/Gas),OPEX,Utilities,28.27,USD
ACD-101069,2025-02-09,2025-02,CC100 - Hakam Global Coffee,Corporate Park,CC_MKT_03,640000,Digital Marketing & Channel Promo,OPEX,Marketing,18.66,USD
ACD-101070,2025-02-09,2025-02,CC100 - Hakam Global Coffee,Corporate Park,CC_ADM_04,650000,Admin & IT Support Overhead,OPEX,Admin,22.94,USD
ACD-101071,2025-02-09,2025-02,CC100 - Hakam Global Coffee,Corporate Park,CC_FAC_02,630000,Equipment Depreciation (Espresso/Grinders),Depreciation,Depreciation,23.35,USD
ACD-101072,2025-02-09,2025-02,CC100 - Hakam Global Coffee,University,CC_BAR_01,410000,Gross Beverage & Food Revenue,Revenue,Revenue,696.01,USD
ACD-101073,2025-02-09,2025-02,CC100 - Hakam Global Coffee,University,CC_BAR_01,510000,Direct Raw Materials (Beans/Dairy/Syrup),COGS,Direct Materials,169.98,USD
ACD-101074,2025-02-09,2025-02,CC100 - Hakam Global Coffee,University,CC_BAR_01,520000,Direct Barista Labor & Payroll,COGS,Direct Labor,106.47,USD
ACD-101075,2025-02-09,2025-02,CC100 - Hakam Global Coffee,University,CC_BAR_01,530000,Packaging & Sustainable Cups,COGS,Packaging,37.61,USD
ACD-101076,2025-02-09,2025-02,CC100 - Hakam Global Coffee,University,CC_FAC_02,610000,Store Rent & Facility Lease,OPEX,Rent,58.95,USD
ACD-101077,2025-02-09,2025-02,CC100 - Hakam Global Coffee,University,CC_FAC_02,620000,Utilities (Power/Water/Gas),OPEX,Utilities,24.52,USD
ACD-101078,2025-02-09,2025-02,CC100 - Hakam Global Coffee,University,CC_MKT_03,640000,Digital Marketing & Channel Promo,OPEX,Marketing,20.9,USD
ACD-101079,2025-02-09,2025-02,CC100 - Hakam Global Coffee,University,CC_ADM_04,650000,Admin & IT Support Overhead,OPEX,Admin,16.35,USD
ACD-101080,2025-02-09,2025-02,CC100 - Hakam Global Coffee,University,CC_FAC_02,630000,Equipment Depreciation (Espresso/Grinders),Depreciation,Depreciation,16.29,USD
ACD-101081,2025-02-10,2025-02,CC100 - Hakam Global Coffee,Downtown,CC_BAR_01,410000,Gross Beverage & Food Revenue,Revenue,Revenue,750.86,USD
ACD-101082,2025-02-10,2025-02,CC100 - Hakam Global Coffee,Downtown,CC_BAR_01,510000,Direct Raw Materials (Beans/Dairy/Syrup),COGS,Direct Materials,172.05,USD
ACD-101083,2025-02-10,2025-02,CC100 - Hakam Global Coffee,Downtown,CC_BAR_01,520000,Direct Barista Labor & Payroll,COGS,Direct Labor,120.26,USD
ACD-101084,2025-02-10,2025-02,CC100 - Hakam Global Coffee,Downtown,CC_BAR_01,530000,Packaging & Sustainable Cups,COGS,Packaging,36.84,USD
ACD-101085,2025-02-10,2025-02,CC100 - Hakam Global Coffee,Downtown,CC_FAC_02,610000,Store Rent & Facility Lease,OPEX,Rent,71.98,USD
ACD-101086,2025-02-10,2025-02,CC100 - Hakam Global Coffee,Downtown,CC_FAC_02,620000,Utilities (Power/Water/Gas),OPEX,Utilities,25.84,USD
ACD-101087,2025-02-10,2025-02,CC100 - Hakam Global Coffee,Downtown,CC_MKT_03,640000,Digital Marketing & Channel Promo,OPEX,Marketing,23.69,USD
ACD-101088,2025-02-10,2025-02,CC100 - Hakam Global Coffee,Downtown,CC_ADM_04,650000,Admin & IT Support Overhead,OPEX,Admin,22.48,USD
ACD-101089,2025-02-10,2025-02,CC100 - Hakam Global Coffee,Downtown,CC_FAC_02,630000,Equipment Depreciation (Espresso/Grinders),Depreciation,Depreciation,25.3,USD
ACD-101090,2025-02-10,2025-02,CC100 - Hakam Global Coffee,Corporate Park,CC_BAR_01,410000,Gross Beverage & Food Revenue,Revenue,Revenue,541.65,USD
ACD-101091,2025-02-10,2025-02,CC100 - Hakam Global Coffee,Corporate Park,CC_BAR_01,510000,Direct Raw Materials (Beans/Dairy/Syrup),COGS,Direct Materials,139.16,USD
ACD-101092,2025-02-10,2025-02,CC100 - Hakam Global Coffee,Corporate Park,CC_BAR_01,520000,Direct Barista Labor & Payroll,COGS,Direct Labor,82.34,USD
ACD-101093,2025-02-10,2025-02,CC100 - Hakam Global Coffee,Corporate Park,CC_BAR_01,530000,Packaging & Sustainable Cups,COGS,Packaging,30.68,USD
ACD-101094,2025-02-10,2025-02,CC100 - Hakam Global Coffee,Corporate Park,CC_FAC_02,610000,Store Rent & Facility Lease,OPEX,Rent,53.89,USD
ACD-101095,2025-02-10,2025-02,CC100 - Hakam Global Coffee,Corporate Park,CC_FAC_02,620000,Utilities (Power/Water/Gas),OPEX,Utilities,22.03,USD
ACD-101096,2025-02-10,2025-02,CC100 - Hakam Global Coffee,Corporate Park,CC_MKT_03,640000,Digital Marketing & Channel Promo,OPEX,Marketing,24.85,USD
ACD-101097,2025-02-10,2025-02,CC100 - Hakam Global Coffee,Corporate Park,CC_ADM_04,650000,Admin & IT Support Overhead,OPEX,Admin,20.84,USD
ACD-101098,2025-02-10,2025-02,CC100 - Hakam Global Coffee,Corporate Park,CC_FAC_02,630000,Equipment Depreciation (Espresso/Grinders),Depreciation,Depreciation,23.65,USD
ACD-101099,2025-02-10,2025-02,CC100 - Hakam Global Coffee,University,CC_BAR_01,410000,Gross Beverage & Food Revenue,Revenue,Revenue,564.91,USD
ACD-101100,2025-02-10,2025-02,CC100 - Hakam Global Coffee,University,CC_BAR_01,510000,Direct Raw Materials (Beans/Dairy/Syrup),COGS,Direct Materials,136.97,USD
ACD-101101,2025-02-10,2025-02,CC100 - Hakam Global Coffee,University,CC_BAR_01,520000,Direct Barista Labor & Payroll,COGS,Direct Labor,90.32,USD
ACD-101102,2025-02-10,2025-02,CC100 - Hakam Global Coffee,University,CC_BAR_01,530000,Packaging & Sustainable Cups,COGS,Packaging,23.98,USD
ACD-101103,2025-02-10,2025-02,CC100 - Hakam Global Coffee,University,CC_FAC_02,610000,Store Rent & Facility Lease,OPEX,Rent,49.47,USD
ACD-101104,2025-02-10,2025-02,CC100 - Hakam Global Coffee,University,CC_FAC_02,620000,Utilities (Power/Water/Gas),OPEX,Utilities,24.68,USD
ACD-101105,2025-02-10,2025-02,CC100 - Hakam Global Coffee,University,CC_MKT_03,640000,Digital Marketing & Channel Promo,OPEX,Marketing,20.67,USD
ACD-101106,2025-02-10,2025-02,CC100 - Hakam Global Coffee,University,CC_ADM_04,650000,Admin & IT Support Overhead,OPEX,Admin,17.75,USD
ACD-101107,2025-02-10,2025-02,CC100 - Hakam Global Coffee,University,CC_FAC_02,630000,Equipment Depreciation (Espresso/Grinders),Depreciation,Depreciation,21.1,USD
ACD-101108,2025-02-11,2025-02,CC100 - Hakam Global Coffee,Downtown,CC_BAR_01,410000,Gross Beverage & Food Revenue,Revenue,Revenue,949.72,USD
ACD-101109,2025-02-11,2025-02,CC100 - Hakam Global Coffee,Downtown,CC_BAR_01,510000,Direct Raw Materials (Beans/Dairy/Syrup),COGS,Direct Materials,231.75,USD
ACD-101110,2025-02-11,2025-02,CC100 - Hakam Global Coffee,Downtown,CC_BAR_01,520000,Direct Barista Labor & Payroll,COGS,Direct Labor,152.48,USD
ACD-101111,2025-02-11,2025-02,CC100 - Hakam Global Coffee,Downtown,CC_BAR_01,530000,Packaging & Sustainable Cups,COGS,Packaging,48.97,USD
ACD-101112,2025-02-11,2025-02,CC100 - Hakam Global Coffee,Downtown,CC_FAC_02,610000,Store Rent & Facility Lease,OPEX,Rent,66.49,USD
ACD-101113,2025-02-11,2025-02,CC100 - Hakam Global Coffee,Downtown,CC_FAC_02,620000,Utilities (Power/Water/Gas),OPEX,Utilities,34.94,USD
ACD-101114,2025-02-11,2025-02,CC100 - Hakam Global Coffee,Downtown,CC_MKT_03,640000,Digital Marketing & Channel Promo,OPEX,Marketing,20.14,USD
ACD-101115,2025-02-11,2025-02,CC100 - Hakam Global Coffee,Downtown,CC_ADM_04,650000,Admin & IT Support Overhead,OPEX,Admin,14.96,USD
ACD-101116,2025-02-11,2025-02,CC100 - Hakam Global Coffee,Downtown,CC_FAC_02,630000,Equipment Depreciation (Espresso/Grinders),Depreciation,Depreciation,31.66,USD
ACD-101117,2025-02-11,2025-02,CC100 - Hakam Global Coffee,Corporate Park,CC_BAR_01,410000,Gross Beverage & Food Revenue,Revenue,Revenue,612.09,USD
ACD-101118,2025-02-11,2025-02,CC100 - Hakam Global Coffee,Corporate Park,CC_BAR_01,510000,Direct Raw Materials (Beans/Dairy/Syrup),COGS,Direct Materials,153.33,USD
ACD-101119,2025-02-11,2025-02,CC100 - Hakam Global Coffee,Corporate Park,CC_BAR_01,520000,Direct Barista Labor & Payroll,COGS,Direct Labor,102.36,USD
ACD-101120,2025-02-11,2025-02,CC100 - Hakam Global Coffee,Corporate Park,CC_BAR_01,530000,Packaging & Sustainable Cups,COGS,Packaging,34.37,USD
ACD-101121,2025-02-11,2025-02,CC100 - Hakam Global Coffee,Corporate Park,CC_FAC_02,610000,Store Rent & Facility Lease,OPEX,Rent,71.19,USD
ACD-101122,2025-02-11,2025-02,CC100 - Hakam Global Coffee,Corporate Park,CC_FAC_02,620000,Utilities (Power/Water/Gas),OPEX,Utilities,34.15,USD
ACD-101123,2025-02-11,2025-02,CC100 - Hakam Global Coffee,Corporate Park,CC_MKT_03,640000,Digital Marketing & Channel Promo,OPEX,Marketing,26.04,USD
ACD-101124,2025-02-11,2025-02,CC100 - Hakam Global Coffee,Corporate Park,CC_ADM_04,650000,Admin & IT Support Overhead,OPEX,Admin,18.56,USD
ACD-101125,2025-02-11,2025-02,CC100 - Hakam Global Coffee,Corporate Park,CC_FAC_02,630000,Equipment Depreciation (Espresso/Grinders),Depreciation,Depreciation,24.64,USD
ACD-101126,2025-02-11,2025-02,CC100 - Hakam Global Coffee,University,CC_BAR_01,410000,Gross Beverage & Food Revenue,Revenue,Revenue,413.23,USD
ACD-101127,2025-02-11,2025-02,CC100 - Hakam Global Coffee,University,CC_BAR_01,510000,Direct Raw Materials (Beans/Dairy/Syrup),COGS,Direct Materials,106.27,USD
ACD-101128,2025-02-11,2025-02,CC100 - Hakam Global Coffee,University,CC_BAR_01,520000,Direct Barista Labor & Payroll,COGS,Direct Labor,72.27,USD
ACD-101129,2025-02-11,2025-02,CC100 - Hakam Global Coffee,University,CC_BAR_01,530000,Packaging & Sustainable Cups,COGS,Packaging,18.74,USD
ACD-101130,2025-02-11,2025-02,CC100 - Hakam Global Coffee,University,CC_FAC_02,610000,Store Rent & Facility Lease,OPEX,Rent,46.18,USD
ACD-101131,2025-02-11,2025-02,CC100 - Hakam Global Coffee,University,CC_FAC_02,620000,Utilities (Power/Water/Gas),OPEX,Utilities,25.11,USD
ACD-101132,2025-02-11,2025-02,CC100 - Hakam Global Coffee,University,CC_MKT_03,640000,Digital Marketing & Channel Promo,OPEX,Marketing,15.22,USD
ACD-101133,2025-02-11,2025-02,CC100 - Hakam Global Coffee,University,CC_ADM_04,650000,Admin & IT Support Overhead,OPEX,Admin,12.73,USD
ACD-101134,2025-02-11,2025-02,CC100 - Hakam Global Coffee,University,CC_FAC_02,630000,Equipment Depreciation (Espresso/Grinders),Depreciation,Depreciation,14.31,USD
ACD-101135,2025-02-12,2025-02,CC100 - Hakam Global Coffee,Downtown,CC_BAR_01,410000,Gross Beverage & Food Revenue,Revenue,Revenue,911.8,USD
ACD-101136,2025-02-12,2025-02,CC100 - Hakam Global Coffee,Downtown,CC_BAR_01,510000,Direct Raw Materials (Beans/Dairy/Syrup),COGS,Direct Materials,221.25,USD
ACD-101137,2025-02-12,2025-02,CC100 - Hakam Global Coffee,Downtown,CC_BAR_01,520000,Direct Barista Labor & Payroll,COGS,Direct Labor,147.73,USD
ACD-101138,2025-02-12,2025-02,CC100 - Hakam Global Coffee,Downtown,CC_BAR_01,530000,Packaging & Sustainable Cups,COGS,Packaging,39.06,USD
ACD-101139,2025-02-12,2025-02,CC100 - Hakam Global Coffee,Downtown,CC_FAC_02,610000,Store Rent & Facility Lease,OPEX,Rent,77.85,USD
ACD-101140,2025-02-12,2025-02,CC100 - Hakam Global Coffee,Downtown,CC_FAC_02,620000,Utilities (Power/Water/Gas),OPEX,Utilities,24.8,USD
ACD-101141,2025-02-12,2025-02,CC100 - Hakam Global Coffee,Downtown,CC_MKT_03,640000,Digital Marketing & Channel Promo,OPEX,Marketing,29.29,USD
ACD-101142,2025-02-12,2025-02,CC100 - Hakam Global Coffee,Downtown,CC_ADM_04,650000,Admin & IT Support Overhead,OPEX,Admin,16.4,USD
ACD-101143,2025-02-12,2025-02,CC100 - Hakam Global Coffee,Downtown,CC_FAC_02,630000,Equipment Depreciation (Espresso/Grinders),Depreciation,Depreciation,25.92,USD
ACD-101144,2025-02-12,2025-02,CC100 - Hakam Global Coffee,Corporate Park,CC_BAR_01,410000,Gross Beverage & Food Revenue,Revenue,Revenue,603.35,USD
ACD-101145,2025-02-12,2025-02,CC100 - Hakam Global Coffee,Corporate Park,CC_BAR_01,510000,Direct Raw Materials (Beans/Dairy/Syrup),COGS,Direct Materials,141.67,USD
ACD-101146,2025-02-12,2025-02,CC100 - Hakam Global Coffee,Corporate Park,CC_BAR_01,520000,Direct Barista Labor & Payroll,COGS,Direct Labor,103.56,USD
ACD-101147,2025-02-12,2025-02,CC100 - Hakam Global Coffee,Corporate Park,CC_BAR_01,530000,Packaging & Sustainable Cups,COGS,Packaging,33.51,USD
ACD-101148,2025-02-12,2025-02,CC100 - Hakam Global Coffee,Corporate Park,CC_FAC_02,610000,Store Rent & Facility Lease,OPEX,Rent,64.8,USD
ACD-101149,2025-02-12,2025-02,CC100 - Hakam Global Coffee,Corporate Park,CC_FAC_02,620000,Utilities (Power/Water/Gas),OPEX,Utilities,21.87,USD
ACD-101150,2025-02-12,2025-02,CC100 - Hakam Global Coffee,Corporate Park,CC_MKT_03,640000,Digital Marketing & Channel Promo,OPEX,Marketing,14.59,USD
ACD-101151,2025-02-12,2025-02,CC100 - Hakam Global Coffee,Corporate Park,CC_ADM_04,650000,Admin & IT Support Overhead,OPEX,Admin,13.31,USD
ACD-101152,2025-02-12,2025-02,CC100 - Hakam Global Coffee,Corporate Park,CC_FAC_02,630000,Equipment Depreciation (Espresso/Grinders),Depreciation,Depreciation,24.36,USD
ACD-101153,2025-02-12,2025-02,CC100 - Hakam Global Coffee,University,CC_BAR_01,410000,Gross Beverage & Food Revenue,Revenue,Revenue,588.6,USD
ACD-101154,2025-02-12,2025-02,CC100 - Hakam Global Coffee,University,CC_BAR_01,510000,Direct Raw Materials (Beans/Dairy/Syrup),COGS,Direct Materials,135.9,USD
ACD-101155,2025-02-12,2025-02,CC100 - Hakam Global Coffee,University,CC_BAR_01,520000,Direct Barista Labor & Payroll,COGS,Direct Labor,99.98,USD
ACD-101156,2025-02-12,2025-02,CC100 - Hakam Global Coffee,University,CC_BAR_01,530000,Packaging & Sustainable Cups,COGS,Packaging,29.26,USD
ACD-101157,2025-02-12,2025-02,CC100 - Hakam Global Coffee,University,CC_FAC_02,610000,Store Rent & Facility Lease,OPEX,Rent,51.15,USD
ACD-101158,2025-02-12,2025-02,CC100 - Hakam Global Coffee,University,CC_FAC_02,620000,Utilities (Power/Water/Gas),OPEX,Utilities,20.21,USD
ACD-101159,2025-02-12,2025-02,CC100 - Hakam Global Coffee,University,CC_MKT_03,640000,Digital Marketing & Channel Promo,OPEX,Marketing,20.72,USD
ACD-101160,2025-02-12,2025-02,CC100 - Hakam Global Coffee,University,CC_ADM_04,650000,Admin & IT Support Overhead,OPEX,Admin,10.58,USD
ACD-101161,2025-02-12,2025-02,CC100 - Hakam Global Coffee,University,CC_FAC_02,630000,Equipment Depreciation (Espresso/Grinders),Depreciation,Depreciation,18.33,USD
ACD-101162,2025-02-13,2025-02,CC100 - Hakam Global Coffee,Downtown,CC_BAR_01,410000,Gross Beverage & Food Revenue,Revenue,Revenue,686.1,USD
ACD-101163,2025-02-13,2025-02,CC100 - Hakam Global Coffee,Downtown,CC_BAR_01,510000,Direct Raw Materials (Beans/Dairy/Syrup),COGS,Direct Materials,169.56,USD
ACD-101164,2025-02-13,2025-02,CC100 - Hakam Global Coffee,Downtown,CC_BAR_01,520000,Direct Barista Labor & Payroll,COGS,Direct Labor,112.93,USD
ACD-101165,2025-02-13,2025-02,CC100 - Hakam Global Coffee,Downtown,CC_BAR_01,530000,Packaging & Sustainable Cups,COGS,Packaging,36.6,USD
ACD-101166,2025-02-13,2025-02,CC100 - Hakam Global Coffee,Downtown,CC_FAC_02,610000,Store Rent & Facility Lease,OPEX,Rent,61.98,USD
ACD-101167,2025-02-13,2025-02,CC100 - Hakam Global Coffee,Downtown,CC_FAC_02,620000,Utilities (Power/Water/Gas),OPEX,Utilities,30.7,USD
ACD-101168,2025-02-13,2025-02,CC100 - Hakam Global Coffee,Downtown,CC_MKT_03,640000,Digital Marketing & Channel Promo,OPEX,Marketing,26.72,USD
ACD-101169,2025-02-13,2025-02,CC100 - Hakam Global Coffee,Downtown,CC_ADM_04,650000,Admin & IT Support Overhead,OPEX,Admin,13.6,USD
ACD-101170,2025-02-13,2025-02,CC100 - Hakam Global Coffee,Downtown,CC_FAC_02,630000,Equipment Depreciation (Espresso/Grinders),Depreciation,Depreciation,24.32,USD
ACD-101171,2025-02-13,2025-02,CC100 - Hakam Global Coffee,Corporate Park,CC_BAR_01,410000,Gross Beverage & Food Revenue,Revenue,Revenue,560.86,USD
ACD-101172,2025-02-13,2025-02,CC100 - Hakam Global Coffee,Corporate Park,CC_BAR_01,510000,Direct Raw Materials (Beans/Dairy/Syrup),COGS,Direct Materials,126.47,USD
ACD-101173,2025-02-13,2025-02,CC100 - Hakam Global Coffee,Corporate Park,CC_BAR_01,520000,Direct Barista Labor & Payroll,COGS,Direct Labor,88.43,USD
ACD-101174,2025-02-13,2025-02,CC100 - Hakam Global Coffee,Corporate Park,CC_BAR_01,530000,Packaging & Sustainable Cups,COGS,Packaging,26.12,USD
ACD-101175,2025-02-13,2025-02,CC100 - Hakam Global Coffee,Corporate Park,CC_FAC_02,610000,Store Rent & Facility Lease,OPEX,Rent,51.93,USD
ACD-101176,2025-02-13,2025-02,CC100 - Hakam Global Coffee,Corporate Park,CC_FAC_02,620000,Utilities (Power/Water/Gas),OPEX,Utilities,31.01,USD
ACD-101177,2025-02-13,2025-02,CC100 - Hakam Global Coffee,Corporate Park,CC_MKT_03,640000,Digital Marketing & Channel Promo,OPEX,Marketing,16.43,USD
ACD-101178,2025-02-13,2025-02,CC100 - Hakam Global Coffee,Corporate Park,CC_ADM_04,650000,Admin & IT Support Overhead,OPEX,Admin,15.87,USD
ACD-101179,2025-02-13,2025-02,CC100 - Hakam Global Coffee,Corporate Park,CC_FAC_02,630000,Equipment Depreciation (Espresso/Grinders),Depreciation,Depreciation,25.34,USD
ACD-101180,2025-02-13,2025-02,CC100 - Hakam Global Coffee,University,CC_BAR_01,410000,Gross Beverage & Food Revenue,Revenue,Revenue,541.57,USD
ACD-101181,2025-02-13,2025-02,CC100 - Hakam Global Coffee,University,CC_BAR_01,510000,Direct Raw Materials (Beans/Dairy/Syrup),COGS,Direct Materials,137.2,USD
ACD-101182,2025-02-13,2025-02,CC100 - Hakam Global Coffee,University,CC_BAR_01,520000,Direct Barista Labor & Payroll,COGS,Direct Labor,94.33,USD
ACD-101183,2025-02-13,2025-02,CC100 - Hakam Global Coffee,University,CC_BAR_01,530000,Packaging & Sustainable Cups,COGS,Packaging,22.44,USD
ACD-101184,2025-02-13,2025-02,CC100 - Hakam Global Coffee,University,CC_FAC_02,610000,Store Rent & Facility Lease,OPEX,Rent,59.12,USD
ACD-101185,2025-02-13,2025-02,CC100 - Hakam Global Coffee,University,CC_FAC_02,620000,Utilities (Power/Water/Gas),OPEX,Utilities,17.58,USD
ACD-101186,2025-02-13,2025-02,CC100 - Hakam Global Coffee,University,CC_MKT_03,640000,Digital Marketing & Channel Promo,OPEX,Marketing,11.63,USD
ACD-101187,2025-02-13,2025-02,CC100 - Hakam Global Coffee,University,CC_ADM_04,650000,Admin & IT Support Overhead,OPEX,Admin,18.25,USD
ACD-101188,2025-02-13,2025-02,CC100 - Hakam Global Coffee,University,CC_FAC_02,630000,Equipment Depreciation (Espresso/Grinders),Depreciation,Depreciation,22.44,USD
ACD-101189,2025-02-14,2025-02,CC100 - Hakam Global Coffee,Downtown,CC_BAR_01,410000,Gross Beverage & Food Revenue,Revenue,Revenue,1050.85,USD
ACD-101190,2025-02-14,2025-02,CC100 - Hakam Global Coffee,Downtown,CC_BAR_01,510000,Direct Raw Materials (Beans/Dairy/Syrup),COGS,Direct Materials,255.29,USD
ACD-101191,2025-02-14,2025-02,CC100 - Hakam Global Coffee,Downtown,CC_BAR_01,520000,Direct Barista Labor & Payroll,COGS,Direct Labor,179.99,USD
ACD-101192,2025-02-14,2025-02,CC100 - Hakam Global Coffee,Downtown,CC_BAR_01,530000,Packaging & Sustainable Cups,COGS,Packaging,50.81,USD
ACD-101193,2025-02-14,2025-02,CC100 - Hakam Global Coffee,Downtown,CC_FAC_02,610000,Store Rent & Facility Lease,OPEX,Rent,63.86,USD
ACD-101194,2025-02-14,2025-02,CC100 - Hakam Global Coffee,Downtown,CC_FAC_02,620000,Utilities (Power/Water/Gas),OPEX,Utilities,24.64,USD
ACD-101195,2025-02-14,2025-02,CC100 - Hakam Global Coffee,Downtown,CC_MKT_03,640000,Digital Marketing & Channel Promo,OPEX,Marketing,21.9,USD
ACD-101196,2025-02-14,2025-02,CC100 - Hakam Global Coffee,Downtown,CC_ADM_04,650000,Admin & IT Support Overhead,OPEX,Admin,24.32,USD
ACD-101197,2025-02-14,2025-02,CC100 - Hakam Global Coffee,Downtown,CC_FAC_02,630000,Equipment Depreciation (Espresso/Grinders),Depreciation,Depreciation,28.59,USD
ACD-101198,2025-02-14,2025-02,CC100 - Hakam Global Coffee,Corporate Park,CC_BAR_01,410000,Gross Beverage & Food Revenue,Revenue,Revenue,1005.69,USD
ACD-101199,2025-02-14,2025-02,CC100 - Hakam Global Coffee,Corporate Park,CC_BAR_01,510000,Direct Raw Materials (Beans/Dairy/Syrup),COGS,Direct Materials,258.25,USD
ACD-101200,2025-02-14,2025-02,CC100 - Hakam Global Coffee,Corporate Park,CC_BAR_01,520000,Direct Barista Labor & Payroll,COGS,Direct Labor,153.51,USD
ACD-101201,2025-02-14,2025-02,CC100 - Hakam Global Coffee,Corporate Park,CC_BAR_01,530000,Packaging & Sustainable Cups,COGS,Packaging,57.21,USD
ACD-101202,2025-02-14,2025-02,CC100 - Hakam Global Coffee,Corporate Park,CC_FAC_02,610000,Store Rent & Facility Lease,OPEX,Rent,57.35,USD
ACD-101203,2025-02-14,2025-02,CC100 - Hakam Global Coffee,Corporate Park,CC_FAC_02,620000,Utilities (Power/Water/Gas),OPEX,Utilities,28.83,USD
ACD-101204,2025-02-14,2025-02,CC100 - Hakam Global Coffee,Corporate Park,CC_MKT_03,640000,Digital Marketing & Channel Promo,OPEX,Marketing,21.63,USD
ACD-101205,2025-02-14,2025-02,CC100 - Hakam Global Coffee,Corporate Park,CC_ADM_04,650000,Admin & IT Support Overhead,OPEX,Admin,16.05,USD
ACD-101206,2025-02-14,2025-02,CC100 - Hakam Global Coffee,Corporate Park,CC_FAC_02,630000,Equipment Depreciation (Espresso/Grinders),Depreciation,Depreciation,20.82,USD
ACD-101207,2025-02-14,2025-02,CC100 - Hakam Global Coffee,University,CC_BAR_01,410000,Gross Beverage & Food Revenue,Revenue,Revenue,655.33,USD
ACD-101208,2025-02-14,2025-02,CC100 - Hakam Global Coffee,University,CC_BAR_01,510000,Direct Raw Materials (Beans/Dairy/Syrup),COGS,Direct Materials,152.9,USD
ACD-101209,2025-02-14,2025-02,CC100 - Hakam Global Coffee,University,CC_BAR_01,520000,Direct Barista Labor & Payroll,COGS,Direct Labor,101.6,USD
ACD-101210,2025-02-14,2025-02,CC100 - Hakam Global Coffee,University,CC_BAR_01,530000,Packaging & Sustainable Cups,COGS,Packaging,32.9,USD
ACD-101211,2025-02-14,2025-02,CC100 - Hakam Global Coffee,University,CC_FAC_02,610000,Store Rent & Facility Lease,OPEX,Rent,44.92,USD
ACD-101212,2025-02-14,2025-02,CC100 - Hakam Global Coffee,University,CC_FAC_02,620000,Utilities (Power/Water/Gas),OPEX,Utilities,22.91,USD
ACD-101213,2025-02-14,2025-02,CC100 - Hakam Global Coffee,University,CC_MKT_03,640000,Digital Marketing & Channel Promo,OPEX,Marketing,22.59,USD
ACD-101214,2025-02-14,2025-02,CC100 - Hakam Global Coffee,University,CC_ADM_04,650000,Admin & IT Support Overhead,OPEX,Admin,12.82,USD
ACD-101215,2025-02-14,2025-02,CC100 - Hakam Global Coffee,University,CC_FAC_02,630000,Equipment Depreciation (Espresso/Grinders),Depreciation,Depreciation,21.16,USD
ACD-101216,2025-02-15,2025-02,CC100 - Hakam Global Coffee,Downtown,CC_BAR_01,410000,Gross Beverage & Food Revenue,Revenue,Revenue,1173.97,USD
ACD-101217,2025-02-15,2025-02,CC100 - Hakam Global Coffee,Downtown,CC_BAR_01,510000,Direct Raw Materials (Beans/Dairy/Syrup),COGS,Direct Materials,296.55,USD
ACD-101218,2025-02-15,2025-02,CC100 - Hakam Global Coffee,Downtown,CC_BAR_01,520000,Direct Barista Labor & Payroll,COGS,Direct Labor,184.42,USD
ACD-101219,2025-02-15,2025-02,CC100 - Hakam Global Coffee,Downtown,CC_BAR_01,530000,Packaging & Sustainable Cups,COGS,Packaging,50.4,USD
ACD-101220,2025-02-15,2025-02,CC100 - Hakam Global Coffee,Downtown,CC_FAC_02,610000,Store Rent & Facility Lease,OPEX,Rent,66.08,USD
ACD-101221,2025-02-15,2025-02,CC100 - Hakam Global Coffee,Downtown,CC_FAC_02,620000,Utilities (Power/Water/Gas),OPEX,Utilities,34.06,USD
ACD-101222,2025-02-15,2025-02,CC100 - Hakam Global Coffee,Downtown,CC_MKT_03,640000,Digital Marketing & Channel Promo,OPEX,Marketing,29.54,USD
ACD-101223,2025-02-15,2025-02,CC100 - Hakam Global Coffee,Downtown,CC_ADM_04,650000,Admin & IT Support Overhead,OPEX,Admin,22.35,USD
ACD-101224,2025-02-15,2025-02,CC100 - Hakam Global Coffee,Downtown,CC_FAC_02,630000,Equipment Depreciation (Espresso/Grinders),Depreciation,Depreciation,22.64,USD
ACD-101225,2025-02-15,2025-02,CC100 - Hakam Global Coffee,Corporate Park,CC_BAR_01,410000,Gross Beverage & Food Revenue,Revenue,Revenue,980.17,USD
ACD-101226,2025-02-15,2025-02,CC100 - Hakam Global Coffee,Corporate Park,CC_BAR_01,510000,Direct Raw Materials (Beans/Dairy/Syrup),COGS,Direct Materials,235.01,USD
ACD-101227,2025-02-15,2025-02,CC100 - Hakam Global Coffee,Corporate Park,CC_BAR_01,520000,Direct Barista Labor & Payroll,COGS,Direct Labor,169.21,USD
ACD-101228,2025-02-15,2025-02,CC100 - Hakam Global Coffee,Corporate Park,CC_BAR_01,530000,Packaging & Sustainable Cups,COGS,Packaging,54.1,USD
ACD-101229,2025-02-15,2025-02,CC100 - Hakam Global Coffee,Corporate Park,CC_FAC_02,610000,Store Rent & Facility Lease,OPEX,Rent,62.07,USD
ACD-101230,2025-02-15,2025-02,CC100 - Hakam Global Coffee,Corporate Park,CC_FAC_02,620000,Utilities (Power/Water/Gas),OPEX,Utilities,33.45,USD
ACD-101231,2025-02-15,2025-02,CC100 - Hakam Global Coffee,Corporate Park,CC_MKT_03,640000,Digital Marketing & Channel Promo,OPEX,Marketing,22.24,USD
ACD-101232,2025-02-15,2025-02,CC100 - Hakam Global Coffee,Corporate Park,CC_ADM_04,650000,Admin & IT Support Overhead,OPEX,Admin,18.81,USD
ACD-101233,2025-02-15,2025-02,CC100 - Hakam Global Coffee,Corporate Park,CC_FAC_02,630000,Equipment Depreciation (Espresso/Grinders),Depreciation,Depreciation,24.43,USD
ACD-101234,2025-02-15,2025-02,CC100 - Hakam Global Coffee,University,CC_BAR_01,410000,Gross Beverage & Food Revenue,Revenue,Revenue,842.26,USD
ACD-101235,2025-02-15,2025-02,CC100 - Hakam Global Coffee,University,CC_BAR_01,510000,Direct Raw Materials (Beans/Dairy/Syrup),COGS,Direct Materials,206.43,USD
ACD-101236,2025-02-15,2025-02,CC100 - Hakam Global Coffee,University,CC_BAR_01,520000,Direct Barista Labor & Payroll,COGS,Direct Labor,130.15,USD
ACD-101237,2025-02-15,2025-02,CC100 - Hakam Global Coffee,University,CC_BAR_01,530000,Packaging & Sustainable Cups,COGS,Packaging,34.84,USD
ACD-101238,2025-02-15,2025-02,CC100 - Hakam Global Coffee,University,CC_FAC_02,610000,Store Rent & Facility Lease,OPEX,Rent,51.15,USD
ACD-101239,2025-02-15,2025-02,CC100 - Hakam Global Coffee,University,CC_FAC_02,620000,Utilities (Power/Water/Gas),OPEX,Utilities,20.55,USD
ACD-101240,2025-02-15,2025-02,CC100 - Hakam Global Coffee,University,CC_MKT_03,640000,Digital Marketing & Channel Promo,OPEX,Marketing,14.79,USD
ACD-101241,2025-02-15,2025-02,CC100 - Hakam Global Coffee,University,CC_ADM_04,650000,Admin & IT Support Overhead,OPEX,Admin,10.03,USD
ACD-101242,2025-02-15,2025-02,CC100 - Hakam Global Coffee,University,CC_FAC_02,630000,Equipment Depreciation (Espresso/Grinders),Depreciation,Depreciation,19.07,USD
ACD-101243,2025-02-16,2025-02,CC100 - Hakam Global Coffee,Downtown,CC_BAR_01,410000,Gross Beverage & Food Revenue,Revenue,Revenue,916.52,USD
ACD-101244,2025-02-16,2025-02,CC100 - Hakam Global Coffee,Downtown,CC_BAR_01,510000,Direct Raw Materials (Beans/Dairy/Syrup),COGS,Direct Materials,218.2,USD
ACD-101245,2025-02-16,2025-02,CC100 - Hakam Global Coffee,Downtown,CC_BAR_01,520000,Direct Barista Labor & Payroll,COGS,Direct Labor,139.04,USD
ACD-101246,2025-02-16,2025-02,CC100 - Hakam Global Coffee,Downtown,CC_BAR_01,530000,Packaging & Sustainable Cups,COGS,Packaging,51.91,USD
ACD-101247,2025-02-16,2025-02,CC100 - Hakam Global Coffee,Downtown,CC_FAC_02,610000,Store Rent & Facility Lease,OPEX,Rent,62.82,USD
ACD-101248,2025-02-16,2025-02,CC100 - Hakam Global Coffee,Downtown,CC_FAC_02,620000,Utilities (Power/Water/Gas),OPEX,Utilities,38.3,USD
ACD-101249,2025-02-16,2025-02,CC100 - Hakam Global Coffee,Downtown,CC_MKT_03,640000,Digital Marketing & Channel Promo,OPEX,Marketing,31.21,USD
ACD-101250,2025-02-16,2025-02,CC100 - Hakam Global Coffee,Downtown,CC_ADM_04,650000,Admin & IT Support Overhead,OPEX,Admin,21.8,USD
ACD-101251,2025-02-16,2025-02,CC100 - Hakam Global Coffee,Downtown,CC_FAC_02,630000,Equipment Depreciation (Espresso/Grinders),Depreciation,Depreciation,27.1,USD
ACD-101252,2025-02-16,2025-02,CC100 - Hakam Global Coffee,Corporate Park,CC_BAR_01,410000,Gross Beverage & Food Revenue,Revenue,Revenue,846.42,USD
ACD-101253,2025-02-16,2025-02,CC100 - Hakam Global Coffee,Corporate Park,CC_BAR_01,510000,Direct Raw Materials (Beans/Dairy/Syrup),COGS,Direct Materials,204.98,USD
ACD-101254,2025-02-16,2025-02,CC100 - Hakam Global Coffee,Corporate Park,CC_BAR_01,520000,Direct Barista Labor & Payroll,COGS,Direct Labor,147.07,USD
ACD-101255,2025-02-16,2025-02,CC100 - Hakam Global Coffee,Corporate Park,CC_BAR_01,530000,Packaging & Sustainable Cups,COGS,Packaging,49.02,USD
ACD-101256,2025-02-16,2025-02,CC100 - Hakam Global Coffee,Corporate Park,CC_FAC_02,610000,Store Rent & Facility Lease,OPEX,Rent,62.09,USD
ACD-101257,2025-02-16,2025-02,CC100 - Hakam Global Coffee,Corporate Park,CC_FAC_02,620000,Utilities (Power/Water/Gas),OPEX,Utilities,31.88,USD
ACD-101258,2025-02-16,2025-02,CC100 - Hakam Global Coffee,Corporate Park,CC_MKT_03,640000,Digital Marketing & Channel Promo,OPEX,Marketing,23.54,USD
ACD-101259,2025-02-16,2025-02,CC100 - Hakam Global Coffee,Corporate Park,CC_ADM_04,650000,Admin & IT Support Overhead,OPEX,Admin,15.2,USD
ACD-101260,2025-02-16,2025-02,CC100 - Hakam Global Coffee,Corporate Park,CC_FAC_02,630000,Equipment Depreciation (Espresso/Grinders),Depreciation,Depreciation,22.72,USD
ACD-101261,2025-02-16,2025-02,CC100 - Hakam Global Coffee,University,CC_BAR_01,410000,Gross Beverage & Food Revenue,Revenue,Revenue,588.12,USD
ACD-101262,2025-02-16,2025-02,CC100 - Hakam Global Coffee,University,CC_BAR_01,510000,Direct Raw Materials (Beans/Dairy/Syrup),COGS,Direct Materials,130.84,USD
ACD-101263,2025-02-16,2025-02,CC100 - Hakam Global Coffee,University,CC_BAR_01,520000,Direct Barista Labor & Payroll,COGS,Direct Labor,90.04,USD
ACD-101264,2025-02-16,2025-02,CC100 - Hakam Global Coffee,University,CC_BAR_01,530000,Packaging & Sustainable Cups,COGS,Packaging,34.1,USD
ACD-101265,2025-02-16,2025-02,CC100 - Hakam Global Coffee,University,CC_FAC_02,610000,Store Rent & Facility Lease,OPEX,Rent,49.28,USD
ACD-101266,2025-02-16,2025-02,CC100 - Hakam Global Coffee,University,CC_FAC_02,620000,Utilities (Power/Water/Gas),OPEX,Utilities,25.24,USD
ACD-101267,2025-02-16,2025-02,CC100 - Hakam Global Coffee,University,CC_MKT_03,640000,Digital Marketing & Channel Promo,OPEX,Marketing,17.63,USD
ACD-101268,2025-02-16,2025-02,CC100 - Hakam Global Coffee,University,CC_ADM_04,650000,Admin & IT Support Overhead,OPEX,Admin,11.14,USD
ACD-101269,2025-02-16,2025-02,CC100 - Hakam Global Coffee,University,CC_FAC_02,630000,Equipment Depreciation (Espresso/Grinders),Depreciation,Depreciation,16.6,USD
ACD-101270,2025-02-17,2025-02,CC100 - Hakam Global Coffee,Downtown,CC_BAR_01,410000,Gross Beverage & Food Revenue,Revenue,Revenue,745.55,USD
ACD-101271,2025-02-17,2025-02,CC100 - Hakam Global Coffee,Downtown,CC_BAR_01,510000,Direct Raw Materials (Beans/Dairy/Syrup),COGS,Direct Materials,177.13,USD
ACD-101272,2025-02-17,2025-02,CC100 - Hakam Global Coffee,Downtown,CC_BAR_01,520000,Direct Barista Labor & Payroll,COGS,Direct Labor,123.52,USD
ACD-101273,2025-02-17,2025-02,CC100 - Hakam Global Coffee,Downtown,CC_BAR_01,530000,Packaging & Sustainable Cups,COGS,Packaging,32.19,USD
ACD-101274,2025-02-17,2025-02,CC100 - Hakam Global Coffee,Downtown,CC_FAC_02,610000,Store Rent & Facility Lease,OPEX,Rent,70.82,USD
ACD-101275,2025-02-17,2025-02,CC100 - Hakam Global Coffee,Downtown,CC_FAC_02,620000,Utilities (Power/Water/Gas),OPEX,Utilities,28.88,USD
ACD-101276,2025-02-17,2025-02,CC100 - Hakam Global Coffee,Downtown,CC_MKT_03,640000,Digital Marketing & Channel Promo,OPEX,Marketing,23.37,USD
ACD-101277,2025-02-17,2025-02,CC100 - Hakam Global Coffee,Downtown,CC_ADM_04,650000,Admin & IT Support Overhead,OPEX,Admin,18.07,USD
ACD-101278,2025-02-17,2025-02,CC100 - Hakam Global Coffee,Downtown,CC_FAC_02,630000,Equipment Depreciation (Espresso/Grinders),Depreciation,Depreciation,28.32,USD
ACD-101279,2025-02-17,2025-02,CC100 - Hakam Global Coffee,Corporate Park,CC_BAR_01,410000,Gross Beverage & Food Revenue,Revenue,Revenue,750.29,USD
ACD-101280,2025-02-17,2025-02,CC100 - Hakam Global Coffee,Corporate Park,CC_BAR_01,510000,Direct Raw Materials (Beans/Dairy/Syrup),COGS,Direct Materials,184.49,USD
ACD-101281,2025-02-17,2025-02,CC100 - Hakam Global Coffee,Corporate Park,CC_BAR_01,520000,Direct Barista Labor & Payroll,COGS,Direct Labor,114.03,USD
ACD-101282,2025-02-17,2025-02,CC100 - Hakam Global Coffee,Corporate Park,CC_BAR_01,530000,Packaging & Sustainable Cups,COGS,Packaging,31.43,USD
ACD-101283,2025-02-17,2025-02,CC100 - Hakam Global Coffee,Corporate Park,CC_FAC_02,610000,Store Rent & Facility Lease,OPEX,Rent,67.35,USD
ACD-101284,2025-02-17,2025-02,CC100 - Hakam Global Coffee,Corporate Park,CC_FAC_02,620000,Utilities (Power/Water/Gas),OPEX,Utilities,24.62,USD
ACD-101285,2025-02-17,2025-02,CC100 - Hakam Global Coffee,Corporate Park,CC_MKT_03,640000,Digital Marketing & Channel Promo,OPEX,Marketing,24.62,USD
ACD-101286,2025-02-17,2025-02,CC100 - Hakam Global Coffee,Corporate Park,CC_ADM_04,650000,Admin & IT Support Overhead,OPEX,Admin,19.05,USD
ACD-101287,2025-02-17,2025-02,CC100 - Hakam Global Coffee,Corporate Park,CC_FAC_02,630000,Equipment Depreciation (Espresso/Grinders),Depreciation,Depreciation,27.67,USD
ACD-101288,2025-02-17,2025-02,CC100 - Hakam Global Coffee,University,CC_BAR_01,410000,Gross Beverage & Food Revenue,Revenue,Revenue,642.57,USD
ACD-101289,2025-02-17,2025-02,CC100 - Hakam Global Coffee,University,CC_BAR_01,510000,Direct Raw Materials (Beans/Dairy/Syrup),COGS,Direct Materials,149.93,USD
ACD-101290,2025-02-17,2025-02,CC100 - Hakam Global Coffee,University,CC_BAR_01,520000,Direct Barista Labor & Payroll,COGS,Direct Labor,107.62,USD
ACD-101291,2025-02-17,2025-02,CC100 - Hakam Global Coffee,University,CC_BAR_01,530000,Packaging & Sustainable Cups,COGS,Packaging,27.52,USD
ACD-101292,2025-02-17,2025-02,CC100 - Hakam Global Coffee,University,CC_FAC_02,610000,Store Rent & Facility Lease,OPEX,Rent,49.4,USD
ACD-101293,2025-02-17,2025-02,CC100 - Hakam Global Coffee,University,CC_FAC_02,620000,Utilities (Power/Water/Gas),OPEX,Utilities,28.13,USD
ACD-101294,2025-02-17,2025-02,CC100 - Hakam Global Coffee,University,CC_MKT_03,640000,Digital Marketing & Channel Promo,OPEX,Marketing,20.03,USD
ACD-101295,2025-02-17,2025-02,CC100 - Hakam Global Coffee,University,CC_ADM_04,650000,Admin & IT Support Overhead,OPEX,Admin,13.22,USD
ACD-101296,2025-02-17,2025-02,CC100 - Hakam Global Coffee,University,CC_FAC_02,630000,Equipment Depreciation (Espresso/Grinders),Depreciation,Depreciation,19.9,USD
ACD-101297,2025-02-18,2025-02,CC100 - Hakam Global Coffee,Downtown,CC_BAR_01,410000,Gross Beverage & Food Revenue,Revenue,Revenue,938.02,USD
ACD-101298,2025-02-18,2025-02,CC100 - Hakam Global Coffee,Downtown,CC_BAR_01,510000,Direct Raw Materials (Beans/Dairy/Syrup),COGS,Direct Materials,217.98,USD
ACD-101299,2025-02-18,2025-02,CC100 - Hakam Global Coffee,Downtown,CC_BAR_01,520000,Direct Barista Labor & Payroll,COGS,Direct Labor,151.3,USD
ACD-101300,2025-02-18,2025-02,CC100 - Hakam Global Coffee,Downtown,CC_BAR_01,530000,Packaging & Sustainable Cups,COGS,Packaging,52.37,USD
ACD-101301,2025-02-18,2025-02,CC100 - Hakam Global Coffee,Downtown,CC_FAC_02,610000,Store Rent & Facility Lease,OPEX,Rent,82.71,USD
ACD-101302,2025-02-18,2025-02,CC100 - Hakam Global Coffee,Downtown,CC_FAC_02,620000,Utilities (Power/Water/Gas),OPEX,Utilities,35.16,USD
ACD-101303,2025-02-18,2025-02,CC100 - Hakam Global Coffee,Downtown,CC_MKT_03,640000,Digital Marketing & Channel Promo,OPEX,Marketing,30.75,USD
ACD-101304,2025-02-18,2025-02,CC100 - Hakam Global Coffee,Downtown,CC_ADM_04,650000,Admin & IT Support Overhead,OPEX,Admin,23.47,USD
ACD-101305,2025-02-18,2025-02,CC100 - Hakam Global Coffee,Downtown,CC_FAC_02,630000,Equipment Depreciation (Espresso/Grinders),Depreciation,Depreciation,29.5,USD
ACD-101306,2025-02-18,2025-02,CC100 - Hakam Global Coffee,Corporate Park,CC_BAR_01,410000,Gross Beverage & Food Revenue,Revenue,Revenue,664.15,USD
ACD-101307,2025-02-18,2025-02,CC100 - Hakam Global Coffee,Corporate Park,CC_BAR_01,510000,Direct Raw Materials (Beans/Dairy/Syrup),COGS,Direct Materials,163.28,USD
ACD-101308,2025-02-18,2025-02,CC100 - Hakam Global Coffee,Corporate Park,CC_BAR_01,520000,Direct Barista Labor & Payroll,COGS,Direct Labor,108.06,USD
ACD-101309,2025-02-18,2025-02,CC100 - Hakam Global Coffee,Corporate Park,CC_BAR_01,530000,Packaging & Sustainable Cups,COGS,Packaging,31.37,USD
ACD-101310,2025-02-18,2025-02,CC100 - Hakam Global Coffee,Corporate Park,CC_FAC_02,610000,Store Rent & Facility Lease,OPEX,Rent,60.09,USD
ACD-101311,2025-02-18,2025-02,CC100 - Hakam Global Coffee,Corporate Park,CC_FAC_02,620000,Utilities (Power/Water/Gas),OPEX,Utilities,23.19,USD
ACD-101312,2025-02-18,2025-02,CC100 - Hakam Global Coffee,Corporate Park,CC_MKT_03,640000,Digital Marketing & Channel Promo,OPEX,Marketing,17.0,USD
ACD-101313,2025-02-18,2025-02,CC100 - Hakam Global Coffee,Corporate Park,CC_ADM_04,650000,Admin & IT Support Overhead,OPEX,Admin,22.4,USD
ACD-101314,2025-02-18,2025-02,CC100 - Hakam Global Coffee,Corporate Park,CC_FAC_02,630000,Equipment Depreciation (Espresso/Grinders),Depreciation,Depreciation,22.84,USD
ACD-101315,2025-02-18,2025-02,CC100 - Hakam Global Coffee,University,CC_BAR_01,410000,Gross Beverage & Food Revenue,Revenue,Revenue,467.46,USD
ACD-101316,2025-02-18,2025-02,CC100 - Hakam Global Coffee,University,CC_BAR_01,510000,Direct Raw Materials (Beans/Dairy/Syrup),COGS,Direct Materials,105.41,USD
ACD-101317,2025-02-18,2025-02,CC100 - Hakam Global Coffee,University,CC_BAR_01,520000,Direct Barista Labor & Payroll,COGS,Direct Labor,71.2,USD
ACD-101318,2025-02-18,2025-02,CC100 - Hakam Global Coffee,University,CC_BAR_01,530000,Packaging & Sustainable Cups,COGS,Packaging,26.59,USD
ACD-101319,2025-02-18,2025-02,CC100 - Hakam Global Coffee,University,CC_FAC_02,610000,Store Rent & Facility Lease,OPEX,Rent,44.67,USD
ACD-101320,2025-02-18,2025-02,CC100 - Hakam Global Coffee,University,CC_FAC_02,620000,Utilities (Power/Water/Gas),OPEX,Utilities,25.89,USD
ACD-101321,2025-02-18,2025-02,CC100 - Hakam Global Coffee,University,CC_MKT_03,640000,Digital Marketing & Channel Promo,OPEX,Marketing,21.71,USD
ACD-101322,2025-02-18,2025-02,CC100 - Hakam Global Coffee,University,CC_ADM_04,650000,Admin & IT Support Overhead,OPEX,Admin,17.89,USD
ACD-101323,2025-02-18,2025-02,CC100 - Hakam Global Coffee,University,CC_FAC_02,630000,Equipment Depreciation (Espresso/Grinders),Depreciation,Depreciation,14.61,USD
ACD-101324,2025-02-19,2025-02,CC100 - Hakam Global Coffee,Downtown,CC_BAR_01,410000,Gross Beverage & Food Revenue,Revenue,Revenue,706.7,USD
ACD-101325,2025-02-19,2025-02,CC100 - Hakam Global Coffee,Downtown,CC_BAR_01,510000,Direct Raw Materials (Beans/Dairy/Syrup),COGS,Direct Materials,177.14,USD
ACD-101326,2025-02-19,2025-02,CC100 - Hakam Global Coffee,Downtown,CC_BAR_01,520000,Direct Barista Labor & Payroll,COGS,Direct Labor,108.78,USD
ACD-101327,2025-02-19,2025-02,CC100 - Hakam Global Coffee,Downtown,CC_BAR_01,530000,Packaging & Sustainable Cups,COGS,Packaging,33.59,USD
ACD-101328,2025-02-19,2025-02,CC100 - Hakam Global Coffee,Downtown,CC_FAC_02,610000,Store Rent & Facility Lease,OPEX,Rent,65.13,USD
ACD-101329,2025-02-19,2025-02,CC100 - Hakam Global Coffee,Downtown,CC_FAC_02,620000,Utilities (Power/Water/Gas),OPEX,Utilities,37.77,USD
ACD-101330,2025-02-19,2025-02,CC100 - Hakam Global Coffee,Downtown,CC_MKT_03,640000,Digital Marketing & Channel Promo,OPEX,Marketing,29.73,USD
ACD-101331,2025-02-19,2025-02,CC100 - Hakam Global Coffee,Downtown,CC_ADM_04,650000,Admin & IT Support Overhead,OPEX,Admin,24.42,USD
ACD-101332,2025-02-19,2025-02,CC100 - Hakam Global Coffee,Downtown,CC_FAC_02,630000,Equipment Depreciation (Espresso/Grinders),Depreciation,Depreciation,22.48,USD
ACD-101333,2025-02-19,2025-02,CC100 - Hakam Global Coffee,Corporate Park,CC_BAR_01,410000,Gross Beverage & Food Revenue,Revenue,Revenue,635.07,USD
ACD-101334,2025-02-19,2025-02,CC100 - Hakam Global Coffee,Corporate Park,CC_BAR_01,510000,Direct Raw Materials (Beans/Dairy/Syrup),COGS,Direct Materials,150.15,USD
ACD-101335,2025-02-19,2025-02,CC100 - Hakam Global Coffee,Corporate Park,CC_BAR_01,520000,Direct Barista Labor & Payroll,COGS,Direct Labor,108.15,USD
ACD-101336,2025-02-19,2025-02,CC100 - Hakam Global Coffee,Corporate Park,CC_BAR_01,530000,Packaging & Sustainable Cups,COGS,Packaging,28.42,USD
ACD-101337,2025-02-19,2025-02,CC100 - Hakam Global Coffee,Corporate Park,CC_FAC_02,610000,Store Rent & Facility Lease,OPEX,Rent,61.97,USD
ACD-101338,2025-02-19,2025-02,CC100 - Hakam Global Coffee,Corporate Park,CC_FAC_02,620000,Utilities (Power/Water/Gas),OPEX,Utilities,24.63,USD
ACD-101339,2025-02-19,2025-02,CC100 - Hakam Global Coffee,Corporate Park,CC_MKT_03,640000,Digital Marketing & Channel Promo,OPEX,Marketing,24.99,USD
ACD-101340,2025-02-19,2025-02,CC100 - Hakam Global Coffee,Corporate Park,CC_ADM_04,650000,Admin & IT Support Overhead,OPEX,Admin,16.66,USD
ACD-101341,2025-02-19,2025-02,CC100 - Hakam Global Coffee,Corporate Park,CC_FAC_02,630000,Equipment Depreciation (Espresso/Grinders),Depreciation,Depreciation,23.39,USD
ACD-101342,2025-02-19,2025-02,CC100 - Hakam Global Coffee,University,CC_BAR_01,410000,Gross Beverage & Food Revenue,Revenue,Revenue,489.91,USD
ACD-101343,2025-02-19,2025-02,CC100 - Hakam Global Coffee,University,CC_BAR_01,510000,Direct Raw Materials (Beans/Dairy/Syrup),COGS,Direct Materials,123.63,USD
ACD-101344,2025-02-19,2025-02,CC100 - Hakam Global Coffee,University,CC_BAR_01,520000,Direct Barista Labor & Payroll,COGS,Direct Labor,80.38,USD
ACD-101345,2025-02-19,2025-02,CC100 - Hakam Global Coffee,University,CC_BAR_01,530000,Packaging & Sustainable Cups,COGS,Packaging,27.78,USD
ACD-101346,2025-02-19,2025-02,CC100 - Hakam Global Coffee,University,CC_FAC_02,610000,Store Rent & Facility Lease,OPEX,Rent,49.74,USD
ACD-101347,2025-02-19,2025-02,CC100 - Hakam Global Coffee,University,CC_FAC_02,620000,Utilities (Power/Water/Gas),OPEX,Utilities,27.9,USD
ACD-101348,2025-02-19,2025-02,CC100 - Hakam Global Coffee,University,CC_MKT_03,640000,Digital Marketing & Channel Promo,OPEX,Marketing,23.56,USD
ACD-101349,2025-02-19,2025-02,CC100 - Hakam Global Coffee,University,CC_ADM_04,650000,Admin & IT Support Overhead,OPEX,Admin,13.89,USD
ACD-101350,2025-02-19,2025-02,CC100 - Hakam Global Coffee,University,CC_FAC_02,630000,Equipment Depreciation (Espresso/Grinders),Depreciation,Depreciation,16.93,USD
ACD-101351,2025-02-20,2025-02,CC100 - Hakam Global Coffee,Downtown,CC_BAR_01,410000,Gross Beverage & Food Revenue,Revenue,Revenue,724.05,USD
ACD-101352,2025-02-20,2025-02,CC100 - Hakam Global Coffee,Downtown,CC_BAR_01,510000,Direct Raw Materials (Beans/Dairy/Syrup),COGS,Direct Materials,174.57,USD
ACD-101353,2025-02-20,2025-02,CC100 - Hakam Global Coffee,Downtown,CC_BAR_01,520000,Direct Barista Labor & Payroll,COGS,Direct Labor,129.6,USD
ACD-101354,2025-02-20,2025-02,CC100 - Hakam Global Coffee,Downtown,CC_BAR_01,530000,Packaging & Sustainable Cups,COGS,Packaging,40.79,USD
ACD-101355,2025-02-20,2025-02,CC100 - Hakam Global Coffee,Downtown,CC_FAC_02,610000,Store Rent & Facility Lease,OPEX,Rent,82.38,USD
ACD-101356,2025-02-20,2025-02,CC100 - Hakam Global Coffee,Downtown,CC_FAC_02,620000,Utilities (Power/Water/Gas),OPEX,Utilities,26.54,USD
ACD-101357,2025-02-20,2025-02,CC100 - Hakam Global Coffee,Downtown,CC_MKT_03,640000,Digital Marketing & Channel Promo,OPEX,Marketing,20.59,USD
ACD-101358,2025-02-20,2025-02,CC100 - Hakam Global Coffee,Downtown,CC_ADM_04,650000,Admin & IT Support Overhead,OPEX,Admin,22.16,USD
ACD-101359,2025-02-20,2025-02,CC100 - Hakam Global Coffee,Downtown,CC_FAC_02,630000,Equipment Depreciation (Espresso/Grinders),Depreciation,Depreciation,32.05,USD
ACD-101360,2025-02-20,2025-02,CC100 - Hakam Global Coffee,Corporate Park,CC_BAR_01,410000,Gross Beverage & Food Revenue,Revenue,Revenue,673.38,USD
ACD-101361,2025-02-20,2025-02,CC100 - Hakam Global Coffee,Corporate Park,CC_BAR_01,510000,Direct Raw Materials (Beans/Dairy/Syrup),COGS,Direct Materials,150.91,USD
ACD-101362,2025-02-20,2025-02,CC100 - Hakam Global Coffee,Corporate Park,CC_BAR_01,520000,Direct Barista Labor & Payroll,COGS,Direct Labor,118.1,USD
ACD-101363,2025-02-20,2025-02,CC100 - Hakam Global Coffee,Corporate Park,CC_BAR_01,530000,Packaging & Sustainable Cups,COGS,Packaging,38.4,USD
ACD-101364,2025-02-20,2025-02,CC100 - Hakam Global Coffee,Corporate Park,CC_FAC_02,610000,Store Rent & Facility Lease,OPEX,Rent,58.31,USD
ACD-101365,2025-02-20,2025-02,CC100 - Hakam Global Coffee,Corporate Park,CC_FAC_02,620000,Utilities (Power/Water/Gas),OPEX,Utilities,31.23,USD
ACD-101366,2025-02-20,2025-02,CC100 - Hakam Global Coffee,Corporate Park,CC_MKT_03,640000,Digital Marketing & Channel Promo,OPEX,Marketing,17.88,USD
ACD-101367,2025-02-20,2025-02,CC100 - Hakam Global Coffee,Corporate Park,CC_ADM_04,650000,Admin & IT Support Overhead,OPEX,Admin,21.91,USD
ACD-101368,2025-02-20,2025-02,CC100 - Hakam Global Coffee,Corporate Park,CC_FAC_02,630000,Equipment Depreciation (Espresso/Grinders),Depreciation,Depreciation,18.94,USD
ACD-101369,2025-02-20,2025-02,CC100 - Hakam Global Coffee,University,CC_BAR_01,410000,Gross Beverage & Food Revenue,Revenue,Revenue,524.57,USD
ACD-101370,2025-02-20,2025-02,CC100 - Hakam Global Coffee,University,CC_BAR_01,510000,Direct Raw Materials (Beans/Dairy/Syrup),COGS,Direct Materials,135.26,USD
ACD-101371,2025-02-20,2025-02,CC100 - Hakam Global Coffee,University,CC_BAR_01,520000,Direct Barista Labor & Payroll,COGS,Direct Labor,82.18,USD
ACD-101372,2025-02-20,2025-02,CC100 - Hakam Global Coffee,University,CC_BAR_01,530000,Packaging & Sustainable Cups,COGS,Packaging,25.72,USD
ACD-101373,2025-02-20,2025-02,CC100 - Hakam Global Coffee,University,CC_FAC_02,610000,Store Rent & Facility Lease,OPEX,Rent,49.39,USD
ACD-101374,2025-02-20,2025-02,CC100 - Hakam Global Coffee,University,CC_FAC_02,620000,Utilities (Power/Water/Gas),OPEX,Utilities,17.4,USD
ACD-101375,2025-02-20,2025-02,CC100 - Hakam Global Coffee,University,CC_MKT_03,640000,Digital Marketing & Channel Promo,OPEX,Marketing,12.06,USD
ACD-101376,2025-02-20,2025-02,CC100 - Hakam Global Coffee,University,CC_ADM_04,650000,Admin & IT Support Overhead,OPEX,Admin,14.27,USD
ACD-101377,2025-02-20,2025-02,CC100 - Hakam Global Coffee,University,CC_FAC_02,630000,Equipment Depreciation (Espresso/Grinders),Depreciation,Depreciation,16.49,USD
ACD-101378,2025-02-21,2025-02,CC100 - Hakam Global Coffee,Downtown,CC_BAR_01,410000,Gross Beverage & Food Revenue,Revenue,Revenue,1262.85,USD
ACD-101379,2025-02-21,2025-02,CC100 - Hakam Global Coffee,Downtown,CC_BAR_01,510000,Direct Raw Materials (Beans/Dairy/Syrup),COGS,Direct Materials,296.77,USD
ACD-101380,2025-02-21,2025-02,CC100 - Hakam Global Coffee,Downtown,CC_BAR_01,520000,Direct Barista Labor & Payroll,COGS,Direct Labor,190.5,USD
ACD-101381,2025-02-21,2025-02,CC100 - Hakam Global Coffee,Downtown,CC_BAR_01,530000,Packaging & Sustainable Cups,COGS,Packaging,74.02,USD
ACD-101382,2025-02-21,2025-02,CC100 - Hakam Global Coffee,Downtown,CC_FAC_02,610000,Store Rent & Facility Lease,OPEX,Rent,83.41,USD
ACD-101383,2025-02-21,2025-02,CC100 - Hakam Global Coffee,Downtown,CC_FAC_02,620000,Utilities (Power/Water/Gas),OPEX,Utilities,34.83,USD
ACD-101384,2025-02-21,2025-02,CC100 - Hakam Global Coffee,Downtown,CC_MKT_03,640000,Digital Marketing & Channel Promo,OPEX,Marketing,30.09,USD
ACD-101385,2025-02-21,2025-02,CC100 - Hakam Global Coffee,Downtown,CC_ADM_04,650000,Admin & IT Support Overhead,OPEX,Admin,15.36,USD
ACD-101386,2025-02-21,2025-02,CC100 - Hakam Global Coffee,Downtown,CC_FAC_02,630000,Equipment Depreciation (Espresso/Grinders),Depreciation,Depreciation,24.12,USD
ACD-101387,2025-02-21,2025-02,CC100 - Hakam Global Coffee,Corporate Park,CC_BAR_01,410000,Gross Beverage & Food Revenue,Revenue,Revenue,1004.71,USD
ACD-101388,2025-02-21,2025-02,CC100 - Hakam Global Coffee,Corporate Park,CC_BAR_01,510000,Direct Raw Materials (Beans/Dairy/Syrup),COGS,Direct Materials,249.01,USD
ACD-101389,2025-02-21,2025-02,CC100 - Hakam Global Coffee,Corporate Park,CC_BAR_01,520000,Direct Barista Labor & Payroll,COGS,Direct Labor,154.89,USD
ACD-101390,2025-02-21,2025-02,CC100 - Hakam Global Coffee,Corporate Park,CC_BAR_01,530000,Packaging & Sustainable Cups,COGS,Packaging,54.37,USD
ACD-101391,2025-02-21,2025-02,CC100 - Hakam Global Coffee,Corporate Park,CC_FAC_02,610000,Store Rent & Facility Lease,OPEX,Rent,62.07,USD
ACD-101392,2025-02-21,2025-02,CC100 - Hakam Global Coffee,Corporate Park,CC_FAC_02,620000,Utilities (Power/Water/Gas),OPEX,Utilities,20.77,USD
ACD-101393,2025-02-21,2025-02,CC100 - Hakam Global Coffee,Corporate Park,CC_MKT_03,640000,Digital Marketing & Channel Promo,OPEX,Marketing,14.98,USD
ACD-101394,2025-02-21,2025-02,CC100 - Hakam Global Coffee,Corporate Park,CC_ADM_04,650000,Admin & IT Support Overhead,OPEX,Admin,14.44,USD
ACD-101395,2025-02-21,2025-02,CC100 - Hakam Global Coffee,Corporate Park,CC_FAC_02,630000,Equipment Depreciation (Espresso/Grinders),Depreciation,Depreciation,26.85,USD
ACD-101396,2025-02-21,2025-02,CC100 - Hakam Global Coffee,University,CC_BAR_01,410000,Gross Beverage & Food Revenue,Revenue,Revenue,729.89,USD
ACD-101397,2025-02-21,2025-02,CC100 - Hakam Global Coffee,University,CC_BAR_01,510000,Direct Raw Materials (Beans/Dairy/Syrup),COGS,Direct Materials,181.81,USD
ACD-101398,2025-02-21,2025-02,CC100 - Hakam Global Coffee,University,CC_BAR_01,520000,Direct Barista Labor & Payroll,COGS,Direct Labor,121.04,USD
ACD-101399,2025-02-21,2025-02,CC100 - Hakam Global Coffee,University,CC_BAR_01,530000,Packaging & Sustainable Cups,COGS,Packaging,30.82,USD
ACD-101400,2025-02-21,2025-02,CC100 - Hakam Global Coffee,University,CC_FAC_02,610000,Store Rent & Facility Lease,OPEX,Rent,48.22,USD
ACD-101401,2025-02-21,2025-02,CC100 - Hakam Global Coffee,University,CC_FAC_02,620000,Utilities (Power/Water/Gas),OPEX,Utilities,20.53,USD
ACD-101402,2025-02-21,2025-02,CC100 - Hakam Global Coffee,University,CC_MKT_03,640000,Digital Marketing & Channel Promo,OPEX,Marketing,11.99,USD
ACD-101403,2025-02-21,2025-02,CC100 - Hakam Global Coffee,University,CC_ADM_04,650000,Admin & IT Support Overhead,OPEX,Admin,13.49,USD
ACD-101404,2025-02-21,2025-02,CC100 - Hakam Global Coffee,University,CC_FAC_02,630000,Equipment Depreciation (Espresso/Grinders),Depreciation,Depreciation,21.79,USD
ACD-101405,2025-02-22,2025-02,CC100 - Hakam Global Coffee,Downtown,CC_BAR_01,410000,Gross Beverage & Food Revenue,Revenue,Revenue,990.79,USD
ACD-101406,2025-02-22,2025-02,CC100 - Hakam Global Coffee,Downtown,CC_BAR_01,510000,Direct Raw Materials (Beans/Dairy/Syrup),COGS,Direct Materials,222.37,USD
ACD-101407,2025-02-22,2025-02,CC100 - Hakam Global Coffee,Downtown,CC_BAR_01,520000,Direct Barista Labor & Payroll,COGS,Direct Labor,175.52,USD
ACD-101408,2025-02-22,2025-02,CC100 - Hakam Global Coffee,Downtown,CC_BAR_01,530000,Packaging & Sustainable Cups,COGS,Packaging,51.46,USD
ACD-101409,2025-02-22,2025-02,CC100 - Hakam Global Coffee,Downtown,CC_FAC_02,610000,Store Rent & Facility Lease,OPEX,Rent,61.19,USD
ACD-101410,2025-02-22,2025-02,CC100 - Hakam Global Coffee,Downtown,CC_FAC_02,620000,Utilities (Power/Water/Gas),OPEX,Utilities,32.65,USD
ACD-101411,2025-02-22,2025-02,CC100 - Hakam Global Coffee,Downtown,CC_MKT_03,640000,Digital Marketing & Channel Promo,OPEX,Marketing,20.45,USD
ACD-101412,2025-02-22,2025-02,CC100 - Hakam Global Coffee,Downtown,CC_ADM_04,650000,Admin & IT Support Overhead,OPEX,Admin,15.44,USD
ACD-101413,2025-02-22,2025-02,CC100 - Hakam Global Coffee,Downtown,CC_FAC_02,630000,Equipment Depreciation (Espresso/Grinders),Depreciation,Depreciation,26.04,USD
ACD-101414,2025-02-22,2025-02,CC100 - Hakam Global Coffee,Corporate Park,CC_BAR_01,410000,Gross Beverage & Food Revenue,Revenue,Revenue,912.01,USD
ACD-101415,2025-02-22,2025-02,CC100 - Hakam Global Coffee,Corporate Park,CC_BAR_01,510000,Direct Raw Materials (Beans/Dairy/Syrup),COGS,Direct Materials,209.42,USD
ACD-101416,2025-02-22,2025-02,CC100 - Hakam Global Coffee,Corporate Park,CC_BAR_01,520000,Direct Barista Labor & Payroll,COGS,Direct Labor,148.2,USD
ACD-101417,2025-02-22,2025-02,CC100 - Hakam Global Coffee,Corporate Park,CC_BAR_01,530000,Packaging & Sustainable Cups,COGS,Packaging,48.6,USD
ACD-101418,2025-02-22,2025-02,CC100 - Hakam Global Coffee,Corporate Park,CC_FAC_02,610000,Store Rent & Facility Lease,OPEX,Rent,53.72,USD
ACD-101419,2025-02-22,2025-02,CC100 - Hakam Global Coffee,Corporate Park,CC_FAC_02,620000,Utilities (Power/Water/Gas),OPEX,Utilities,34.15,USD
ACD-101420,2025-02-22,2025-02,CC100 - Hakam Global Coffee,Corporate Park,CC_MKT_03,640000,Digital Marketing & Channel Promo,OPEX,Marketing,14.81,USD
ACD-101421,2025-02-22,2025-02,CC100 - Hakam Global Coffee,Corporate Park,CC_ADM_04,650000,Admin & IT Support Overhead,OPEX,Admin,17.55,USD
ACD-101422,2025-02-22,2025-02,CC100 - Hakam Global Coffee,Corporate Park,CC_FAC_02,630000,Equipment Depreciation (Espresso/Grinders),Depreciation,Depreciation,23.08,USD
ACD-101423,2025-02-22,2025-02,CC100 - Hakam Global Coffee,University,CC_BAR_01,410000,Gross Beverage & Food Revenue,Revenue,Revenue,886.47,USD
ACD-101424,2025-02-22,2025-02,CC100 - Hakam Global Coffee,University,CC_BAR_01,510000,Direct Raw Materials (Beans/Dairy/Syrup),COGS,Direct Materials,214.67,USD
ACD-101425,2025-02-22,2025-02,CC100 - Hakam Global Coffee,University,CC_BAR_01,520000,Direct Barista Labor & Payroll,COGS,Direct Labor,143.35,USD
ACD-101426,2025-02-22,2025-02,CC100 - Hakam Global Coffee,University,CC_BAR_01,530000,Packaging & Sustainable Cups,COGS,Packaging,43.79,USD
ACD-101427,2025-02-22,2025-02,CC100 - Hakam Global Coffee,University,CC_FAC_02,610000,Store Rent & Facility Lease,OPEX,Rent,54.83,USD
ACD-101428,2025-02-22,2025-02,CC100 - Hakam Global Coffee,University,CC_FAC_02,620000,Utilities (Power/Water/Gas),OPEX,Utilities,28.28,USD
ACD-101429,2025-02-22,2025-02,CC100 - Hakam Global Coffee,University,CC_MKT_03,640000,Digital Marketing & Channel Promo,OPEX,Marketing,14.53,USD
ACD-101430,2025-02-22,2025-02,CC100 - Hakam Global Coffee,University,CC_ADM_04,650000,Admin & IT Support Overhead,OPEX,Admin,9.65,USD
ACD-101431,2025-02-22,2025-02,CC100 - Hakam Global Coffee,University,CC_FAC_02,630000,Equipment Depreciation (Espresso/Grinders),Depreciation,Depreciation,21.74,USD
ACD-101432,2025-02-23,2025-02,CC100 - Hakam Global Coffee,Downtown,CC_BAR_01,410000,Gross Beverage & Food Revenue,Revenue,Revenue,933.93,USD
ACD-101433,2025-02-23,2025-02,CC100 - Hakam Global Coffee,Downtown,CC_BAR_01,510000,Direct Raw Materials (Beans/Dairy/Syrup),COGS,Direct Materials,232.85,USD
ACD-101434,2025-02-23,2025-02,CC100 - Hakam Global Coffee,Downtown,CC_BAR_01,520000,Direct Barista Labor & Payroll,COGS,Direct Labor,157.69,USD
ACD-101435,2025-02-23,2025-02,CC100 - Hakam Global Coffee,Downtown,CC_BAR_01,530000,Packaging & Sustainable Cups,COGS,Packaging,51.77,USD
ACD-101436,2025-02-23,2025-02,CC100 - Hakam Global Coffee,Downtown,CC_FAC_02,610000,Store Rent & Facility Lease,OPEX,Rent,80.6,USD
ACD-101437,2025-02-23,2025-02,CC100 - Hakam Global Coffee,Downtown,CC_FAC_02,620000,Utilities (Power/Water/Gas),OPEX,Utilities,29.69,USD
ACD-101438,2025-02-23,2025-02,CC100 - Hakam Global Coffee,Downtown,CC_MKT_03,640000,Digital Marketing & Channel Promo,OPEX,Marketing,16.98,USD
ACD-101439,2025-02-23,2025-02,CC100 - Hakam Global Coffee,Downtown,CC_ADM_04,650000,Admin & IT Support Overhead,OPEX,Admin,20.87,USD
ACD-101440,2025-02-23,2025-02,CC100 - Hakam Global Coffee,Downtown,CC_FAC_02,630000,Equipment Depreciation (Espresso/Grinders),Depreciation,Depreciation,31.23,USD
ACD-101441,2025-02-23,2025-02,CC100 - Hakam Global Coffee,Corporate Park,CC_BAR_01,410000,Gross Beverage & Food Revenue,Revenue,Revenue,722.38,USD
ACD-101442,2025-02-23,2025-02,CC100 - Hakam Global Coffee,Corporate Park,CC_BAR_01,510000,Direct Raw Materials (Beans/Dairy/Syrup),COGS,Direct Materials,181.44,USD
ACD-101443,2025-02-23,2025-02,CC100 - Hakam Global Coffee,Corporate Park,CC_BAR_01,520000,Direct Barista Labor & Payroll,COGS,Direct Labor,118.43,USD
ACD-101444,2025-02-23,2025-02,CC100 - Hakam Global Coffee,Corporate Park,CC_BAR_01,530000,Packaging & Sustainable Cups,COGS,Packaging,38.94,USD
ACD-101445,2025-02-23,2025-02,CC100 - Hakam Global Coffee,Corporate Park,CC_FAC_02,610000,Store Rent & Facility Lease,OPEX,Rent,66.28,USD
ACD-101446,2025-02-23,2025-02,CC100 - Hakam Global Coffee,Corporate Park,CC_FAC_02,620000,Utilities (Power/Water/Gas),OPEX,Utilities,31.9,USD
ACD-101447,2025-02-23,2025-02,CC100 - Hakam Global Coffee,Corporate Park,CC_MKT_03,640000,Digital Marketing & Channel Promo,OPEX,Marketing,14.74,USD
ACD-101448,2025-02-23,2025-02,CC100 - Hakam Global Coffee,Corporate Park,CC_ADM_04,650000,Admin & IT Support Overhead,OPEX,Admin,20.43,USD
ACD-101449,2025-02-23,2025-02,CC100 - Hakam Global Coffee,Corporate Park,CC_FAC_02,630000,Equipment Depreciation (Espresso/Grinders),Depreciation,Depreciation,22.51,USD
ACD-101450,2025-02-23,2025-02,CC100 - Hakam Global Coffee,University,CC_BAR_01,410000,Gross Beverage & Food Revenue,Revenue,Revenue,638.91,USD
ACD-101451,2025-02-23,2025-02,CC100 - Hakam Global Coffee,University,CC_BAR_01,510000,Direct Raw Materials (Beans/Dairy/Syrup),COGS,Direct Materials,141.68,USD
ACD-101452,2025-02-23,2025-02,CC100 - Hakam Global Coffee,University,CC_BAR_01,520000,Direct Barista Labor & Payroll,COGS,Direct Labor,99.66,USD
ACD-101453,2025-02-23,2025-02,CC100 - Hakam Global Coffee,University,CC_BAR_01,530000,Packaging & Sustainable Cups,COGS,Packaging,26.09,USD
ACD-101454,2025-02-23,2025-02,CC100 - Hakam Global Coffee,University,CC_FAC_02,610000,Store Rent & Facility Lease,OPEX,Rent,60.48,USD
ACD-101455,2025-02-23,2025-02,CC100 - Hakam Global Coffee,University,CC_FAC_02,620000,Utilities (Power/Water/Gas),OPEX,Utilities,22.98,USD
ACD-101456,2025-02-23,2025-02,CC100 - Hakam Global Coffee,University,CC_MKT_03,640000,Digital Marketing & Channel Promo,OPEX,Marketing,23.62,USD
ACD-101457,2025-02-23,2025-02,CC100 - Hakam Global Coffee,University,CC_ADM_04,650000,Admin & IT Support Overhead,OPEX,Admin,14.66,USD
ACD-101458,2025-02-23,2025-02,CC100 - Hakam Global Coffee,University,CC_FAC_02,630000,Equipment Depreciation (Espresso/Grinders),Depreciation,Depreciation,16.66,USD
ACD-101459,2025-02-24,2025-02,CC100 - Hakam Global Coffee,Downtown,CC_BAR_01,410000,Gross Beverage & Food Revenue,Revenue,Revenue,866.95,USD
ACD-101460,2025-02-24,2025-02,CC100 - Hakam Global Coffee,Downtown,CC_BAR_01,510000,Direct Raw Materials (Beans/Dairy/Syrup),COGS,Direct Materials,197.36,USD
ACD-101461,2025-02-24,2025-02,CC100 - Hakam Global Coffee,Downtown,CC_BAR_01,520000,Direct Barista Labor & Payroll,COGS,Direct Labor,139.33,USD
ACD-101462,2025-02-24,2025-02,CC100 - Hakam Global Coffee,Downtown,CC_BAR_01,530000,Packaging & Sustainable Cups,COGS,Packaging,48.22,USD
ACD-101463,2025-02-24,2025-02,CC100 - Hakam Global Coffee,Downtown,CC_FAC_02,610000,Store Rent & Facility Lease,OPEX,Rent,84.13,USD
ACD-101464,2025-02-24,2025-02,CC100 - Hakam Global Coffee,Downtown,CC_FAC_02,620000,Utilities (Power/Water/Gas),OPEX,Utilities,29.68,USD
ACD-101465,2025-02-24,2025-02,CC100 - Hakam Global Coffee,Downtown,CC_MKT_03,640000,Digital Marketing & Channel Promo,OPEX,Marketing,18.38,USD
ACD-101466,2025-02-24,2025-02,CC100 - Hakam Global Coffee,Downtown,CC_ADM_04,650000,Admin & IT Support Overhead,OPEX,Admin,18.47,USD
ACD-101467,2025-02-24,2025-02,CC100 - Hakam Global Coffee,Downtown,CC_FAC_02,630000,Equipment Depreciation (Espresso/Grinders),Depreciation,Depreciation,32.26,USD
ACD-101468,2025-02-24,2025-02,CC100 - Hakam Global Coffee,Corporate Park,CC_BAR_01,410000,Gross Beverage & Food Revenue,Revenue,Revenue,735.24,USD
ACD-101469,2025-02-24,2025-02,CC100 - Hakam Global Coffee,Corporate Park,CC_BAR_01,510000,Direct Raw Materials (Beans/Dairy/Syrup),COGS,Direct Materials,188.06,USD
ACD-101470,2025-02-24,2025-02,CC100 - Hakam Global Coffee,Corporate Park,CC_BAR_01,520000,Direct Barista Labor & Payroll,COGS,Direct Labor,118.81,USD
ACD-101471,2025-02-24,2025-02,CC100 - Hakam Global Coffee,Corporate Park,CC_BAR_01,530000,Packaging & Sustainable Cups,COGS,Packaging,43.73,USD
ACD-101472,2025-02-24,2025-02,CC100 - Hakam Global Coffee,Corporate Park,CC_FAC_02,610000,Store Rent & Facility Lease,OPEX,Rent,63.16,USD
ACD-101473,2025-02-24,2025-02,CC100 - Hakam Global Coffee,Corporate Park,CC_FAC_02,620000,Utilities (Power/Water/Gas),OPEX,Utilities,27.57,USD
ACD-101474,2025-02-24,2025-02,CC100 - Hakam Global Coffee,Corporate Park,CC_MKT_03,640000,Digital Marketing & Channel Promo,OPEX,Marketing,27.62,USD
ACD-101475,2025-02-24,2025-02,CC100 - Hakam Global Coffee,Corporate Park,CC_ADM_04,650000,Admin & IT Support Overhead,OPEX,Admin,17.47,USD
ACD-101476,2025-02-24,2025-02,CC100 - Hakam Global Coffee,Corporate Park,CC_FAC_02,630000,Equipment Depreciation (Espresso/Grinders),Depreciation,Depreciation,26.46,USD
ACD-101477,2025-02-24,2025-02,CC100 - Hakam Global Coffee,University,CC_BAR_01,410000,Gross Beverage & Food Revenue,Revenue,Revenue,602.98,USD
ACD-101478,2025-02-24,2025-02,CC100 - Hakam Global Coffee,University,CC_BAR_01,510000,Direct Raw Materials (Beans/Dairy/Syrup),COGS,Direct Materials,134.56,USD
ACD-101479,2025-02-24,2025-02,CC100 - Hakam Global Coffee,University,CC_BAR_01,520000,Direct Barista Labor & Payroll,COGS,Direct Labor,101.35,USD
ACD-101480,2025-02-24,2025-02,CC100 - Hakam Global Coffee,University,CC_BAR_01,530000,Packaging & Sustainable Cups,COGS,Packaging,34.04,USD
ACD-101481,2025-02-24,2025-02,CC100 - Hakam Global Coffee,University,CC_FAC_02,610000,Store Rent & Facility Lease,OPEX,Rent,53.11,USD
ACD-101482,2025-02-24,2025-02,CC100 - Hakam Global Coffee,University,CC_FAC_02,620000,Utilities (Power/Water/Gas),OPEX,Utilities,20.76,USD
ACD-101483,2025-02-24,2025-02,CC100 - Hakam Global Coffee,University,CC_MKT_03,640000,Digital Marketing & Channel Promo,OPEX,Marketing,12.39,USD
ACD-101484,2025-02-24,2025-02,CC100 - Hakam Global Coffee,University,CC_ADM_04,650000,Admin & IT Support Overhead,OPEX,Admin,15.78,USD
ACD-101485,2025-02-24,2025-02,CC100 - Hakam Global Coffee,University,CC_FAC_02,630000,Equipment Depreciation (Espresso/Grinders),Depreciation,Depreciation,17.16,USD
ACD-101486,2025-02-25,2025-02,CC100 - Hakam Global Coffee,Downtown,CC_BAR_01,410000,Gross Beverage & Food Revenue,Revenue,Revenue,808.98,USD
ACD-101487,2025-02-25,2025-02,CC100 - Hakam Global Coffee,Downtown,CC_BAR_01,510000,Direct Raw Materials (Beans/Dairy/Syrup),COGS,Direct Materials,191.76,USD
ACD-101488,2025-02-25,2025-02,CC100 - Hakam Global Coffee,Downtown,CC_BAR_01,520000,Direct Barista Labor & Payroll,COGS,Direct Labor,138.09,USD
ACD-101489,2025-02-25,2025-02,CC100 - Hakam Global Coffee,Downtown,CC_BAR_01,530000,Packaging & Sustainable Cups,COGS,Packaging,38.05,USD
ACD-101490,2025-02-25,2025-02,CC100 - Hakam Global Coffee,Downtown,CC_FAC_02,610000,Store Rent & Facility Lease,OPEX,Rent,61.89,USD
ACD-101491,2025-02-25,2025-02,CC100 - Hakam Global Coffee,Downtown,CC_FAC_02,620000,Utilities (Power/Water/Gas),OPEX,Utilities,38.39,USD
ACD-101492,2025-02-25,2025-02,CC100 - Hakam Global Coffee,Downtown,CC_MKT_03,640000,Digital Marketing & Channel Promo,OPEX,Marketing,22.39,USD
ACD-101493,2025-02-25,2025-02,CC100 - Hakam Global Coffee,Downtown,CC_ADM_04,650000,Admin & IT Support Overhead,OPEX,Admin,26.98,USD
ACD-101494,2025-02-25,2025-02,CC100 - Hakam Global Coffee,Downtown,CC_FAC_02,630000,Equipment Depreciation (Espresso/Grinders),Depreciation,Depreciation,23.96,USD
ACD-101495,2025-02-25,2025-02,CC100 - Hakam Global Coffee,Corporate Park,CC_BAR_01,410000,Gross Beverage & Food Revenue,Revenue,Revenue,812.83,USD
ACD-101496,2025-02-25,2025-02,CC100 - Hakam Global Coffee,Corporate Park,CC_BAR_01,510000,Direct Raw Materials (Beans/Dairy/Syrup),COGS,Direct Materials,209.64,USD
ACD-101497,2025-02-25,2025-02,CC100 - Hakam Global Coffee,Corporate Park,CC_BAR_01,520000,Direct Barista Labor & Payroll,COGS,Direct Labor,123.75,USD
ACD-101498,2025-02-25,2025-02,CC100 - Hakam Global Coffee,Corporate Park,CC_BAR_01,530000,Packaging & Sustainable Cups,COGS,Packaging,42.88,USD
ACD-101499,2025-02-25,2025-02,CC100 - Hakam Global Coffee,Corporate Park,CC_FAC_02,610000,Store Rent & Facility Lease,OPEX,Rent,60.11,USD
ACD-101500,2025-02-25,2025-02,CC100 - Hakam Global Coffee,Corporate Park,CC_FAC_02,620000,Utilities (Power/Water/Gas),OPEX,Utilities,31.76,USD
ACD-101501,2025-02-25,2025-02,CC100 - Hakam Global Coffee,Corporate Park,CC_MKT_03,640000,Digital Marketing & Channel Promo,OPEX,Marketing,23.96,USD
ACD-101502,2025-02-25,2025-02,CC100 - Hakam Global Coffee,Corporate Park,CC_ADM_04,650000,Admin & IT Support Overhead,OPEX,Admin,22.46,USD
ACD-101503,2025-02-25,2025-02,CC100 - Hakam Global Coffee,Corporate Park,CC_FAC_02,630000,Equipment Depreciation (Espresso/Grinders),Depreciation,Depreciation,18.89,USD
ACD-101504,2025-02-25,2025-02,CC100 - Hakam Global Coffee,University,CC_BAR_01,410000,Gross Beverage & Food Revenue,Revenue,Revenue,570.63,USD
ACD-101505,2025-02-25,2025-02,CC100 - Hakam Global Coffee,University,CC_BAR_01,510000,Direct Raw Materials (Beans/Dairy/Syrup),COGS,Direct Materials,143.37,USD
ACD-101506,2025-02-25,2025-02,CC100 - Hakam Global Coffee,University,CC_BAR_01,520000,Direct Barista Labor & Payroll,COGS,Direct Labor,86.19,USD
ACD-101507,2025-02-25,2025-02,CC100 - Hakam Global Coffee,University,CC_BAR_01,530000,Packaging & Sustainable Cups,COGS,Packaging,23.59,USD
ACD-101508,2025-02-25,2025-02,CC100 - Hakam Global Coffee,University,CC_FAC_02,610000,Store Rent & Facility Lease,OPEX,Rent,57.54,USD
ACD-101509,2025-02-25,2025-02,CC100 - Hakam Global Coffee,University,CC_FAC_02,620000,Utilities (Power/Water/Gas),OPEX,Utilities,21.28,USD
ACD-101510,2025-02-25,2025-02,CC100 - Hakam Global Coffee,University,CC_MKT_03,640000,Digital Marketing & Channel Promo,OPEX,Marketing,16.13,USD
ACD-101511,2025-02-25,2025-02,CC100 - Hakam Global Coffee,University,CC_ADM_04,650000,Admin & IT Support Overhead,OPEX,Admin,14.89,USD
ACD-101512,2025-02-25,2025-02,CC100 - Hakam Global Coffee,University,CC_FAC_02,630000,Equipment Depreciation (Espresso/Grinders),Depreciation,Depreciation,20.0,USD
ACD-101513,2025-02-26,2025-02,CC100 - Hakam Global Coffee,Downtown,CC_BAR_01,410000,Gross Beverage & Food Revenue,Revenue,Revenue,838.39,USD
ACD-101514,2025-02-26,2025-02,CC100 - Hakam Global Coffee,Downtown,CC_BAR_01,510000,Direct Raw Materials (Beans/Dairy/Syrup),COGS,Direct Materials,216.27,USD
ACD-101515,2025-02-26,2025-02,CC100 - Hakam Global Coffee,Downtown,CC_BAR_01,520000,Direct Barista Labor & Payroll,COGS,Direct Labor,135.12,USD
ACD-101516,2025-02-26,2025-02,CC100 - Hakam Global Coffee,Downtown,CC_BAR_01,530000,Packaging & Sustainable Cups,COGS,Packaging,46.33,USD
ACD-101517,2025-02-26,2025-02,CC100 - Hakam Global Coffee,Downtown,CC_FAC_02,610000,Store Rent & Facility Lease,OPEX,Rent,76.25,USD
ACD-101518,2025-02-26,2025-02,CC100 - Hakam Global Coffee,Downtown,CC_FAC_02,620000,Utilities (Power/Water/Gas),OPEX,Utilities,32.88,USD
ACD-101519,2025-02-26,2025-02,CC100 - Hakam Global Coffee,Downtown,CC_MKT_03,640000,Digital Marketing & Channel Promo,OPEX,Marketing,23.19,USD
ACD-101520,2025-02-26,2025-02,CC100 - Hakam Global Coffee,Downtown,CC_ADM_04,650000,Admin & IT Support Overhead,OPEX,Admin,22.27,USD
ACD-101521,2025-02-26,2025-02,CC100 - Hakam Global Coffee,Downtown,CC_FAC_02,630000,Equipment Depreciation (Espresso/Grinders),Depreciation,Depreciation,23.62,USD
ACD-101522,2025-02-26,2025-02,CC100 - Hakam Global Coffee,Corporate Park,CC_BAR_01,410000,Gross Beverage & Food Revenue,Revenue,Revenue,528.81,USD
ACD-101523,2025-02-26,2025-02,CC100 - Hakam Global Coffee,Corporate Park,CC_BAR_01,510000,Direct Raw Materials (Beans/Dairy/Syrup),COGS,Direct Materials,131.9,USD
ACD-101524,2025-02-26,2025-02,CC100 - Hakam Global Coffee,Corporate Park,CC_BAR_01,520000,Direct Barista Labor & Payroll,COGS,Direct Labor,87.24,USD
ACD-101525,2025-02-26,2025-02,CC100 - Hakam Global Coffee,Corporate Park,CC_BAR_01,530000,Packaging & Sustainable Cups,COGS,Packaging,25.25,USD
ACD-101526,2025-02-26,2025-02,CC100 - Hakam Global Coffee,Corporate Park,CC_FAC_02,610000,Store Rent & Facility Lease,OPEX,Rent,64.67,USD
ACD-101527,2025-02-26,2025-02,CC100 - Hakam Global Coffee,Corporate Park,CC_FAC_02,620000,Utilities (Power/Water/Gas),OPEX,Utilities,24.31,USD
ACD-101528,2025-02-26,2025-02,CC100 - Hakam Global Coffee,Corporate Park,CC_MKT_03,640000,Digital Marketing & Channel Promo,OPEX,Marketing,17.69,USD
ACD-101529,2025-02-26,2025-02,CC100 - Hakam Global Coffee,Corporate Park,CC_ADM_04,650000,Admin & IT Support Overhead,OPEX,Admin,16.63,USD
ACD-101530,2025-02-26,2025-02,CC100 - Hakam Global Coffee,Corporate Park,CC_FAC_02,630000,Equipment Depreciation (Espresso/Grinders),Depreciation,Depreciation,28.71,USD
ACD-101531,2025-02-26,2025-02,CC100 - Hakam Global Coffee,University,CC_BAR_01,410000,Gross Beverage & Food Revenue,Revenue,Revenue,483.44,USD
ACD-101532,2025-02-26,2025-02,CC100 - Hakam Global Coffee,University,CC_BAR_01,510000,Direct Raw Materials (Beans/Dairy/Syrup),COGS,Direct Materials,124.08,USD
ACD-101533,2025-02-26,2025-02,CC100 - Hakam Global Coffee,University,CC_BAR_01,520000,Direct Barista Labor & Payroll,COGS,Direct Labor,79.64,USD
ACD-101534,2025-02-26,2025-02,CC100 - Hakam Global Coffee,University,CC_BAR_01,530000,Packaging & Sustainable Cups,COGS,Packaging,20.52,USD
ACD-101535,2025-02-26,2025-02,CC100 - Hakam Global Coffee,University,CC_FAC_02,610000,Store Rent & Facility Lease,OPEX,Rent,58.95,USD
ACD-101536,2025-02-26,2025-02,CC100 - Hakam Global Coffee,University,CC_FAC_02,620000,Utilities (Power/Water/Gas),OPEX,Utilities,22.25,USD
ACD-101537,2025-02-26,2025-02,CC100 - Hakam Global Coffee,University,CC_MKT_03,640000,Digital Marketing & Channel Promo,OPEX,Marketing,22.5,USD
ACD-101538,2025-02-26,2025-02,CC100 - Hakam Global Coffee,University,CC_ADM_04,650000,Admin & IT Support Overhead,OPEX,Admin,13.73,USD
ACD-101539,2025-02-26,2025-02,CC100 - Hakam Global Coffee,University,CC_FAC_02,630000,Equipment Depreciation (Espresso/Grinders),Depreciation,Depreciation,15.08,USD
ACD-101540,2025-02-27,2025-02,CC100 - Hakam Global Coffee,Downtown,CC_BAR_01,410000,Gross Beverage & Food Revenue,Revenue,Revenue,839.5,USD
ACD-101541,2025-02-27,2025-02,CC100 - Hakam Global Coffee,Downtown,CC_BAR_01,510000,Direct Raw Materials (Beans/Dairy/Syrup),COGS,Direct Materials,213.08,USD
ACD-101542,2025-02-27,2025-02,CC100 - Hakam Global Coffee,Downtown,CC_BAR_01,520000,Direct Barista Labor & Payroll,COGS,Direct Labor,133.97,USD
ACD-101543,2025-02-27,2025-02,CC100 - Hakam Global Coffee,Downtown,CC_BAR_01,530000,Packaging & Sustainable Cups,COGS,Packaging,39.41,USD
ACD-101544,2025-02-27,2025-02,CC100 - Hakam Global Coffee,Downtown,CC_FAC_02,610000,Store Rent & Facility Lease,OPEX,Rent,62.5,USD
ACD-101545,2025-02-27,2025-02,CC100 - Hakam Global Coffee,Downtown,CC_FAC_02,620000,Utilities (Power/Water/Gas),OPEX,Utilities,33.08,USD
ACD-101546,2025-02-27,2025-02,CC100 - Hakam Global Coffee,Downtown,CC_MKT_03,640000,Digital Marketing & Channel Promo,OPEX,Marketing,31.84,USD
ACD-101547,2025-02-27,2025-02,CC100 - Hakam Global Coffee,Downtown,CC_ADM_04,650000,Admin & IT Support Overhead,OPEX,Admin,24.99,USD
ACD-101548,2025-02-27,2025-02,CC100 - Hakam Global Coffee,Downtown,CC_FAC_02,630000,Equipment Depreciation (Espresso/Grinders),Depreciation,Depreciation,29.86,USD
ACD-101549,2025-02-27,2025-02,CC100 - Hakam Global Coffee,Corporate Park,CC_BAR_01,410000,Gross Beverage & Food Revenue,Revenue,Revenue,795.56,USD
ACD-101550,2025-02-27,2025-02,CC100 - Hakam Global Coffee,Corporate Park,CC_BAR_01,510000,Direct Raw Materials (Beans/Dairy/Syrup),COGS,Direct Materials,195.32,USD
ACD-101551,2025-02-27,2025-02,CC100 - Hakam Global Coffee,Corporate Park,CC_BAR_01,520000,Direct Barista Labor & Payroll,COGS,Direct Labor,138.28,USD
ACD-101552,2025-02-27,2025-02,CC100 - Hakam Global Coffee,Corporate Park,CC_BAR_01,530000,Packaging & Sustainable Cups,COGS,Packaging,39.92,USD
ACD-101553,2025-02-27,2025-02,CC100 - Hakam Global Coffee,Corporate Park,CC_FAC_02,610000,Store Rent & Facility Lease,OPEX,Rent,54.54,USD
ACD-101554,2025-02-27,2025-02,CC100 - Hakam Global Coffee,Corporate Park,CC_FAC_02,620000,Utilities (Power/Water/Gas),OPEX,Utilities,23.47,USD
ACD-101555,2025-02-27,2025-02,CC100 - Hakam Global Coffee,Corporate Park,CC_MKT_03,640000,Digital Marketing & Channel Promo,OPEX,Marketing,15.88,USD
ACD-101556,2025-02-27,2025-02,CC100 - Hakam Global Coffee,Corporate Park,CC_ADM_04,650000,Admin & IT Support Overhead,OPEX,Admin,20.59,USD
ACD-101557,2025-02-27,2025-02,CC100 - Hakam Global Coffee,Corporate Park,CC_FAC_02,630000,Equipment Depreciation (Espresso/Grinders),Depreciation,Depreciation,17.55,USD
ACD-101558,2025-02-27,2025-02,CC100 - Hakam Global Coffee,University,CC_BAR_01,410000,Gross Beverage & Food Revenue,Revenue,Revenue,556.13,USD
ACD-101559,2025-02-27,2025-02,CC100 - Hakam Global Coffee,University,CC_BAR_01,510000,Direct Raw Materials (Beans/Dairy/Syrup),COGS,Direct Materials,130.56,USD
ACD-101560,2025-02-27,2025-02,CC100 - Hakam Global Coffee,University,CC_BAR_01,520000,Direct Barista Labor & Payroll,COGS,Direct Labor,96.83,USD
ACD-101561,2025-02-27,2025-02,CC100 - Hakam Global Coffee,University,CC_BAR_01,530000,Packaging & Sustainable Cups,COGS,Packaging,28.38,USD
ACD-101562,2025-02-27,2025-02,CC100 - Hakam Global Coffee,University,CC_FAC_02,610000,Store Rent & Facility Lease,OPEX,Rent,54.38,USD
ACD-101563,2025-02-27,2025-02,CC100 - Hakam Global Coffee,University,CC_FAC_02,620000,Utilities (Power/Water/Gas),OPEX,Utilities,18.08,USD
ACD-101564,2025-02-27,2025-02,CC100 - Hakam Global Coffee,University,CC_MKT_03,640000,Digital Marketing & Channel Promo,OPEX,Marketing,15.22,USD
ACD-101565,2025-02-27,2025-02,CC100 - Hakam Global Coffee,University,CC_ADM_04,650000,Admin & IT Support Overhead,OPEX,Admin,19.0,USD
ACD-101566,2025-02-27,2025-02,CC100 - Hakam Global Coffee,University,CC_FAC_02,630000,Equipment Depreciation (Espresso/Grinders),Depreciation,Depreciation,21.08,USD
ACD-101567,2025-02-28,2025-02,CC100 - Hakam Global Coffee,Downtown,CC_BAR_01,410000,Gross Beverage & Food Revenue,Revenue,Revenue,1025.51,USD
ACD-101568,2025-02-28,2025-02,CC100 - Hakam Global Coffee,Downtown,CC_BAR_01,510000,Direct Raw Materials (Beans/Dairy/Syrup),COGS,Direct Materials,257.16,USD
ACD-101569,2025-02-28,2025-02,CC100 - Hakam Global Coffee,Downtown,CC_BAR_01,520000,Direct Barista Labor & Payroll,COGS,Direct Labor,179.16,USD
ACD-101570,2025-02-28,2025-02,CC100 - Hakam Global Coffee,Downtown,CC_BAR_01,530000,Packaging & Sustainable Cups,COGS,Packaging,42.53,USD
ACD-101571,2025-02-28,2025-02,CC100 - Hakam Global Coffee,Downtown,CC_FAC_02,610000,Store Rent & Facility Lease,OPEX,Rent,87.0,USD
ACD-101572,2025-02-28,2025-02,CC100 - Hakam Global Coffee,Downtown,CC_FAC_02,620000,Utilities (Power/Water/Gas),OPEX,Utilities,34.71,USD
ACD-101573,2025-02-28,2025-02,CC100 - Hakam Global Coffee,Downtown,CC_MKT_03,640000,Digital Marketing & Channel Promo,OPEX,Marketing,24.1,USD
ACD-101574,2025-02-28,2025-02,CC100 - Hakam Global Coffee,Downtown,CC_ADM_04,650000,Admin & IT Support Overhead,OPEX,Admin,22.68,USD
ACD-101575,2025-02-28,2025-02,CC100 - Hakam Global Coffee,Downtown,CC_FAC_02,630000,Equipment Depreciation (Espresso/Grinders),Depreciation,Depreciation,24.9,USD
ACD-101576,2025-02-28,2025-02,CC100 - Hakam Global Coffee,Corporate Park,CC_BAR_01,410000,Gross Beverage & Food Revenue,Revenue,Revenue,1025.5,USD
ACD-101577,2025-02-28,2025-02,CC100 - Hakam Global Coffee,Corporate Park,CC_BAR_01,510000,Direct Raw Materials (Beans/Dairy/Syrup),COGS,Direct Materials,257.62,USD
ACD-101578,2025-02-28,2025-02,CC100 - Hakam Global Coffee,Corporate Park,CC_BAR_01,520000,Direct Barista Labor & Payroll,COGS,Direct Labor,173.51,USD
ACD-101579,2025-02-28,2025-02,CC100 - Hakam Global Coffee,Corporate Park,CC_BAR_01,530000,Packaging & Sustainable Cups,COGS,Packaging,44.75,USD
ACD-101580,2025-02-28,2025-02,CC100 - Hakam Global Coffee,Corporate Park,CC_FAC_02,610000,Store Rent & Facility Lease,OPEX,Rent,73.97,USD
ACD-101581,2025-02-28,2025-02,CC100 - Hakam Global Coffee,Corporate Park,CC_FAC_02,620000,Utilities (Power/Water/Gas),OPEX,Utilities,26.67,USD
ACD-101582,2025-02-28,2025-02,CC100 - Hakam Global Coffee,Corporate Park,CC_MKT_03,640000,Digital Marketing & Channel Promo,OPEX,Marketing,27.42,USD
ACD-101583,2025-02-28,2025-02,CC100 - Hakam Global Coffee,Corporate Park,CC_ADM_04,650000,Admin & IT Support Overhead,OPEX,Admin,12.14,USD
ACD-101584,2025-02-28,2025-02,CC100 - Hakam Global Coffee,Corporate Park,CC_FAC_02,630000,Equipment Depreciation (Espresso/Grinders),Depreciation,Depreciation,18.68,USD
ACD-101585,2025-02-28,2025-02,CC100 - Hakam Global Coffee,University,CC_BAR_01,410000,Gross Beverage & Food Revenue,Revenue,Revenue,588.89,USD
ACD-101586,2025-02-28,2025-02,CC100 - Hakam Global Coffee,University,CC_BAR_01,510000,Direct Raw Materials (Beans/Dairy/Syrup),COGS,Direct Materials,133.43,USD
ACD-101587,2025-02-28,2025-02,CC100 - Hakam Global Coffee,University,CC_BAR_01,520000,Direct Barista Labor & Payroll,COGS,Direct Labor,94.03,USD
ACD-101588,2025-02-28,2025-02,CC100 - Hakam Global Coffee,University,CC_BAR_01,530000,Packaging & Sustainable Cups,COGS,Packaging,31.91,USD
ACD-101589,2025-02-28,2025-02,CC100 - Hakam Global Coffee,University,CC_FAC_02,610000,Store Rent & Facility Lease,OPEX,Rent,49.32,USD
ACD-101590,2025-02-28,2025-02,CC100 - Hakam Global Coffee,University,CC_FAC_02,620000,Utilities (Power/Water/Gas),OPEX,Utilities,27.83,USD
ACD-101591,2025-02-28,2025-02,CC100 - Hakam Global Coffee,University,CC_MKT_03,640000,Digital Marketing & Channel Promo,OPEX,Marketing,22.45,USD
ACD-101592,2025-02-28,2025-02,CC100 - Hakam Global Coffee,University,CC_ADM_04,650000,Admin & IT Support Overhead,OPEX,Admin,17.54,USD
ACD-101593,2025-02-28,2025-02,CC100 - Hakam Global Coffee,University,CC_FAC_02,630000,Equipment Depreciation (Espresso/Grinders),Depreciation,Depreciation,16.63,USD
ACD-101594,2025-03-01,2025-03,CC100 - Hakam Global Coffee,Downtown,CC_BAR_01,410000,Gross Beverage & Food Revenue,Revenue,Revenue,1080.87,USD
ACD-101595,2025-03-01,2025-03,CC100 - Hakam Global Coffee,Downtown,CC_BAR_01,510000,Direct Raw Materials (Beans/Dairy/Syrup),COGS,Direct Materials,261.61,USD
ACD-101596,2025-03-01,2025-03,CC100 - Hakam Global Coffee,Downtown,CC_BAR_01,520000,Direct Barista Labor & Payroll,COGS,Direct Labor,166.19,USD
ACD-101597,2025-03-01,2025-03,CC100 - Hakam Global Coffee,Downtown,CC_BAR_01,530000,Packaging & Sustainable Cups,COGS,Packaging,49.78,USD
ACD-101598,2025-03-01,2025-03,CC100 - Hakam Global Coffee,Downtown,CC_FAC_02,610000,Store Rent & Facility Lease,OPEX,Rent,75.15,USD
ACD-101599,2025-03-01,2025-03,CC100 - Hakam Global Coffee,Downtown,CC_FAC_02,620000,Utilities (Power/Water/Gas),OPEX,Utilities,32.44,USD
ACD-101600,2025-03-01,2025-03,CC100 - Hakam Global Coffee,Downtown,CC_MKT_03,640000,Digital Marketing & Channel Promo,OPEX,Marketing,19.16,USD
ACD-101601,2025-03-01,2025-03,CC100 - Hakam Global Coffee,Downtown,CC_ADM_04,650000,Admin & IT Support Overhead,OPEX,Admin,26.21,USD
ACD-101602,2025-03-01,2025-03,CC100 - Hakam Global Coffee,Downtown,CC_FAC_02,630000,Equipment Depreciation (Espresso/Grinders),Depreciation,Depreciation,22.33,USD
ACD-101603,2025-03-01,2025-03,CC100 - Hakam Global Coffee,Corporate Park,CC_BAR_01,410000,Gross Beverage & Food Revenue,Revenue,Revenue,930.95,USD
ACD-101604,2025-03-01,2025-03,CC100 - Hakam Global Coffee,Corporate Park,CC_BAR_01,510000,Direct Raw Materials (Beans/Dairy/Syrup),COGS,Direct Materials,231.64,USD
ACD-101605,2025-03-01,2025-03,CC100 - Hakam Global Coffee,Corporate Park,CC_BAR_01,520000,Direct Barista Labor & Payroll,COGS,Direct Labor,156.54,USD
ACD-101606,2025-03-01,2025-03,CC100 - Hakam Global Coffee,Corporate Park,CC_BAR_01,530000,Packaging & Sustainable Cups,COGS,Packaging,52.93,USD
ACD-101607,2025-03-01,2025-03,CC100 - Hakam Global Coffee,Corporate Park,CC_FAC_02,610000,Store Rent & Facility Lease,OPEX,Rent,64.71,USD
ACD-101608,2025-03-01,2025-03,CC100 - Hakam Global Coffee,Corporate Park,CC_FAC_02,620000,Utilities (Power/Water/Gas),OPEX,Utilities,32.09,USD
ACD-101609,2025-03-01,2025-03,CC100 - Hakam Global Coffee,Corporate Park,CC_MKT_03,640000,Digital Marketing & Channel Promo,OPEX,Marketing,14.22,USD
ACD-101610,2025-03-01,2025-03,CC100 - Hakam Global Coffee,Corporate Park,CC_ADM_04,650000,Admin & IT Support Overhead,OPEX,Admin,12.02,USD
ACD-101611,2025-03-01,2025-03,CC100 - Hakam Global Coffee,Corporate Park,CC_FAC_02,630000,Equipment Depreciation (Espresso/Grinders),Depreciation,Depreciation,24.63,USD
ACD-101612,2025-03-01,2025-03,CC100 - Hakam Global Coffee,University,CC_BAR_01,410000,Gross Beverage & Food Revenue,Revenue,Revenue,739.85,USD
ACD-101613,2025-03-01,2025-03,CC100 - Hakam Global Coffee,University,CC_BAR_01,510000,Direct Raw Materials (Beans/Dairy/Syrup),COGS,Direct Materials,182.04,USD
ACD-101614,2025-03-01,2025-03,CC100 - Hakam Global Coffee,University,CC_BAR_01,520000,Direct Barista Labor & Payroll,COGS,Direct Labor,128.0,USD
ACD-101615,2025-03-01,2025-03,CC100 - Hakam Global Coffee,University,CC_BAR_01,530000,Packaging & Sustainable Cups,COGS,Packaging,35.76,USD
ACD-101616,2025-03-01,2025-03,CC100 - Hakam Global Coffee,University,CC_FAC_02,610000,Store Rent & Facility Lease,OPEX,Rent,54.89,USD
ACD-101617,2025-03-01,2025-03,CC100 - Hakam Global Coffee,University,CC_FAC_02,620000,Utilities (Power/Water/Gas),OPEX,Utilities,22.78,USD
ACD-101618,2025-03-01,2025-03,CC100 - Hakam Global Coffee,University,CC_MKT_03,640000,Digital Marketing & Channel Promo,OPEX,Marketing,19.15,USD
ACD-101619,2025-03-01,2025-03,CC100 - Hakam Global Coffee,University,CC_ADM_04,650000,Admin & IT Support Overhead,OPEX,Admin,12.25,USD
ACD-101620,2025-03-01,2025-03,CC100 - Hakam Global Coffee,University,CC_FAC_02,630000,Equipment Depreciation (Espresso/Grinders),Depreciation,Depreciation,23.34,USD
ACD-101621,2025-03-02,2025-03,CC100 - Hakam Global Coffee,Downtown,CC_BAR_01,410000,Gross Beverage & Food Revenue,Revenue,Revenue,1003.87,USD
ACD-101622,2025-03-02,2025-03,CC100 - Hakam Global Coffee,Downtown,CC_BAR_01,510000,Direct Raw Materials (Beans/Dairy/Syrup),COGS,Direct Materials,253.16,USD
ACD-101623,2025-03-02,2025-03,CC100 - Hakam Global Coffee,Downtown,CC_BAR_01,520000,Direct Barista Labor & Payroll,COGS,Direct Labor,171.21,USD
ACD-101624,2025-03-02,2025-03,CC100 - Hakam Global Coffee,Downtown,CC_BAR_01,530000,Packaging & Sustainable Cups,COGS,Packaging,46.13,USD
ACD-101625,2025-03-02,2025-03,CC100 - Hakam Global Coffee,Downtown,CC_FAC_02,610000,Store Rent & Facility Lease,OPEX,Rent,62.72,USD
ACD-101626,2025-03-02,2025-03,CC100 - Hakam Global Coffee,Downtown,CC_FAC_02,620000,Utilities (Power/Water/Gas),OPEX,Utilities,25.27,USD
ACD-101627,2025-03-02,2025-03,CC100 - Hakam Global Coffee,Downtown,CC_MKT_03,640000,Digital Marketing & Channel Promo,OPEX,Marketing,23.92,USD
ACD-101628,2025-03-02,2025-03,CC100 - Hakam Global Coffee,Downtown,CC_ADM_04,650000,Admin & IT Support Overhead,OPEX,Admin,20.04,USD
ACD-101629,2025-03-02,2025-03,CC100 - Hakam Global Coffee,Downtown,CC_FAC_02,630000,Equipment Depreciation (Espresso/Grinders),Depreciation,Depreciation,23.0,USD
ACD-101630,2025-03-02,2025-03,CC100 - Hakam Global Coffee,Corporate Park,CC_BAR_01,410000,Gross Beverage & Food Revenue,Revenue,Revenue,908.5,USD
ACD-101631,2025-03-02,2025-03,CC100 - Hakam Global Coffee,Corporate Park,CC_BAR_01,510000,Direct Raw Materials (Beans/Dairy/Syrup),COGS,Direct Materials,211.23,USD
ACD-101632,2025-03-02,2025-03,CC100 - Hakam Global Coffee,Corporate Park,CC_BAR_01,520000,Direct Barista Labor & Payroll,COGS,Direct Labor,155.85,USD
ACD-101633,2025-03-02,2025-03,CC100 - Hakam Global Coffee,Corporate Park,CC_BAR_01,530000,Packaging & Sustainable Cups,COGS,Packaging,49.68,USD
ACD-101634,2025-03-02,2025-03,CC100 - Hakam Global Coffee,Corporate Park,CC_FAC_02,610000,Store Rent & Facility Lease,OPEX,Rent,71.55,USD
ACD-101635,2025-03-02,2025-03,CC100 - Hakam Global Coffee,Corporate Park,CC_FAC_02,620000,Utilities (Power/Water/Gas),OPEX,Utilities,34.16,USD
ACD-101636,2025-03-02,2025-03,CC100 - Hakam Global Coffee,Corporate Park,CC_MKT_03,640000,Digital Marketing & Channel Promo,OPEX,Marketing,15.75,USD
ACD-101637,2025-03-02,2025-03,CC100 - Hakam Global Coffee,Corporate Park,CC_ADM_04,650000,Admin & IT Support Overhead,OPEX,Admin,15.76,USD
ACD-101638,2025-03-02,2025-03,CC100 - Hakam Global Coffee,Corporate Park,CC_FAC_02,630000,Equipment Depreciation (Espresso/Grinders),Depreciation,Depreciation,23.71,USD
ACD-101639,2025-03-02,2025-03,CC100 - Hakam Global Coffee,University,CC_BAR_01,410000,Gross Beverage & Food Revenue,Revenue,Revenue,648.06,USD
ACD-101640,2025-03-02,2025-03,CC100 - Hakam Global Coffee,University,CC_BAR_01,510000,Direct Raw Materials (Beans/Dairy/Syrup),COGS,Direct Materials,154.67,USD
ACD-101641,2025-03-02,2025-03,CC100 - Hakam Global Coffee,University,CC_BAR_01,520000,Direct Barista Labor & Payroll,COGS,Direct Labor,102.41,USD
ACD-101642,2025-03-02,2025-03,CC100 - Hakam Global Coffee,University,CC_BAR_01,530000,Packaging & Sustainable Cups,COGS,Packaging,29.14,USD
ACD-101643,2025-03-02,2025-03,CC100 - Hakam Global Coffee,University,CC_FAC_02,610000,Store Rent & Facility Lease,OPEX,Rent,44.59,USD
ACD-101644,2025-03-02,2025-03,CC100 - Hakam Global Coffee,University,CC_FAC_02,620000,Utilities (Power/Water/Gas),OPEX,Utilities,20.41,USD
ACD-101645,2025-03-02,2025-03,CC100 - Hakam Global Coffee,University,CC_MKT_03,640000,Digital Marketing & Channel Promo,OPEX,Marketing,16.14,USD
ACD-101646,2025-03-02,2025-03,CC100 - Hakam Global Coffee,University,CC_ADM_04,650000,Admin & IT Support Overhead,OPEX,Admin,15.35,USD
ACD-101647,2025-03-02,2025-03,CC100 - Hakam Global Coffee,University,CC_FAC_02,630000,Equipment Depreciation (Espresso/Grinders),Depreciation,Depreciation,16.61,USD
ACD-101648,2025-03-03,2025-03,CC100 - Hakam Global Coffee,Downtown,CC_BAR_01,410000,Gross Beverage & Food Revenue,Revenue,Revenue,910.05,USD
ACD-101649,2025-03-03,2025-03,CC100 - Hakam Global Coffee,Downtown,CC_BAR_01,510000,Direct Raw Materials (Beans/Dairy/Syrup),COGS,Direct Materials,206.02,USD
ACD-101650,2025-03-03,2025-03,CC100 - Hakam Global Coffee,Downtown,CC_BAR_01,520000,Direct Barista Labor & Payroll,COGS,Direct Labor,145.45,USD
ACD-101651,2025-03-03,2025-03,CC100 - Hakam Global Coffee,Downtown,CC_BAR_01,530000,Packaging & Sustainable Cups,COGS,Packaging,46.92,USD
ACD-101652,2025-03-03,2025-03,CC100 - Hakam Global Coffee,Downtown,CC_FAC_02,610000,Store Rent & Facility Lease,OPEX,Rent,69.19,USD
ACD-101653,2025-03-03,2025-03,CC100 - Hakam Global Coffee,Downtown,CC_FAC_02,620000,Utilities (Power/Water/Gas),OPEX,Utilities,36.66,USD
ACD-101654,2025-03-03,2025-03,CC100 - Hakam Global Coffee,Downtown,CC_MKT_03,640000,Digital Marketing & Channel Promo,OPEX,Marketing,24.94,USD
ACD-101655,2025-03-03,2025-03,CC100 - Hakam Global Coffee,Downtown,CC_ADM_04,650000,Admin & IT Support Overhead,OPEX,Admin,20.45,USD
ACD-101656,2025-03-03,2025-03,CC100 - Hakam Global Coffee,Downtown,CC_FAC_02,630000,Equipment Depreciation (Espresso/Grinders),Depreciation,Depreciation,26.98,USD
ACD-101657,2025-03-03,2025-03,CC100 - Hakam Global Coffee,Corporate Park,CC_BAR_01,410000,Gross Beverage & Food Revenue,Revenue,Revenue,592.75,USD
ACD-101658,2025-03-03,2025-03,CC100 - Hakam Global Coffee,Corporate Park,CC_BAR_01,510000,Direct Raw Materials (Beans/Dairy/Syrup),COGS,Direct Materials,130.95,USD
ACD-101659,2025-03-03,2025-03,CC100 - Hakam Global Coffee,Corporate Park,CC_BAR_01,520000,Direct Barista Labor & Payroll,COGS,Direct Labor,105.72,USD
ACD-101660,2025-03-03,2025-03,CC100 - Hakam Global Coffee,Corporate Park,CC_BAR_01,530000,Packaging & Sustainable Cups,COGS,Packaging,29.7,USD
ACD-101661,2025-03-03,2025-03,CC100 - Hakam Global Coffee,Corporate Park,CC_FAC_02,610000,Store Rent & Facility Lease,OPEX,Rent,73.98,USD
ACD-101662,2025-03-03,2025-03,CC100 - Hakam Global Coffee,Corporate Park,CC_FAC_02,620000,Utilities (Power/Water/Gas),OPEX,Utilities,23.67,USD
ACD-101663,2025-03-03,2025-03,CC100 - Hakam Global Coffee,Corporate Park,CC_MKT_03,640000,Digital Marketing & Channel Promo,OPEX,Marketing,19.08,USD
ACD-101664,2025-03-03,2025-03,CC100 - Hakam Global Coffee,Corporate Park,CC_ADM_04,650000,Admin & IT Support Overhead,OPEX,Admin,12.08,USD
ACD-101665,2025-03-03,2025-03,CC100 - Hakam Global Coffee,Corporate Park,CC_FAC_02,630000,Equipment Depreciation (Espresso/Grinders),Depreciation,Depreciation,22.94,USD
ACD-101666,2025-03-03,2025-03,CC100 - Hakam Global Coffee,University,CC_BAR_01,410000,Gross Beverage & Food Revenue,Revenue,Revenue,645.02,USD
ACD-101667,2025-03-03,2025-03,CC100 - Hakam Global Coffee,University,CC_BAR_01,510000,Direct Raw Materials (Beans/Dairy/Syrup),COGS,Direct Materials,158.78,USD
ACD-101668,2025-03-03,2025-03,CC100 - Hakam Global Coffee,University,CC_BAR_01,520000,Direct Barista Labor & Payroll,COGS,Direct Labor,105.86,USD
ACD-101669,2025-03-03,2025-03,CC100 - Hakam Global Coffee,University,CC_BAR_01,530000,Packaging & Sustainable Cups,COGS,Packaging,32.72,USD
ACD-101670,2025-03-03,2025-03,CC100 - Hakam Global Coffee,University,CC_FAC_02,610000,Store Rent & Facility Lease,OPEX,Rent,58.85,USD
ACD-101671,2025-03-03,2025-03,CC100 - Hakam Global Coffee,University,CC_FAC_02,620000,Utilities (Power/Water/Gas),OPEX,Utilities,22.01,USD
ACD-101672,2025-03-03,2025-03,CC100 - Hakam Global Coffee,University,CC_MKT_03,640000,Digital Marketing & Channel Promo,OPEX,Marketing,22.3,USD
ACD-101673,2025-03-03,2025-03,CC100 - Hakam Global Coffee,University,CC_ADM_04,650000,Admin & IT Support Overhead,OPEX,Admin,16.41,USD
ACD-101674,2025-03-03,2025-03,CC100 - Hakam Global Coffee,University,CC_FAC_02,630000,Equipment Depreciation (Espresso/Grinders),Depreciation,Depreciation,21.51,USD
ACD-101675,2025-03-04,2025-03,CC100 - Hakam Global Coffee,Downtown,CC_BAR_01,410000,Gross Beverage & Food Revenue,Revenue,Revenue,717.92,USD
ACD-101676,2025-03-04,2025-03,CC100 - Hakam Global Coffee,Downtown,CC_BAR_01,510000,Direct Raw Materials (Beans/Dairy/Syrup),COGS,Direct Materials,169.45,USD
ACD-101677,2025-03-04,2025-03,CC100 - Hakam Global Coffee,Downtown,CC_BAR_01,520000,Direct Barista Labor & Payroll,COGS,Direct Labor,119.97,USD
ACD-101678,2025-03-04,2025-03,CC100 - Hakam Global Coffee,Downtown,CC_BAR_01,530000,Packaging & Sustainable Cups,COGS,Packaging,31.51,USD
ACD-101679,2025-03-04,2025-03,CC100 - Hakam Global Coffee,Downtown,CC_FAC_02,610000,Store Rent & Facility Lease,OPEX,Rent,75.69,USD
ACD-101680,2025-03-04,2025-03,CC100 - Hakam Global Coffee,Downtown,CC_FAC_02,620000,Utilities (Power/Water/Gas),OPEX,Utilities,25.49,USD
ACD-101681,2025-03-04,2025-03,CC100 - Hakam Global Coffee,Downtown,CC_MKT_03,640000,Digital Marketing & Channel Promo,OPEX,Marketing,25.05,USD
ACD-101682,2025-03-04,2025-03,CC100 - Hakam Global Coffee,Downtown,CC_ADM_04,650000,Admin & IT Support Overhead,OPEX,Admin,23.82,USD
ACD-101683,2025-03-04,2025-03,CC100 - Hakam Global Coffee,Downtown,CC_FAC_02,630000,Equipment Depreciation (Espresso/Grinders),Depreciation,Depreciation,24.03,USD
ACD-101684,2025-03-04,2025-03,CC100 - Hakam Global Coffee,Corporate Park,CC_BAR_01,410000,Gross Beverage & Food Revenue,Revenue,Revenue,815.8,USD
ACD-101685,2025-03-04,2025-03,CC100 - Hakam Global Coffee,Corporate Park,CC_BAR_01,510000,Direct Raw Materials (Beans/Dairy/Syrup),COGS,Direct Materials,201.68,USD
ACD-101686,2025-03-04,2025-03,CC100 - Hakam Global Coffee,Corporate Park,CC_BAR_01,520000,Direct Barista Labor & Payroll,COGS,Direct Labor,125.28,USD
ACD-101687,2025-03-04,2025-03,CC100 - Hakam Global Coffee,Corporate Park,CC_BAR_01,530000,Packaging & Sustainable Cups,COGS,Packaging,48.54,USD
ACD-101688,2025-03-04,2025-03,CC100 - Hakam Global Coffee,Corporate Park,CC_FAC_02,610000,Store Rent & Facility Lease,OPEX,Rent,60.81,USD
ACD-101689,2025-03-04,2025-03,CC100 - Hakam Global Coffee,Corporate Park,CC_FAC_02,620000,Utilities (Power/Water/Gas),OPEX,Utilities,31.67,USD
ACD-101690,2025-03-04,2025-03,CC100 - Hakam Global Coffee,Corporate Park,CC_MKT_03,640000,Digital Marketing & Channel Promo,OPEX,Marketing,18.87,USD
ACD-101691,2025-03-04,2025-03,CC100 - Hakam Global Coffee,Corporate Park,CC_ADM_04,650000,Admin & IT Support Overhead,OPEX,Admin,22.3,USD
ACD-101692,2025-03-04,2025-03,CC100 - Hakam Global Coffee,Corporate Park,CC_FAC_02,630000,Equipment Depreciation (Espresso/Grinders),Depreciation,Depreciation,25.93,USD
ACD-101693,2025-03-04,2025-03,CC100 - Hakam Global Coffee,University,CC_BAR_01,410000,Gross Beverage & Food Revenue,Revenue,Revenue,460.02,USD
ACD-101694,2025-03-04,2025-03,CC100 - Hakam Global Coffee,University,CC_BAR_01,510000,Direct Raw Materials (Beans/Dairy/Syrup),COGS,Direct Materials,110.57,USD
ACD-101695,2025-03-04,2025-03,CC100 - Hakam Global Coffee,University,CC_BAR_01,520000,Direct Barista Labor & Payroll,COGS,Direct Labor,75.9,USD
ACD-101696,2025-03-04,2025-03,CC100 - Hakam Global Coffee,University,CC_BAR_01,530000,Packaging & Sustainable Cups,COGS,Packaging,18.82,USD
ACD-101697,2025-03-04,2025-03,CC100 - Hakam Global Coffee,University,CC_FAC_02,610000,Store Rent & Facility Lease,OPEX,Rent,45.35,USD
ACD-101698,2025-03-04,2025-03,CC100 - Hakam Global Coffee,University,CC_FAC_02,620000,Utilities (Power/Water/Gas),OPEX,Utilities,20.9,USD
ACD-101699,2025-03-04,2025-03,CC100 - Hakam Global Coffee,University,CC_MKT_03,640000,Digital Marketing & Channel Promo,OPEX,Marketing,17.25,USD
ACD-101700,2025-03-04,2025-03,CC100 - Hakam Global Coffee,University,CC_ADM_04,650000,Admin & IT Support Overhead,OPEX,Admin,13.84,USD
ACD-101701,2025-03-04,2025-03,CC100 - Hakam Global Coffee,University,CC_FAC_02,630000,Equipment Depreciation (Espresso/Grinders),Depreciation,Depreciation,20.01,USD
ACD-101702,2025-03-05,2025-03,CC100 - Hakam Global Coffee,Downtown,CC_BAR_01,410000,Gross Beverage & Food Revenue,Revenue,Revenue,775.47,USD
ACD-101703,2025-03-05,2025-03,CC100 - Hakam Global Coffee,Downtown,CC_BAR_01,510000,Direct Raw Materials (Beans/Dairy/Syrup),COGS,Direct Materials,180.78,USD
ACD-101704,2025-03-05,2025-03,CC100 - Hakam Global Coffee,Downtown,CC_BAR_01,520000,Direct Barista Labor & Payroll,COGS,Direct Labor,130.58,USD
ACD-101705,2025-03-05,2025-03,CC100 - Hakam Global Coffee,Downtown,CC_BAR_01,530000,Packaging & Sustainable Cups,COGS,Packaging,33.54,USD
ACD-101706,2025-03-05,2025-03,CC100 - Hakam Global Coffee,Downtown,CC_FAC_02,610000,Store Rent & Facility Lease,OPEX,Rent,87.5,USD
ACD-101707,2025-03-05,2025-03,CC100 - Hakam Global Coffee,Downtown,CC_FAC_02,620000,Utilities (Power/Water/Gas),OPEX,Utilities,36.28,USD
ACD-101708,2025-03-05,2025-03,CC100 - Hakam Global Coffee,Downtown,CC_MKT_03,640000,Digital Marketing & Channel Promo,OPEX,Marketing,21.45,USD
ACD-101709,2025-03-05,2025-03,CC100 - Hakam Global Coffee,Downtown,CC_ADM_04,650000,Admin & IT Support Overhead,OPEX,Admin,18.04,USD
ACD-101710,2025-03-05,2025-03,CC100 - Hakam Global Coffee,Downtown,CC_FAC_02,630000,Equipment Depreciation (Espresso/Grinders),Depreciation,Depreciation,31.43,USD
ACD-101711,2025-03-05,2025-03,CC100 - Hakam Global Coffee,Corporate Park,CC_BAR_01,410000,Gross Beverage & Food Revenue,Revenue,Revenue,666.1,USD
ACD-101712,2025-03-05,2025-03,CC100 - Hakam Global Coffee,Corporate Park,CC_BAR_01,510000,Direct Raw Materials (Beans/Dairy/Syrup),COGS,Direct Materials,165.43,USD
ACD-101713,2025-03-05,2025-03,CC100 - Hakam Global Coffee,Corporate Park,CC_BAR_01,520000,Direct Barista Labor & Payroll,COGS,Direct Labor,105.91,USD
ACD-101714,2025-03-05,2025-03,CC100 - Hakam Global Coffee,Corporate Park,CC_BAR_01,530000,Packaging & Sustainable Cups,COGS,Packaging,37.51,USD
ACD-101715,2025-03-05,2025-03,CC100 - Hakam Global Coffee,Corporate Park,CC_FAC_02,610000,Store Rent & Facility Lease,OPEX,Rent,60.22,USD
ACD-101716,2025-03-05,2025-03,CC100 - Hakam Global Coffee,Corporate Park,CC_FAC_02,620000,Utilities (Power/Water/Gas),OPEX,Utilities,30.0,USD
ACD-101717,2025-03-05,2025-03,CC100 - Hakam Global Coffee,Corporate Park,CC_MKT_03,640000,Digital Marketing & Channel Promo,OPEX,Marketing,28.45,USD
ACD-101718,2025-03-05,2025-03,CC100 - Hakam Global Coffee,Corporate Park,CC_ADM_04,650000,Admin & IT Support Overhead,OPEX,Admin,18.21,USD
ACD-101719,2025-03-05,2025-03,CC100 - Hakam Global Coffee,Corporate Park,CC_FAC_02,630000,Equipment Depreciation (Espresso/Grinders),Depreciation,Depreciation,26.41,USD
ACD-101720,2025-03-05,2025-03,CC100 - Hakam Global Coffee,University,CC_BAR_01,410000,Gross Beverage & Food Revenue,Revenue,Revenue,602.51,USD
ACD-101721,2025-03-05,2025-03,CC100 - Hakam Global Coffee,University,CC_BAR_01,510000,Direct Raw Materials (Beans/Dairy/Syrup),COGS,Direct Materials,149.13,USD
ACD-101722,2025-03-05,2025-03,CC100 - Hakam Global Coffee,University,CC_BAR_01,520000,Direct Barista Labor & Payroll,COGS,Direct Labor,90.86,USD
ACD-101723,2025-03-05,2025-03,CC100 - Hakam Global Coffee,University,CC_BAR_01,530000,Packaging & Sustainable Cups,COGS,Packaging,29.82,USD
ACD-101724,2025-03-05,2025-03,CC100 - Hakam Global Coffee,University,CC_FAC_02,610000,Store Rent & Facility Lease,OPEX,Rent,61.12,USD
ACD-101725,2025-03-05,2025-03,CC100 - Hakam Global Coffee,University,CC_FAC_02,620000,Utilities (Power/Water/Gas),OPEX,Utilities,26.03,USD
ACD-101726,2025-03-05,2025-03,CC100 - Hakam Global Coffee,University,CC_MKT_03,640000,Digital Marketing & Channel Promo,OPEX,Marketing,20.99,USD
ACD-101727,2025-03-05,2025-03,CC100 - Hakam Global Coffee,University,CC_ADM_04,650000,Admin & IT Support Overhead,OPEX,Admin,14.99,USD
ACD-101728,2025-03-05,2025-03,CC100 - Hakam Global Coffee,University,CC_FAC_02,630000,Equipment Depreciation (Espresso/Grinders),Depreciation,Depreciation,21.1,USD
ACD-101729,2025-03-06,2025-03,CC100 - Hakam Global Coffee,Downtown,CC_BAR_01,410000,Gross Beverage & Food Revenue,Revenue,Revenue,801.64,USD
ACD-101730,2025-03-06,2025-03,CC100 - Hakam Global Coffee,Downtown,CC_BAR_01,510000,Direct Raw Materials (Beans/Dairy/Syrup),COGS,Direct Materials,181.83,USD
ACD-101731,2025-03-06,2025-03,CC100 - Hakam Global Coffee,Downtown,CC_BAR_01,520000,Direct Barista Labor & Payroll,COGS,Direct Labor,135.37,USD
ACD-101732,2025-03-06,2025-03,CC100 - Hakam Global Coffee,Downtown,CC_BAR_01,530000,Packaging & Sustainable Cups,COGS,Packaging,42.0,USD
ACD-101733,2025-03-06,2025-03,CC100 - Hakam Global Coffee,Downtown,CC_FAC_02,610000,Store Rent & Facility Lease,OPEX,Rent,83.46,USD
ACD-101734,2025-03-06,2025-03,CC100 - Hakam Global Coffee,Downtown,CC_FAC_02,620000,Utilities (Power/Water/Gas),OPEX,Utilities,26.69,USD
ACD-101735,2025-03-06,2025-03,CC100 - Hakam Global Coffee,Downtown,CC_MKT_03,640000,Digital Marketing & Channel Promo,OPEX,Marketing,28.15,USD
ACD-101736,2025-03-06,2025-03,CC100 - Hakam Global Coffee,Downtown,CC_ADM_04,650000,Admin & IT Support Overhead,OPEX,Admin,13.93,USD
ACD-101737,2025-03-06,2025-03,CC100 - Hakam Global Coffee,Downtown,CC_FAC_02,630000,Equipment Depreciation (Espresso/Grinders),Depreciation,Depreciation,33.05,USD
ACD-101738,2025-03-06,2025-03,CC100 - Hakam Global Coffee,Corporate Park,CC_BAR_01,410000,Gross Beverage & Food Revenue,Revenue,Revenue,527.64,USD
ACD-101739,2025-03-06,2025-03,CC100 - Hakam Global Coffee,Corporate Park,CC_BAR_01,510000,Direct Raw Materials (Beans/Dairy/Syrup),COGS,Direct Materials,116.48,USD
ACD-101740,2025-03-06,2025-03,CC100 - Hakam Global Coffee,Corporate Park,CC_BAR_01,520000,Direct Barista Labor & Payroll,COGS,Direct Labor,84.11,USD
ACD-101741,2025-03-06,2025-03,CC100 - Hakam Global Coffee,Corporate Park,CC_BAR_01,530000,Packaging & Sustainable Cups,COGS,Packaging,22.7,USD
ACD-101742,2025-03-06,2025-03,CC100 - Hakam Global Coffee,Corporate Park,CC_FAC_02,610000,Store Rent & Facility Lease,OPEX,Rent,67.63,USD
ACD-101743,2025-03-06,2025-03,CC100 - Hakam Global Coffee,Corporate Park,CC_FAC_02,620000,Utilities (Power/Water/Gas),OPEX,Utilities,26.36,USD
ACD-101744,2025-03-06,2025-03,CC100 - Hakam Global Coffee,Corporate Park,CC_MKT_03,640000,Digital Marketing & Channel Promo,OPEX,Marketing,25.39,USD
ACD-101745,2025-03-06,2025-03,CC100 - Hakam Global Coffee,Corporate Park,CC_ADM_04,650000,Admin & IT Support Overhead,OPEX,Admin,22.09,USD
ACD-101746,2025-03-06,2025-03,CC100 - Hakam Global Coffee,Corporate Park,CC_FAC_02,630000,Equipment Depreciation (Espresso/Grinders),Depreciation,Depreciation,27.29,USD
ACD-101747,2025-03-06,2025-03,CC100 - Hakam Global Coffee,University,CC_BAR_01,410000,Gross Beverage & Food Revenue,Revenue,Revenue,605.35,USD
ACD-101748,2025-03-06,2025-03,CC100 - Hakam Global Coffee,University,CC_BAR_01,510000,Direct Raw Materials (Beans/Dairy/Syrup),COGS,Direct Materials,134.69,USD
ACD-101749,2025-03-06,2025-03,CC100 - Hakam Global Coffee,University,CC_BAR_01,520000,Direct Barista Labor & Payroll,COGS,Direct Labor,93.31,USD
ACD-101750,2025-03-06,2025-03,CC100 - Hakam Global Coffee,University,CC_BAR_01,530000,Packaging & Sustainable Cups,COGS,Packaging,26.72,USD
ACD-101751,2025-03-06,2025-03,CC100 - Hakam Global Coffee,University,CC_FAC_02,610000,Store Rent & Facility Lease,OPEX,Rent,48.93,USD
ACD-101752,2025-03-06,2025-03,CC100 - Hakam Global Coffee,University,CC_FAC_02,620000,Utilities (Power/Water/Gas),OPEX,Utilities,24.65,USD
ACD-101753,2025-03-06,2025-03,CC100 - Hakam Global Coffee,University,CC_MKT_03,640000,Digital Marketing & Channel Promo,OPEX,Marketing,17.89,USD
ACD-101754,2025-03-06,2025-03,CC100 - Hakam Global Coffee,University,CC_ADM_04,650000,Admin & IT Support Overhead,OPEX,Admin,12.48,USD
ACD-101755,2025-03-06,2025-03,CC100 - Hakam Global Coffee,University,CC_FAC_02,630000,Equipment Depreciation (Espresso/Grinders),Depreciation,Depreciation,15.9,USD
ACD-101756,2025-03-07,2025-03,CC100 - Hakam Global Coffee,Downtown,CC_BAR_01,410000,Gross Beverage & Food Revenue,Revenue,Revenue,1221.14,USD
ACD-101757,2025-03-07,2025-03,CC100 - Hakam Global Coffee,Downtown,CC_BAR_01,510000,Direct Raw Materials (Beans/Dairy/Syrup),COGS,Direct Materials,285.37,USD
ACD-101758,2025-03-07,2025-03,CC100 - Hakam Global Coffee,Downtown,CC_BAR_01,520000,Direct Barista Labor & Payroll,COGS,Direct Labor,196.15,USD
ACD-101759,2025-03-07,2025-03,CC100 - Hakam Global Coffee,Downtown,CC_BAR_01,530000,Packaging & Sustainable Cups,COGS,Packaging,67.7,USD
ACD-101760,2025-03-07,2025-03,CC100 - Hakam Global Coffee,Downtown,CC_FAC_02,610000,Store Rent & Facility Lease,OPEX,Rent,80.21,USD
ACD-101761,2025-03-07,2025-03,CC100 - Hakam Global Coffee,Downtown,CC_FAC_02,620000,Utilities (Power/Water/Gas),OPEX,Utilities,34.72,USD
ACD-101762,2025-03-07,2025-03,CC100 - Hakam Global Coffee,Downtown,CC_MKT_03,640000,Digital Marketing & Channel Promo,OPEX,Marketing,28.37,USD
ACD-101763,2025-03-07,2025-03,CC100 - Hakam Global Coffee,Downtown,CC_ADM_04,650000,Admin & IT Support Overhead,OPEX,Admin,21.74,USD
ACD-101764,2025-03-07,2025-03,CC100 - Hakam Global Coffee,Downtown,CC_FAC_02,630000,Equipment Depreciation (Espresso/Grinders),Depreciation,Depreciation,22.85,USD
ACD-101765,2025-03-07,2025-03,CC100 - Hakam Global Coffee,Corporate Park,CC_BAR_01,410000,Gross Beverage & Food Revenue,Revenue,Revenue,753.19,USD
ACD-101766,2025-03-07,2025-03,CC100 - Hakam Global Coffee,Corporate Park,CC_BAR_01,510000,Direct Raw Materials (Beans/Dairy/Syrup),COGS,Direct Materials,182.52,USD
ACD-101767,2025-03-07,2025-03,CC100 - Hakam Global Coffee,Corporate Park,CC_BAR_01,520000,Direct Barista Labor & Payroll,COGS,Direct Labor,118.06,USD
ACD-101768,2025-03-07,2025-03,CC100 - Hakam Global Coffee,Corporate Park,CC_BAR_01,530000,Packaging & Sustainable Cups,COGS,Packaging,44.78,USD
ACD-101769,2025-03-07,2025-03,CC100 - Hakam Global Coffee,Corporate Park,CC_FAC_02,610000,Store Rent & Facility Lease,OPEX,Rent,58.6,USD
ACD-101770,2025-03-07,2025-03,CC100 - Hakam Global Coffee,Corporate Park,CC_FAC_02,620000,Utilities (Power/Water/Gas),OPEX,Utilities,24.69,USD
ACD-101771,2025-03-07,2025-03,CC100 - Hakam Global Coffee,Corporate Park,CC_MKT_03,640000,Digital Marketing & Channel Promo,OPEX,Marketing,16.9,USD
ACD-101772,2025-03-07,2025-03,CC100 - Hakam Global Coffee,Corporate Park,CC_ADM_04,650000,Admin & IT Support Overhead,OPEX,Admin,19.61,USD
ACD-101773,2025-03-07,2025-03,CC100 - Hakam Global Coffee,Corporate Park,CC_FAC_02,630000,Equipment Depreciation (Espresso/Grinders),Depreciation,Depreciation,20.9,USD
ACD-101774,2025-03-07,2025-03,CC100 - Hakam Global Coffee,University,CC_BAR_01,410000,Gross Beverage & Food Revenue,Revenue,Revenue,658.64,USD
ACD-101775,2025-03-07,2025-03,CC100 - Hakam Global Coffee,University,CC_BAR_01,510000,Direct Raw Materials (Beans/Dairy/Syrup),COGS,Direct Materials,169.5,USD
ACD-101776,2025-03-07,2025-03,CC100 - Hakam Global Coffee,University,CC_BAR_01,520000,Direct Barista Labor & Payroll,COGS,Direct Labor,114.51,USD
ACD-101777,2025-03-07,2025-03,CC100 - Hakam Global Coffee,University,CC_BAR_01,530000,Packaging & Sustainable Cups,COGS,Packaging,29.95,USD
ACD-101778,2025-03-07,2025-03,CC100 - Hakam Global Coffee,University,CC_FAC_02,610000,Store Rent & Facility Lease,OPEX,Rent,45.07,USD
ACD-101779,2025-03-07,2025-03,CC100 - Hakam Global Coffee,University,CC_FAC_02,620000,Utilities (Power/Water/Gas),OPEX,Utilities,24.81,USD
ACD-101780,2025-03-07,2025-03,CC100 - Hakam Global Coffee,University,CC_MKT_03,640000,Digital Marketing & Channel Promo,OPEX,Marketing,16.09,USD
ACD-101781,2025-03-07,2025-03,CC100 - Hakam Global Coffee,University,CC_ADM_04,650000,Admin & IT Support Overhead,OPEX,Admin,18.81,USD
ACD-101782,2025-03-07,2025-03,CC100 - Hakam Global Coffee,University,CC_FAC_02,630000,Equipment Depreciation (Espresso/Grinders),Depreciation,Depreciation,22.02,USD
ACD-101783,2025-03-08,2025-03,CC100 - Hakam Global Coffee,Downtown,CC_BAR_01,410000,Gross Beverage & Food Revenue,Revenue,Revenue,1242.65,USD
ACD-101784,2025-03-08,2025-03,CC100 - Hakam Global Coffee,Downtown,CC_BAR_01,510000,Direct Raw Materials (Beans/Dairy/Syrup),COGS,Direct Materials,313.38,USD
ACD-101785,2025-03-08,2025-03,CC100 - Hakam Global Coffee,Downtown,CC_BAR_01,520000,Direct Barista Labor & Payroll,COGS,Direct Labor,197.23,USD
ACD-101786,2025-03-08,2025-03,CC100 - Hakam Global Coffee,Downtown,CC_BAR_01,530000,Packaging & Sustainable Cups,COGS,Packaging,56.85,USD
ACD-101787,2025-03-08,2025-03,CC100 - Hakam Global Coffee,Downtown,CC_FAC_02,610000,Store Rent & Facility Lease,OPEX,Rent,80.03,USD
ACD-101788,2025-03-08,2025-03,CC100 - Hakam Global Coffee,Downtown,CC_FAC_02,620000,Utilities (Power/Water/Gas),OPEX,Utilities,29.91,USD
ACD-101789,2025-03-08,2025-03,CC100 - Hakam Global Coffee,Downtown,CC_MKT_03,640000,Digital Marketing & Channel Promo,OPEX,Marketing,23.96,USD
ACD-101790,2025-03-08,2025-03,CC100 - Hakam Global Coffee,Downtown,CC_ADM_04,650000,Admin & IT Support Overhead,OPEX,Admin,16.96,USD
ACD-101791,2025-03-08,2025-03,CC100 - Hakam Global Coffee,Downtown,CC_FAC_02,630000,Equipment Depreciation (Espresso/Grinders),Depreciation,Depreciation,26.72,USD
ACD-101792,2025-03-08,2025-03,CC100 - Hakam Global Coffee,Corporate Park,CC_BAR_01,410000,Gross Beverage & Food Revenue,Revenue,Revenue,734.02,USD
ACD-101793,2025-03-08,2025-03,CC100 - Hakam Global Coffee,Corporate Park,CC_BAR_01,510000,Direct Raw Materials (Beans/Dairy/Syrup),COGS,Direct Materials,177.3,USD
ACD-101794,2025-03-08,2025-03,CC100 - Hakam Global Coffee,Corporate Park,CC_BAR_01,520000,Direct Barista Labor & Payroll,COGS,Direct Labor,130.65,USD
ACD-101795,2025-03-08,2025-03,CC100 - Hakam Global Coffee,Corporate Park,CC_BAR_01,530000,Packaging & Sustainable Cups,COGS,Packaging,39.58,USD
ACD-101796,2025-03-08,2025-03,CC100 - Hakam Global Coffee,Corporate Park,CC_FAC_02,610000,Store Rent & Facility Lease,OPEX,Rent,54.91,USD
ACD-101797,2025-03-08,2025-03,CC100 - Hakam Global Coffee,Corporate Park,CC_FAC_02,620000,Utilities (Power/Water/Gas),OPEX,Utilities,29.2,USD
ACD-101798,2025-03-08,2025-03,CC100 - Hakam Global Coffee,Corporate Park,CC_MKT_03,640000,Digital Marketing & Channel Promo,OPEX,Marketing,22.57,USD
ACD-101799,2025-03-08,2025-03,CC100 - Hakam Global Coffee,Corporate Park,CC_ADM_04,650000,Admin & IT Support Overhead,OPEX,Admin,14.29,USD
ACD-101800,2025-03-08,2025-03,CC100 - Hakam Global Coffee,Corporate Park,CC_FAC_02,630000,Equipment Depreciation (Espresso/Grinders),Depreciation,Depreciation,24.95,USD
ACD-101801,2025-03-08,2025-03,CC100 - Hakam Global Coffee,University,CC_BAR_01,410000,Gross Beverage & Food Revenue,Revenue,Revenue,723.56,USD
ACD-101802,2025-03-08,2025-03,CC100 - Hakam Global Coffee,University,CC_BAR_01,510000,Direct Raw Materials (Beans/Dairy/Syrup),COGS,Direct Materials,177.65,USD
ACD-101803,2025-03-08,2025-03,CC100 - Hakam Global Coffee,University,CC_BAR_01,520000,Direct Barista Labor & Payroll,COGS,Direct Labor,109.67,USD
ACD-101804,2025-03-08,2025-03,CC100 - Hakam Global Coffee,University,CC_BAR_01,530000,Packaging & Sustainable Cups,COGS,Packaging,34.92,USD
ACD-101805,2025-03-08,2025-03,CC100 - Hakam Global Coffee,University,CC_FAC_02,610000,Store Rent & Facility Lease,OPEX,Rent,56.38,USD
ACD-101806,2025-03-08,2025-03,CC100 - Hakam Global Coffee,University,CC_FAC_02,620000,Utilities (Power/Water/Gas),OPEX,Utilities,18.25,USD
ACD-101807,2025-03-08,2025-03,CC100 - Hakam Global Coffee,University,CC_MKT_03,640000,Digital Marketing & Channel Promo,OPEX,Marketing,20.92,USD
ACD-101808,2025-03-08,2025-03,CC100 - Hakam Global Coffee,University,CC_ADM_04,650000,Admin & IT Support Overhead,OPEX,Admin,9.55,USD
ACD-101809,2025-03-08,2025-03,CC100 - Hakam Global Coffee,University,CC_FAC_02,630000,Equipment Depreciation (Espresso/Grinders),Depreciation,Depreciation,19.48,USD
ACD-101810,2025-03-09,2025-03,CC100 - Hakam Global Coffee,Downtown,CC_BAR_01,410000,Gross Beverage & Food Revenue,Revenue,Revenue,1229.73,USD
ACD-101811,2025-03-09,2025-03,CC100 - Hakam Global Coffee,Downtown,CC_BAR_01,510000,Direct Raw Materials (Beans/Dairy/Syrup),COGS,Direct Materials,290.56,USD
ACD-101812,2025-03-09,2025-03,CC100 - Hakam Global Coffee,Downtown,CC_BAR_01,520000,Direct Barista Labor & Payroll,COGS,Direct Labor,218.95,USD
ACD-101813,2025-03-09,2025-03,CC100 - Hakam Global Coffee,Downtown,CC_BAR_01,530000,Packaging & Sustainable Cups,COGS,Packaging,70.79,USD
ACD-101814,2025-03-09,2025-03,CC100 - Hakam Global Coffee,Downtown,CC_FAC_02,610000,Store Rent & Facility Lease,OPEX,Rent,73.64,USD
ACD-101815,2025-03-09,2025-03,CC100 - Hakam Global Coffee,Downtown,CC_FAC_02,620000,Utilities (Power/Water/Gas),OPEX,Utilities,27.53,USD
ACD-101816,2025-03-09,2025-03,CC100 - Hakam Global Coffee,Downtown,CC_MKT_03,640000,Digital Marketing & Channel Promo,OPEX,Marketing,33.12,USD
ACD-101817,2025-03-09,2025-03,CC100 - Hakam Global Coffee,Downtown,CC_ADM_04,650000,Admin & IT Support Overhead,OPEX,Admin,17.84,USD
ACD-101818,2025-03-09,2025-03,CC100 - Hakam Global Coffee,Downtown,CC_FAC_02,630000,Equipment Depreciation (Espresso/Grinders),Depreciation,Depreciation,28.97,USD
ACD-101819,2025-03-09,2025-03,CC100 - Hakam Global Coffee,Corporate Park,CC_BAR_01,410000,Gross Beverage & Food Revenue,Revenue,Revenue,1038.42,USD
ACD-101820,2025-03-09,2025-03,CC100 - Hakam Global Coffee,Corporate Park,CC_BAR_01,510000,Direct Raw Materials (Beans/Dairy/Syrup),COGS,Direct Materials,232.17,USD
ACD-101821,2025-03-09,2025-03,CC100 - Hakam Global Coffee,Corporate Park,CC_BAR_01,520000,Direct Barista Labor & Payroll,COGS,Direct Labor,173.65,USD
ACD-101822,2025-03-09,2025-03,CC100 - Hakam Global Coffee,Corporate Park,CC_BAR_01,530000,Packaging & Sustainable Cups,COGS,Packaging,52.65,USD
ACD-101823,2025-03-09,2025-03,CC100 - Hakam Global Coffee,Corporate Park,CC_FAC_02,610000,Store Rent & Facility Lease,OPEX,Rent,68.38,USD
ACD-101824,2025-03-09,2025-03,CC100 - Hakam Global Coffee,Corporate Park,CC_FAC_02,620000,Utilities (Power/Water/Gas),OPEX,Utilities,33.63,USD
ACD-101825,2025-03-09,2025-03,CC100 - Hakam Global Coffee,Corporate Park,CC_MKT_03,640000,Digital Marketing & Channel Promo,OPEX,Marketing,27.45,USD
ACD-101826,2025-03-09,2025-03,CC100 - Hakam Global Coffee,Corporate Park,CC_ADM_04,650000,Admin & IT Support Overhead,OPEX,Admin,13.51,USD
ACD-101827,2025-03-09,2025-03,CC100 - Hakam Global Coffee,Corporate Park,CC_FAC_02,630000,Equipment Depreciation (Espresso/Grinders),Depreciation,Depreciation,27.4,USD
ACD-101828,2025-03-09,2025-03,CC100 - Hakam Global Coffee,University,CC_BAR_01,410000,Gross Beverage & Food Revenue,Revenue,Revenue,597.0,USD
ACD-101829,2025-03-09,2025-03,CC100 - Hakam Global Coffee,University,CC_BAR_01,510000,Direct Raw Materials (Beans/Dairy/Syrup),COGS,Direct Materials,153.3,USD
ACD-101830,2025-03-09,2025-03,CC100 - Hakam Global Coffee,University,CC_BAR_01,520000,Direct Barista Labor & Payroll,COGS,Direct Labor,107.41,USD
ACD-101831,2025-03-09,2025-03,CC100 - Hakam Global Coffee,University,CC_BAR_01,530000,Packaging & Sustainable Cups,COGS,Packaging,28.62,USD
ACD-101832,2025-03-09,2025-03,CC100 - Hakam Global Coffee,University,CC_FAC_02,610000,Store Rent & Facility Lease,OPEX,Rent,52.16,USD
ACD-101833,2025-03-09,2025-03,CC100 - Hakam Global Coffee,University,CC_FAC_02,620000,Utilities (Power/Water/Gas),OPEX,Utilities,27.78,USD
ACD-101834,2025-03-09,2025-03,CC100 - Hakam Global Coffee,University,CC_MKT_03,640000,Digital Marketing & Channel Promo,OPEX,Marketing,23.28,USD
ACD-101835,2025-03-09,2025-03,CC100 - Hakam Global Coffee,University,CC_ADM_04,650000,Admin & IT Support Overhead,OPEX,Admin,18.3,USD
ACD-101836,2025-03-09,2025-03,CC100 - Hakam Global Coffee,University,CC_FAC_02,630000,Equipment Depreciation (Espresso/Grinders),Depreciation,Depreciation,22.58,USD
ACD-101837,2025-03-10,2025-03,CC100 - Hakam Global Coffee,Downtown,CC_BAR_01,410000,Gross Beverage & Food Revenue,Revenue,Revenue,580.69,USD
ACD-101838,2025-03-10,2025-03,CC100 - Hakam Global Coffee,Downtown,CC_BAR_01,510000,Direct Raw Materials (Beans/Dairy/Syrup),COGS,Direct Materials,140.94,USD
ACD-101839,2025-03-10,2025-03,CC100 - Hakam Global Coffee,Downtown,CC_BAR_01,520000,Direct Barista Labor & Payroll,COGS,Direct Labor,88.97,USD
ACD-101840,2025-03-10,2025-03,CC100 - Hakam Global Coffee,Downtown,CC_BAR_01,530000,Packaging & Sustainable Cups,COGS,Packaging,34.64,USD
ACD-101841,2025-03-10,2025-03,CC100 - Hakam Global Coffee,Downtown,CC_FAC_02,610000,Store Rent & Facility Lease,OPEX,Rent,68.43,USD
ACD-101842,2025-03-10,2025-03,CC100 - Hakam Global Coffee,Downtown,CC_FAC_02,620000,Utilities (Power/Water/Gas),OPEX,Utilities,40.32,USD
ACD-101843,2025-03-10,2025-03,CC100 - Hakam Global Coffee,Downtown,CC_MKT_03,640000,Digital Marketing & Channel Promo,OPEX,Marketing,25.73,USD
ACD-101844,2025-03-10,2025-03,CC100 - Hakam Global Coffee,Downtown,CC_ADM_04,650000,Admin & IT Support Overhead,OPEX,Admin,20.17,USD
ACD-101845,2025-03-10,2025-03,CC100 - Hakam Global Coffee,Downtown,CC_FAC_02,630000,Equipment Depreciation (Espresso/Grinders),Depreciation,Depreciation,32.92,USD
ACD-101846,2025-03-10,2025-03,CC100 - Hakam Global Coffee,Corporate Park,CC_BAR_01,410000,Gross Beverage & Food Revenue,Revenue,Revenue,770.56,USD
ACD-101847,2025-03-10,2025-03,CC100 - Hakam Global Coffee,Corporate Park,CC_BAR_01,510000,Direct Raw Materials (Beans/Dairy/Syrup),COGS,Direct Materials,183.95,USD
ACD-101848,2025-03-10,2025-03,CC100 - Hakam Global Coffee,Corporate Park,CC_BAR_01,520000,Direct Barista Labor & Payroll,COGS,Direct Labor,120.04,USD
ACD-101849,2025-03-10,2025-03,CC100 - Hakam Global Coffee,Corporate Park,CC_BAR_01,530000,Packaging & Sustainable Cups,COGS,Packaging,32.56,USD
ACD-101850,2025-03-10,2025-03,CC100 - Hakam Global Coffee,Corporate Park,CC_FAC_02,610000,Store Rent & Facility Lease,OPEX,Rent,55.49,USD
ACD-101851,2025-03-10,2025-03,CC100 - Hakam Global Coffee,Corporate Park,CC_FAC_02,620000,Utilities (Power/Water/Gas),OPEX,Utilities,27.03,USD
ACD-101852,2025-03-10,2025-03,CC100 - Hakam Global Coffee,Corporate Park,CC_MKT_03,640000,Digital Marketing & Channel Promo,OPEX,Marketing,17.65,USD
ACD-101853,2025-03-10,2025-03,CC100 - Hakam Global Coffee,Corporate Park,CC_ADM_04,650000,Admin & IT Support Overhead,OPEX,Admin,13.64,USD
ACD-101854,2025-03-10,2025-03,CC100 - Hakam Global Coffee,Corporate Park,CC_FAC_02,630000,Equipment Depreciation (Espresso/Grinders),Depreciation,Depreciation,25.72,USD
ACD-101855,2025-03-10,2025-03,CC100 - Hakam Global Coffee,University,CC_BAR_01,410000,Gross Beverage & Food Revenue,Revenue,Revenue,620.23,USD
ACD-101856,2025-03-10,2025-03,CC100 - Hakam Global Coffee,University,CC_BAR_01,510000,Direct Raw Materials (Beans/Dairy/Syrup),COGS,Direct Materials,150.54,USD
ACD-101857,2025-03-10,2025-03,CC100 - Hakam Global Coffee,University,CC_BAR_01,520000,Direct Barista Labor & Payroll,COGS,Direct Labor,107.13,USD
ACD-101858,2025-03-10,2025-03,CC100 - Hakam Global Coffee,University,CC_BAR_01,530000,Packaging & Sustainable Cups,COGS,Packaging,26.99,USD
ACD-101859,2025-03-10,2025-03,CC100 - Hakam Global Coffee,University,CC_FAC_02,610000,Store Rent & Facility Lease,OPEX,Rent,59.02,USD
ACD-101860,2025-03-10,2025-03,CC100 - Hakam Global Coffee,University,CC_FAC_02,620000,Utilities (Power/Water/Gas),OPEX,Utilities,27.33,USD
ACD-101861,2025-03-10,2025-03,CC100 - Hakam Global Coffee,University,CC_MKT_03,640000,Digital Marketing & Channel Promo,OPEX,Marketing,21.61,USD
ACD-101862,2025-03-10,2025-03,CC100 - Hakam Global Coffee,University,CC_ADM_04,650000,Admin & IT Support Overhead,OPEX,Admin,14.4,USD
ACD-101863,2025-03-10,2025-03,CC100 - Hakam Global Coffee,University,CC_FAC_02,630000,Equipment Depreciation (Espresso/Grinders),Depreciation,Depreciation,15.07,USD
ACD-101864,2025-03-11,2025-03,CC100 - Hakam Global Coffee,Downtown,CC_BAR_01,410000,Gross Beverage & Food Revenue,Revenue,Revenue,834.62,USD
ACD-101865,2025-03-11,2025-03,CC100 - Hakam Global Coffee,Downtown,CC_BAR_01,510000,Direct Raw Materials (Beans/Dairy/Syrup),COGS,Direct Materials,189.79,USD
ACD-101866,2025-03-11,2025-03,CC100 - Hakam Global Coffee,Downtown,CC_BAR_01,520000,Direct Barista Labor & Payroll,COGS,Direct Labor,128.71,USD
ACD-101867,2025-03-11,2025-03,CC100 - Hakam Global Coffee,Downtown,CC_BAR_01,530000,Packaging & Sustainable Cups,COGS,Packaging,38.79,USD
ACD-101868,2025-03-11,2025-03,CC100 - Hakam Global Coffee,Downtown,CC_FAC_02,610000,Store Rent & Facility Lease,OPEX,Rent,67.45,USD
ACD-101869,2025-03-11,2025-03,CC100 - Hakam Global Coffee,Downtown,CC_FAC_02,620000,Utilities (Power/Water/Gas),OPEX,Utilities,28.52,USD
ACD-101870,2025-03-11,2025-03,CC100 - Hakam Global Coffee,Downtown,CC_MKT_03,640000,Digital Marketing & Channel Promo,OPEX,Marketing,20.33,USD
ACD-101871,2025-03-11,2025-03,CC100 - Hakam Global Coffee,Downtown,CC_ADM_04,650000,Admin & IT Support Overhead,OPEX,Admin,23.68,USD
ACD-101872,2025-03-11,2025-03,CC100 - Hakam Global Coffee,Downtown,CC_FAC_02,630000,Equipment Depreciation (Espresso/Grinders),Depreciation,Depreciation,33.13,USD
ACD-101873,2025-03-11,2025-03,CC100 - Hakam Global Coffee,Corporate Park,CC_BAR_01,410000,Gross Beverage & Food Revenue,Revenue,Revenue,590.59,USD
ACD-101874,2025-03-11,2025-03,CC100 - Hakam Global Coffee,Corporate Park,CC_BAR_01,510000,Direct Raw Materials (Beans/Dairy/Syrup),COGS,Direct Materials,147.01,USD
ACD-101875,2025-03-11,2025-03,CC100 - Hakam Global Coffee,Corporate Park,CC_BAR_01,520000,Direct Barista Labor & Payroll,COGS,Direct Labor,88.79,USD
ACD-101876,2025-03-11,2025-03,CC100 - Hakam Global Coffee,Corporate Park,CC_BAR_01,530000,Packaging & Sustainable Cups,COGS,Packaging,31.34,USD
ACD-101877,2025-03-11,2025-03,CC100 - Hakam Global Coffee,Corporate Park,CC_FAC_02,610000,Store Rent & Facility Lease,OPEX,Rent,67.68,USD
ACD-101878,2025-03-11,2025-03,CC100 - Hakam Global Coffee,Corporate Park,CC_FAC_02,620000,Utilities (Power/Water/Gas),OPEX,Utilities,21.56,USD
ACD-101879,2025-03-11,2025-03,CC100 - Hakam Global Coffee,Corporate Park,CC_MKT_03,640000,Digital Marketing & Channel Promo,OPEX,Marketing,15.57,USD
ACD-101880,2025-03-11,2025-03,CC100 - Hakam Global Coffee,Corporate Park,CC_ADM_04,650000,Admin & IT Support Overhead,OPEX,Admin,15.03,USD
ACD-101881,2025-03-11,2025-03,CC100 - Hakam Global Coffee,Corporate Park,CC_FAC_02,630000,Equipment Depreciation (Espresso/Grinders),Depreciation,Depreciation,21.91,USD
ACD-101882,2025-03-11,2025-03,CC100 - Hakam Global Coffee,University,CC_BAR_01,410000,Gross Beverage & Food Revenue,Revenue,Revenue,542.18,USD
ACD-101883,2025-03-11,2025-03,CC100 - Hakam Global Coffee,University,CC_BAR_01,510000,Direct Raw Materials (Beans/Dairy/Syrup),COGS,Direct Materials,138.69,USD
ACD-101884,2025-03-11,2025-03,CC100 - Hakam Global Coffee,University,CC_BAR_01,520000,Direct Barista Labor & Payroll,COGS,Direct Labor,92.77,USD
ACD-101885,2025-03-11,2025-03,CC100 - Hakam Global Coffee,University,CC_BAR_01,530000,Packaging & Sustainable Cups,COGS,Packaging,25.06,USD
ACD-101886,2025-03-11,2025-03,CC100 - Hakam Global Coffee,University,CC_FAC_02,610000,Store Rent & Facility Lease,OPEX,Rent,44.98,USD
ACD-101887,2025-03-11,2025-03,CC100 - Hakam Global Coffee,University,CC_FAC_02,620000,Utilities (Power/Water/Gas),OPEX,Utilities,27.54,USD
ACD-101888,2025-03-11,2025-03,CC100 - Hakam Global Coffee,University,CC_MKT_03,640000,Digital Marketing & Channel Promo,OPEX,Marketing,15.04,USD
ACD-101889,2025-03-11,2025-03,CC100 - Hakam Global Coffee,University,CC_ADM_04,650000,Admin & IT Support Overhead,OPEX,Admin,15.34,USD
ACD-101890,2025-03-11,2025-03,CC100 - Hakam Global Coffee,University,CC_FAC_02,630000,Equipment Depreciation (Espresso/Grinders),Depreciation,Depreciation,16.33,USD
ACD-101891,2025-03-12,2025-03,CC100 - Hakam Global Coffee,Downtown,CC_BAR_01,410000,Gross Beverage & Food Revenue,Revenue,Revenue,628.52,USD
ACD-101892,2025-03-12,2025-03,CC100 - Hakam Global Coffee,Downtown,CC_BAR_01,510000,Direct Raw Materials (Beans/Dairy/Syrup),COGS,Direct Materials,142.13,USD
ACD-101893,2025-03-12,2025-03,CC100 - Hakam Global Coffee,Downtown,CC_BAR_01,520000,Direct Barista Labor & Payroll,COGS,Direct Labor,108.38,USD
ACD-101894,2025-03-12,2025-03,CC100 - Hakam Global Coffee,Downtown,CC_BAR_01,530000,Packaging & Sustainable Cups,COGS,Packaging,32.76,USD
ACD-101895,2025-03-12,2025-03,CC100 - Hakam Global Coffee,Downtown,CC_FAC_02,610000,Store Rent & Facility Lease,OPEX,Rent,71.98,USD
ACD-101896,2025-03-12,2025-03,CC100 - Hakam Global Coffee,Downtown,CC_FAC_02,620000,Utilities (Power/Water/Gas),OPEX,Utilities,33.2,USD
ACD-101897,2025-03-12,2025-03,CC100 - Hakam Global Coffee,Downtown,CC_MKT_03,640000,Digital Marketing & Channel Promo,OPEX,Marketing,24.46,USD
ACD-101898,2025-03-12,2025-03,CC100 - Hakam Global Coffee,Downtown,CC_ADM_04,650000,Admin & IT Support Overhead,OPEX,Admin,20.76,USD
ACD-101899,2025-03-12,2025-03,CC100 - Hakam Global Coffee,Downtown,CC_FAC_02,630000,Equipment Depreciation (Espresso/Grinders),Depreciation,Depreciation,29.22,USD
ACD-101900,2025-03-12,2025-03,CC100 - Hakam Global Coffee,Corporate Park,CC_BAR_01,410000,Gross Beverage & Food Revenue,Revenue,Revenue,563.21,USD
ACD-101901,2025-03-12,2025-03,CC100 - Hakam Global Coffee,Corporate Park,CC_BAR_01,510000,Direct Raw Materials (Beans/Dairy/Syrup),COGS,Direct Materials,129.48,USD
ACD-101902,2025-03-12,2025-03,CC100 - Hakam Global Coffee,Corporate Park,CC_BAR_01,520000,Direct Barista Labor & Payroll,COGS,Direct Labor,97.23,USD
ACD-101903,2025-03-12,2025-03,CC100 - Hakam Global Coffee,Corporate Park,CC_BAR_01,530000,Packaging & Sustainable Cups,COGS,Packaging,32.36,USD
ACD-101904,2025-03-12,2025-03,CC100 - Hakam Global Coffee,Corporate Park,CC_FAC_02,610000,Store Rent & Facility Lease,OPEX,Rent,53.63,USD
ACD-101905,2025-03-12,2025-03,CC100 - Hakam Global Coffee,Corporate Park,CC_FAC_02,620000,Utilities (Power/Water/Gas),OPEX,Utilities,26.87,USD
ACD-101906,2025-03-12,2025-03,CC100 - Hakam Global Coffee,Corporate Park,CC_MKT_03,640000,Digital Marketing & Channel Promo,OPEX,Marketing,24.32,USD
ACD-101907,2025-03-12,2025-03,CC100 - Hakam Global Coffee,Corporate Park,CC_ADM_04,650000,Admin & IT Support Overhead,OPEX,Admin,12.4,USD
ACD-101908,2025-03-12,2025-03,CC100 - Hakam Global Coffee,Corporate Park,CC_FAC_02,630000,Equipment Depreciation (Espresso/Grinders),Depreciation,Depreciation,23.74,USD
ACD-101909,2025-03-12,2025-03,CC100 - Hakam Global Coffee,University,CC_BAR_01,410000,Gross Beverage & Food Revenue,Revenue,Revenue,422.85,USD
ACD-101910,2025-03-12,2025-03,CC100 - Hakam Global Coffee,University,CC_BAR_01,510000,Direct Raw Materials (Beans/Dairy/Syrup),COGS,Direct Materials,102.29,USD
ACD-101911,2025-03-12,2025-03,CC100 - Hakam Global Coffee,University,CC_BAR_01,520000,Direct Barista Labor & Payroll,COGS,Direct Labor,69.84,USD
ACD-101912,2025-03-12,2025-03,CC100 - Hakam Global Coffee,University,CC_BAR_01,530000,Packaging & Sustainable Cups,COGS,Packaging,21.76,USD
ACD-101913,2025-03-12,2025-03,CC100 - Hakam Global Coffee,University,CC_FAC_02,610000,Store Rent & Facility Lease,OPEX,Rent,45.6,USD
ACD-101914,2025-03-12,2025-03,CC100 - Hakam Global Coffee,University,CC_FAC_02,620000,Utilities (Power/Water/Gas),OPEX,Utilities,20.84,USD
ACD-101915,2025-03-12,2025-03,CC100 - Hakam Global Coffee,University,CC_MKT_03,640000,Digital Marketing & Channel Promo,OPEX,Marketing,17.83,USD
ACD-101916,2025-03-12,2025-03,CC100 - Hakam Global Coffee,University,CC_ADM_04,650000,Admin & IT Support Overhead,OPEX,Admin,10.6,USD
ACD-101917,2025-03-12,2025-03,CC100 - Hakam Global Coffee,University,CC_FAC_02,630000,Equipment Depreciation (Espresso/Grinders),Depreciation,Depreciation,16.2,USD
ACD-101918,2025-03-13,2025-03,CC100 - Hakam Global Coffee,Downtown,CC_BAR_01,410000,Gross Beverage & Food Revenue,Revenue,Revenue,801.49,USD
ACD-101919,2025-03-13,2025-03,CC100 - Hakam Global Coffee,Downtown,CC_BAR_01,510000,Direct Raw Materials (Beans/Dairy/Syrup),COGS,Direct Materials,179.24,USD
ACD-101920,2025-03-13,2025-03,CC100 - Hakam Global Coffee,Downtown,CC_BAR_01,520000,Direct Barista Labor & Payroll,COGS,Direct Labor,132.5,USD
ACD-101921,2025-03-13,2025-03,CC100 - Hakam Global Coffee,Downtown,CC_BAR_01,530000,Packaging & Sustainable Cups,COGS,Packaging,45.02,USD
ACD-101922,2025-03-13,2025-03,CC100 - Hakam Global Coffee,Downtown,CC_FAC_02,610000,Store Rent & Facility Lease,OPEX,Rent,72.99,USD
ACD-101923,2025-03-13,2025-03,CC100 - Hakam Global Coffee,Downtown,CC_FAC_02,620000,Utilities (Power/Water/Gas),OPEX,Utilities,32.61,USD
ACD-101924,2025-03-13,2025-03,CC100 - Hakam Global Coffee,Downtown,CC_MKT_03,640000,Digital Marketing & Channel Promo,OPEX,Marketing,24.22,USD
ACD-101925,2025-03-13,2025-03,CC100 - Hakam Global Coffee,Downtown,CC_ADM_04,650000,Admin & IT Support Overhead,OPEX,Admin,14.28,USD
ACD-101926,2025-03-13,2025-03,CC100 - Hakam Global Coffee,Downtown,CC_FAC_02,630000,Equipment Depreciation (Espresso/Grinders),Depreciation,Depreciation,26.49,USD
ACD-101927,2025-03-13,2025-03,CC100 - Hakam Global Coffee,Corporate Park,CC_BAR_01,410000,Gross Beverage & Food Revenue,Revenue,Revenue,756.09,USD
ACD-101928,2025-03-13,2025-03,CC100 - Hakam Global Coffee,Corporate Park,CC_BAR_01,510000,Direct Raw Materials (Beans/Dairy/Syrup),COGS,Direct Materials,188.21,USD
ACD-101929,2025-03-13,2025-03,CC100 - Hakam Global Coffee,Corporate Park,CC_BAR_01,520000,Direct Barista Labor & Payroll,COGS,Direct Labor,122.39,USD
ACD-101930,2025-03-13,2025-03,CC100 - Hakam Global Coffee,Corporate Park,CC_BAR_01,530000,Packaging & Sustainable Cups,COGS,Packaging,42.59,USD
ACD-101931,2025-03-13,2025-03,CC100 - Hakam Global Coffee,Corporate Park,CC_FAC_02,610000,Store Rent & Facility Lease,OPEX,Rent,68.9,USD
ACD-101932,2025-03-13,2025-03,CC100 - Hakam Global Coffee,Corporate Park,CC_FAC_02,620000,Utilities (Power/Water/Gas),OPEX,Utilities,28.68,USD
ACD-101933,2025-03-13,2025-03,CC100 - Hakam Global Coffee,Corporate Park,CC_MKT_03,640000,Digital Marketing & Channel Promo,OPEX,Marketing,14.48,USD
ACD-101934,2025-03-13,2025-03,CC100 - Hakam Global Coffee,Corporate Park,CC_ADM_04,650000,Admin & IT Support Overhead,OPEX,Admin,15.46,USD
ACD-101935,2025-03-13,2025-03,CC100 - Hakam Global Coffee,Corporate Park,CC_FAC_02,630000,Equipment Depreciation (Espresso/Grinders),Depreciation,Depreciation,17.98,USD
ACD-101936,2025-03-13,2025-03,CC100 - Hakam Global Coffee,University,CC_BAR_01,410000,Gross Beverage & Food Revenue,Revenue,Revenue,675.28,USD
ACD-101937,2025-03-13,2025-03,CC100 - Hakam Global Coffee,University,CC_BAR_01,510000,Direct Raw Materials (Beans/Dairy/Syrup),COGS,Direct Materials,173.81,USD
ACD-101938,2025-03-13,2025-03,CC100 - Hakam Global Coffee,University,CC_BAR_01,520000,Direct Barista Labor & Payroll,COGS,Direct Labor,102.69,USD
ACD-101939,2025-03-13,2025-03,CC100 - Hakam Global Coffee,University,CC_BAR_01,530000,Packaging & Sustainable Cups,COGS,Packaging,39.62,USD
ACD-101940,2025-03-13,2025-03,CC100 - Hakam Global Coffee,University,CC_FAC_02,610000,Store Rent & Facility Lease,OPEX,Rent,43.35,USD
ACD-101941,2025-03-13,2025-03,CC100 - Hakam Global Coffee,University,CC_FAC_02,620000,Utilities (Power/Water/Gas),OPEX,Utilities,21.76,USD
ACD-101942,2025-03-13,2025-03,CC100 - Hakam Global Coffee,University,CC_MKT_03,640000,Digital Marketing & Channel Promo,OPEX,Marketing,20.9,USD
ACD-101943,2025-03-13,2025-03,CC100 - Hakam Global Coffee,University,CC_ADM_04,650000,Admin & IT Support Overhead,OPEX,Admin,16.78,USD
ACD-101944,2025-03-13,2025-03,CC100 - Hakam Global Coffee,University,CC_FAC_02,630000,Equipment Depreciation (Espresso/Grinders),Depreciation,Depreciation,23.54,USD
ACD-101945,2025-03-14,2025-03,CC100 - Hakam Global Coffee,Downtown,CC_BAR_01,410000,Gross Beverage & Food Revenue,Revenue,Revenue,1086.35,USD
ACD-101946,2025-03-14,2025-03,CC100 - Hakam Global Coffee,Downtown,CC_BAR_01,510000,Direct Raw Materials (Beans/Dairy/Syrup),COGS,Direct Materials,257.26,USD
ACD-101947,2025-03-14,2025-03,CC100 - Hakam Global Coffee,Downtown,CC_BAR_01,520000,Direct Barista Labor & Payroll,COGS,Direct Labor,195.31,USD
ACD-101948,2025-03-14,2025-03,CC100 - Hakam Global Coffee,Downtown,CC_BAR_01,530000,Packaging & Sustainable Cups,COGS,Packaging,51.76,USD
ACD-101949,2025-03-14,2025-03,CC100 - Hakam Global Coffee,Downtown,CC_FAC_02,610000,Store Rent & Facility Lease,OPEX,Rent,84.23,USD
ACD-101950,2025-03-14,2025-03,CC100 - Hakam Global Coffee,Downtown,CC_FAC_02,620000,Utilities (Power/Water/Gas),OPEX,Utilities,38.99,USD
ACD-101951,2025-03-14,2025-03,CC100 - Hakam Global Coffee,Downtown,CC_MKT_03,640000,Digital Marketing & Channel Promo,OPEX,Marketing,22.79,USD
ACD-101952,2025-03-14,2025-03,CC100 - Hakam Global Coffee,Downtown,CC_ADM_04,650000,Admin & IT Support Overhead,OPEX,Admin,22.72,USD
ACD-101953,2025-03-14,2025-03,CC100 - Hakam Global Coffee,Downtown,CC_FAC_02,630000,Equipment Depreciation (Espresso/Grinders),Depreciation,Depreciation,29.18,USD
ACD-101954,2025-03-14,2025-03,CC100 - Hakam Global Coffee,Corporate Park,CC_BAR_01,410000,Gross Beverage & Food Revenue,Revenue,Revenue,879.45,USD
ACD-101955,2025-03-14,2025-03,CC100 - Hakam Global Coffee,Corporate Park,CC_BAR_01,510000,Direct Raw Materials (Beans/Dairy/Syrup),COGS,Direct Materials,216.47,USD
ACD-101956,2025-03-14,2025-03,CC100 - Hakam Global Coffee,Corporate Park,CC_BAR_01,520000,Direct Barista Labor & Payroll,COGS,Direct Labor,141.09,USD
ACD-101957,2025-03-14,2025-03,CC100 - Hakam Global Coffee,Corporate Park,CC_BAR_01,530000,Packaging & Sustainable Cups,COGS,Packaging,38.32,USD
ACD-101958,2025-03-14,2025-03,CC100 - Hakam Global Coffee,Corporate Park,CC_FAC_02,610000,Store Rent & Facility Lease,OPEX,Rent,64.11,USD
ACD-101959,2025-03-14,2025-03,CC100 - Hakam Global Coffee,Corporate Park,CC_FAC_02,620000,Utilities (Power/Water/Gas),OPEX,Utilities,28.0,USD
ACD-101960,2025-03-14,2025-03,CC100 - Hakam Global Coffee,Corporate Park,CC_MKT_03,640000,Digital Marketing & Channel Promo,OPEX,Marketing,24.68,USD
ACD-101961,2025-03-14,2025-03,CC100 - Hakam Global Coffee,Corporate Park,CC_ADM_04,650000,Admin & IT Support Overhead,OPEX,Admin,14.06,USD
ACD-101962,2025-03-14,2025-03,CC100 - Hakam Global Coffee,Corporate Park,CC_FAC_02,630000,Equipment Depreciation (Espresso/Grinders),Depreciation,Depreciation,17.29,USD
ACD-101963,2025-03-14,2025-03,CC100 - Hakam Global Coffee,University,CC_BAR_01,410000,Gross Beverage & Food Revenue,Revenue,Revenue,542.47,USD
ACD-101964,2025-03-14,2025-03,CC100 - Hakam Global Coffee,University,CC_BAR_01,510000,Direct Raw Materials (Beans/Dairy/Syrup),COGS,Direct Materials,125.82,USD
ACD-101965,2025-03-14,2025-03,CC100 - Hakam Global Coffee,University,CC_BAR_01,520000,Direct Barista Labor & Payroll,COGS,Direct Labor,92.33,USD
ACD-101966,2025-03-14,2025-03,CC100 - Hakam Global Coffee,University,CC_BAR_01,530000,Packaging & Sustainable Cups,COGS,Packaging,27.61,USD
ACD-101967,2025-03-14,2025-03,CC100 - Hakam Global Coffee,University,CC_FAC_02,610000,Store Rent & Facility Lease,OPEX,Rent,52.86,USD
ACD-101968,2025-03-14,2025-03,CC100 - Hakam Global Coffee,University,CC_FAC_02,620000,Utilities (Power/Water/Gas),OPEX,Utilities,26.49,USD
ACD-101969,2025-03-14,2025-03,CC100 - Hakam Global Coffee,University,CC_MKT_03,640000,Digital Marketing & Channel Promo,OPEX,Marketing,14.46,USD
ACD-101970,2025-03-14,2025-03,CC100 - Hakam Global Coffee,University,CC_ADM_04,650000,Admin & IT Support Overhead,OPEX,Admin,12.79,USD
ACD-101971,2025-03-14,2025-03,CC100 - Hakam Global Coffee,University,CC_FAC_02,630000,Equipment Depreciation (Espresso/Grinders),Depreciation,Depreciation,16.87,USD
ACD-101972,2025-03-15,2025-03,CC100 - Hakam Global Coffee,Downtown,CC_BAR_01,410000,Gross Beverage & Food Revenue,Revenue,Revenue,1233.94,USD
ACD-101973,2025-03-15,2025-03,CC100 - Hakam Global Coffee,Downtown,CC_BAR_01,510000,Direct Raw Materials (Beans/Dairy/Syrup),COGS,Direct Materials,307.25,USD
ACD-101974,2025-03-15,2025-03,CC100 - Hakam Global Coffee,Downtown,CC_BAR_01,520000,Direct Barista Labor & Payroll,COGS,Direct Labor,189.27,USD
ACD-101975,2025-03-15,2025-03,CC100 - Hakam Global Coffee,Downtown,CC_BAR_01,530000,Packaging & Sustainable Cups,COGS,Packaging,69.33,USD
ACD-101976,2025-03-15,2025-03,CC100 - Hakam Global Coffee,Downtown,CC_FAC_02,610000,Store Rent & Facility Lease,OPEX,Rent,72.07,USD
ACD-101977,2025-03-15,2025-03,CC100 - Hakam Global Coffee,Downtown,CC_FAC_02,620000,Utilities (Power/Water/Gas),OPEX,Utilities,36.71,USD
ACD-101978,2025-03-15,2025-03,CC100 - Hakam Global Coffee,Downtown,CC_MKT_03,640000,Digital Marketing & Channel Promo,OPEX,Marketing,31.71,USD
ACD-101979,2025-03-15,2025-03,CC100 - Hakam Global Coffee,Downtown,CC_ADM_04,650000,Admin & IT Support Overhead,OPEX,Admin,13.71,USD
ACD-101980,2025-03-15,2025-03,CC100 - Hakam Global Coffee,Downtown,CC_FAC_02,630000,Equipment Depreciation (Espresso/Grinders),Depreciation,Depreciation,23.03,USD
ACD-101981,2025-03-15,2025-03,CC100 - Hakam Global Coffee,Corporate Park,CC_BAR_01,410000,Gross Beverage & Food Revenue,Revenue,Revenue,690.39,USD
ACD-101982,2025-03-15,2025-03,CC100 - Hakam Global Coffee,Corporate Park,CC_BAR_01,510000,Direct Raw Materials (Beans/Dairy/Syrup),COGS,Direct Materials,152.81,USD
ACD-101983,2025-03-15,2025-03,CC100 - Hakam Global Coffee,Corporate Park,CC_BAR_01,520000,Direct Barista Labor & Payroll,COGS,Direct Labor,115.94,USD
ACD-101984,2025-03-15,2025-03,CC100 - Hakam Global Coffee,Corporate Park,CC_BAR_01,530000,Packaging & Sustainable Cups,COGS,Packaging,37.33,USD
ACD-101985,2025-03-15,2025-03,CC100 - Hakam Global Coffee,Corporate Park,CC_FAC_02,610000,Store Rent & Facility Lease,OPEX,Rent,52.87,USD
ACD-101986,2025-03-15,2025-03,CC100 - Hakam Global Coffee,Corporate Park,CC_FAC_02,620000,Utilities (Power/Water/Gas),OPEX,Utilities,30.92,USD
ACD-101987,2025-03-15,2025-03,CC100 - Hakam Global Coffee,Corporate Park,CC_MKT_03,640000,Digital Marketing & Channel Promo,OPEX,Marketing,19.81,USD
ACD-101988,2025-03-15,2025-03,CC100 - Hakam Global Coffee,Corporate Park,CC_ADM_04,650000,Admin & IT Support Overhead,OPEX,Admin,14.19,USD
ACD-101989,2025-03-15,2025-03,CC100 - Hakam Global Coffee,Corporate Park,CC_FAC_02,630000,Equipment Depreciation (Espresso/Grinders),Depreciation,Depreciation,19.75,USD
ACD-101990,2025-03-15,2025-03,CC100 - Hakam Global Coffee,University,CC_BAR_01,410000,Gross Beverage & Food Revenue,Revenue,Revenue,842.08,USD
ACD-101991,2025-03-15,2025-03,CC100 - Hakam Global Coffee,University,CC_BAR_01,510000,Direct Raw Materials (Beans/Dairy/Syrup),COGS,Direct Materials,187.16,USD
ACD-101992,2025-03-15,2025-03,CC100 - Hakam Global Coffee,University,CC_BAR_01,520000,Direct Barista Labor & Payroll,COGS,Direct Labor,139.04,USD
ACD-101993,2025-03-15,2025-03,CC100 - Hakam Global Coffee,University,CC_BAR_01,530000,Packaging & Sustainable Cups,COGS,Packaging,38.55,USD
ACD-101994,2025-03-15,2025-03,CC100 - Hakam Global Coffee,University,CC_FAC_02,610000,Store Rent & Facility Lease,OPEX,Rent,58.25,USD
ACD-101995,2025-03-15,2025-03,CC100 - Hakam Global Coffee,University,CC_FAC_02,620000,Utilities (Power/Water/Gas),OPEX,Utilities,25.44,USD
ACD-101996,2025-03-15,2025-03,CC100 - Hakam Global Coffee,University,CC_MKT_03,640000,Digital Marketing & Channel Promo,OPEX,Marketing,15.34,USD
ACD-101997,2025-03-15,2025-03,CC100 - Hakam Global Coffee,University,CC_ADM_04,650000,Admin & IT Support Overhead,OPEX,Admin,15.18,USD
ACD-101998,2025-03-15,2025-03,CC100 - Hakam Global Coffee,University,CC_FAC_02,630000,Equipment Depreciation (Espresso/Grinders),Depreciation,Depreciation,20.64,USD
ACD-101999,2025-03-16,2025-03,CC100 - Hakam Global Coffee,Downtown,CC_BAR_01,410000,Gross Beverage & Food Revenue,Revenue,Revenue,921.71,USD
ACD-102000,2025-03-16,2025-03,CC100 - Hakam Global Coffee,Downtown,CC_BAR_01,510000,Direct Raw Materials (Beans/Dairy/Syrup),COGS,Direct Materials,213.9,USD
ACD-102001,2025-03-16,2025-03,CC100 - Hakam Global Coffee,Downtown,CC_BAR_01,520000,Direct Barista Labor & Payroll,COGS,Direct Labor,142.22,USD
ACD-102002,2025-03-16,2025-03,CC100 - Hakam Global Coffee,Downtown,CC_BAR_01,530000,Packaging & Sustainable Cups,COGS,Packaging,49.04,USD
ACD-102003,2025-03-16,2025-03,CC100 - Hakam Global Coffee,Downtown,CC_FAC_02,610000,Store Rent & Facility Lease,OPEX,Rent,66.72,USD
ACD-102004,2025-03-16,2025-03,CC100 - Hakam Global Coffee,Downtown,CC_FAC_02,620000,Utilities (Power/Water/Gas),OPEX,Utilities,29.17,USD
ACD-102005,2025-03-16,2025-03,CC100 - Hakam Global Coffee,Downtown,CC_MKT_03,640000,Digital Marketing & Channel Promo,OPEX,Marketing,17.27,USD
ACD-102006,2025-03-16,2025-03,CC100 - Hakam Global Coffee,Downtown,CC_ADM_04,650000,Admin & IT Support Overhead,OPEX,Admin,26.31,USD
ACD-102007,2025-03-16,2025-03,CC100 - Hakam Global Coffee,Downtown,CC_FAC_02,630000,Equipment Depreciation (Espresso/Grinders),Depreciation,Depreciation,32.13,USD
ACD-102008,2025-03-16,2025-03,CC100 - Hakam Global Coffee,Corporate Park,CC_BAR_01,410000,Gross Beverage & Food Revenue,Revenue,Revenue,1039.99,USD
ACD-102009,2025-03-16,2025-03,CC100 - Hakam Global Coffee,Corporate Park,CC_BAR_01,510000,Direct Raw Materials (Beans/Dairy/Syrup),COGS,Direct Materials,254.84,USD
ACD-102010,2025-03-16,2025-03,CC100 - Hakam Global Coffee,Corporate Park,CC_BAR_01,520000,Direct Barista Labor & Payroll,COGS,Direct Labor,169.33,USD
ACD-102011,2025-03-16,2025-03,CC100 - Hakam Global Coffee,Corporate Park,CC_BAR_01,530000,Packaging & Sustainable Cups,COGS,Packaging,51.91,USD
ACD-102012,2025-03-16,2025-03,CC100 - Hakam Global Coffee,Corporate Park,CC_FAC_02,610000,Store Rent & Facility Lease,OPEX,Rent,74.11,USD
ACD-102013,2025-03-16,2025-03,CC100 - Hakam Global Coffee,Corporate Park,CC_FAC_02,620000,Utilities (Power/Water/Gas),OPEX,Utilities,33.69,USD
ACD-102014,2025-03-16,2025-03,CC100 - Hakam Global Coffee,Corporate Park,CC_MKT_03,640000,Digital Marketing & Channel Promo,OPEX,Marketing,23.84,USD
ACD-102015,2025-03-16,2025-03,CC100 - Hakam Global Coffee,Corporate Park,CC_ADM_04,650000,Admin & IT Support Overhead,OPEX,Admin,20.54,USD
ACD-102016,2025-03-16,2025-03,CC100 - Hakam Global Coffee,Corporate Park,CC_FAC_02,630000,Equipment Depreciation (Espresso/Grinders),Depreciation,Depreciation,20.92,USD
ACD-102017,2025-03-16,2025-03,CC100 - Hakam Global Coffee,University,CC_BAR_01,410000,Gross Beverage & Food Revenue,Revenue,Revenue,682.69,USD
ACD-102018,2025-03-16,2025-03,CC100 - Hakam Global Coffee,University,CC_BAR_01,510000,Direct Raw Materials (Beans/Dairy/Syrup),COGS,Direct Materials,154.27,USD
ACD-102019,2025-03-16,2025-03,CC100 - Hakam Global Coffee,University,CC_BAR_01,520000,Direct Barista Labor & Payroll,COGS,Direct Labor,110.11,USD
ACD-102020,2025-03-16,2025-03,CC100 - Hakam Global Coffee,University,CC_BAR_01,530000,Packaging & Sustainable Cups,COGS,Packaging,37.61,USD
ACD-102021,2025-03-16,2025-03,CC100 - Hakam Global Coffee,University,CC_FAC_02,610000,Store Rent & Facility Lease,OPEX,Rent,51.75,USD
ACD-102022,2025-03-16,2025-03,CC100 - Hakam Global Coffee,University,CC_FAC_02,620000,Utilities (Power/Water/Gas),OPEX,Utilities,26.78,USD
ACD-102023,2025-03-16,2025-03,CC100 - Hakam Global Coffee,University,CC_MKT_03,640000,Digital Marketing & Channel Promo,OPEX,Marketing,15.11,USD
ACD-102024,2025-03-16,2025-03,CC100 - Hakam Global Coffee,University,CC_ADM_04,650000,Admin & IT Support Overhead,OPEX,Admin,16.22,USD
ACD-102025,2025-03-16,2025-03,CC100 - Hakam Global Coffee,University,CC_FAC_02,630000,Equipment Depreciation (Espresso/Grinders),Depreciation,Depreciation,21.9,USD
ACD-102026,2025-03-17,2025-03,CC100 - Hakam Global Coffee,Downtown,CC_BAR_01,410000,Gross Beverage & Food Revenue,Revenue,Revenue,929.07,USD
ACD-102027,2025-03-17,2025-03,CC100 - Hakam Global Coffee,Downtown,CC_BAR_01,510000,Direct Raw Materials (Beans/Dairy/Syrup),COGS,Direct Materials,225.3,USD
ACD-102028,2025-03-17,2025-03,CC100 - Hakam Global Coffee,Downtown,CC_BAR_01,520000,Direct Barista Labor & Payroll,COGS,Direct Labor,166.33,USD
ACD-102029,2025-03-17,2025-03,CC100 - Hakam Global Coffee,Downtown,CC_BAR_01,530000,Packaging & Sustainable Cups,COGS,Packaging,47.52,USD
ACD-102030,2025-03-17,2025-03,CC100 - Hakam Global Coffee,Downtown,CC_FAC_02,610000,Store Rent & Facility Lease,OPEX,Rent,64.37,USD
ACD-102031,2025-03-17,2025-03,CC100 - Hakam Global Coffee,Downtown,CC_FAC_02,620000,Utilities (Power/Water/Gas),OPEX,Utilities,28.23,USD
ACD-102032,2025-03-17,2025-03,CC100 - Hakam Global Coffee,Downtown,CC_MKT_03,640000,Digital Marketing & Channel Promo,OPEX,Marketing,19.77,USD
ACD-102033,2025-03-17,2025-03,CC100 - Hakam Global Coffee,Downtown,CC_ADM_04,650000,Admin & IT Support Overhead,OPEX,Admin,22.23,USD
ACD-102034,2025-03-17,2025-03,CC100 - Hakam Global Coffee,Downtown,CC_FAC_02,630000,Equipment Depreciation (Espresso/Grinders),Depreciation,Depreciation,32.7,USD
ACD-102035,2025-03-17,2025-03,CC100 - Hakam Global Coffee,Corporate Park,CC_BAR_01,410000,Gross Beverage & Food Revenue,Revenue,Revenue,769.27,USD
ACD-102036,2025-03-17,2025-03,CC100 - Hakam Global Coffee,Corporate Park,CC_BAR_01,510000,Direct Raw Materials (Beans/Dairy/Syrup),COGS,Direct Materials,172.08,USD
ACD-102037,2025-03-17,2025-03,CC100 - Hakam Global Coffee,Corporate Park,CC_BAR_01,520000,Direct Barista Labor & Payroll,COGS,Direct Labor,132.11,USD
ACD-102038,2025-03-17,2025-03,CC100 - Hakam Global Coffee,Corporate Park,CC_BAR_01,530000,Packaging & Sustainable Cups,COGS,Packaging,33.7,USD
ACD-102039,2025-03-17,2025-03,CC100 - Hakam Global Coffee,Corporate Park,CC_FAC_02,610000,Store Rent & Facility Lease,OPEX,Rent,57.92,USD
ACD-102040,2025-03-17,2025-03,CC100 - Hakam Global Coffee,Corporate Park,CC_FAC_02,620000,Utilities (Power/Water/Gas),OPEX,Utilities,30.0,USD
ACD-102041,2025-03-17,2025-03,CC100 - Hakam Global Coffee,Corporate Park,CC_MKT_03,640000,Digital Marketing & Channel Promo,OPEX,Marketing,22.81,USD
ACD-102042,2025-03-17,2025-03,CC100 - Hakam Global Coffee,Corporate Park,CC_ADM_04,650000,Admin & IT Support Overhead,OPEX,Admin,21.55,USD
ACD-102043,2025-03-17,2025-03,CC100 - Hakam Global Coffee,Corporate Park,CC_FAC_02,630000,Equipment Depreciation (Espresso/Grinders),Depreciation,Depreciation,19.41,USD
ACD-102044,2025-03-17,2025-03,CC100 - Hakam Global Coffee,University,CC_BAR_01,410000,Gross Beverage & Food Revenue,Revenue,Revenue,612.35,USD
ACD-102045,2025-03-17,2025-03,CC100 - Hakam Global Coffee,University,CC_BAR_01,510000,Direct Raw Materials (Beans/Dairy/Syrup),COGS,Direct Materials,152.46,USD
ACD-102046,2025-03-17,2025-03,CC100 - Hakam Global Coffee,University,CC_BAR_01,520000,Direct Barista Labor & Payroll,COGS,Direct Labor,102.12,USD
ACD-102047,2025-03-17,2025-03,CC100 - Hakam Global Coffee,University,CC_BAR_01,530000,Packaging & Sustainable Cups,COGS,Packaging,30.37,USD
ACD-102048,2025-03-17,2025-03,CC100 - Hakam Global Coffee,University,CC_FAC_02,610000,Store Rent & Facility Lease,OPEX,Rent,59.27,USD
ACD-102049,2025-03-17,2025-03,CC100 - Hakam Global Coffee,University,CC_FAC_02,620000,Utilities (Power/Water/Gas),OPEX,Utilities,20.9,USD
ACD-102050,2025-03-17,2025-03,CC100 - Hakam Global Coffee,University,CC_MKT_03,640000,Digital Marketing & Channel Promo,OPEX,Marketing,23.22,USD
ACD-102051,2025-03-17,2025-03,CC100 - Hakam Global Coffee,University,CC_ADM_04,650000,Admin & IT Support Overhead,OPEX,Admin,9.65,USD
ACD-102052,2025-03-17,2025-03,CC100 - Hakam Global Coffee,University,CC_FAC_02,630000,Equipment Depreciation (Espresso/Grinders),Depreciation,Depreciation,23.15,USD
ACD-102053,2025-03-18,2025-03,CC100 - Hakam Global Coffee,Downtown,CC_BAR_01,410000,Gross Beverage & Food Revenue,Revenue,Revenue,947.28,USD
ACD-102054,2025-03-18,2025-03,CC100 - Hakam Global Coffee,Downtown,CC_BAR_01,510000,Direct Raw Materials (Beans/Dairy/Syrup),COGS,Direct Materials,212.85,USD
ACD-102055,2025-03-18,2025-03,CC100 - Hakam Global Coffee,Downtown,CC_BAR_01,520000,Direct Barista Labor & Payroll,COGS,Direct Labor,170.5,USD
ACD-102056,2025-03-18,2025-03,CC100 - Hakam Global Coffee,Downtown,CC_BAR_01,530000,Packaging & Sustainable Cups,COGS,Packaging,46.96,USD
ACD-102057,2025-03-18,2025-03,CC100 - Hakam Global Coffee,Downtown,CC_FAC_02,610000,Store Rent & Facility Lease,OPEX,Rent,67.3,USD
ACD-102058,2025-03-18,2025-03,CC100 - Hakam Global Coffee,Downtown,CC_FAC_02,620000,Utilities (Power/Water/Gas),OPEX,Utilities,34.09,USD
ACD-102059,2025-03-18,2025-03,CC100 - Hakam Global Coffee,Downtown,CC_MKT_03,640000,Digital Marketing & Channel Promo,OPEX,Marketing,19.79,USD
ACD-102060,2025-03-18,2025-03,CC100 - Hakam Global Coffee,Downtown,CC_ADM_04,650000,Admin & IT Support Overhead,OPEX,Admin,25.85,USD
ACD-102061,2025-03-18,2025-03,CC100 - Hakam Global Coffee,Downtown,CC_FAC_02,630000,Equipment Depreciation (Espresso/Grinders),Depreciation,Depreciation,27.7,USD
ACD-102062,2025-03-18,2025-03,CC100 - Hakam Global Coffee,Corporate Park,CC_BAR_01,410000,Gross Beverage & Food Revenue,Revenue,Revenue,745.8,USD
ACD-102063,2025-03-18,2025-03,CC100 - Hakam Global Coffee,Corporate Park,CC_BAR_01,510000,Direct Raw Materials (Beans/Dairy/Syrup),COGS,Direct Materials,175.43,USD
ACD-102064,2025-03-18,2025-03,CC100 - Hakam Global Coffee,Corporate Park,CC_BAR_01,520000,Direct Barista Labor & Payroll,COGS,Direct Labor,123.81,USD
ACD-102065,2025-03-18,2025-03,CC100 - Hakam Global Coffee,Corporate Park,CC_BAR_01,530000,Packaging & Sustainable Cups,COGS,Packaging,35.19,USD
ACD-102066,2025-03-18,2025-03,CC100 - Hakam Global Coffee,Corporate Park,CC_FAC_02,610000,Store Rent & Facility Lease,OPEX,Rent,57.77,USD
ACD-102067,2025-03-18,2025-03,CC100 - Hakam Global Coffee,Corporate Park,CC_FAC_02,620000,Utilities (Power/Water/Gas),OPEX,Utilities,27.78,USD
ACD-102068,2025-03-18,2025-03,CC100 - Hakam Global Coffee,Corporate Park,CC_MKT_03,640000,Digital Marketing & Channel Promo,OPEX,Marketing,21.23,USD
ACD-102069,2025-03-18,2025-03,CC100 - Hakam Global Coffee,Corporate Park,CC_ADM_04,650000,Admin & IT Support Overhead,OPEX,Admin,12.63,USD
ACD-102070,2025-03-18,2025-03,CC100 - Hakam Global Coffee,Corporate Park,CC_FAC_02,630000,Equipment Depreciation (Espresso/Grinders),Depreciation,Depreciation,28.54,USD
ACD-102071,2025-03-18,2025-03,CC100 - Hakam Global Coffee,University,CC_BAR_01,410000,Gross Beverage & Food Revenue,Revenue,Revenue,533.24,USD
ACD-102072,2025-03-18,2025-03,CC100 - Hakam Global Coffee,University,CC_BAR_01,510000,Direct Raw Materials (Beans/Dairy/Syrup),COGS,Direct Materials,135.22,USD
ACD-102073,2025-03-18,2025-03,CC100 - Hakam Global Coffee,University,CC_BAR_01,520000,Direct Barista Labor & Payroll,COGS,Direct Labor,94.61,USD
ACD-102074,2025-03-18,2025-03,CC100 - Hakam Global Coffee,University,CC_BAR_01,530000,Packaging & Sustainable Cups,COGS,Packaging,25.28,USD
ACD-102075,2025-03-18,2025-03,CC100 - Hakam Global Coffee,University,CC_FAC_02,610000,Store Rent & Facility Lease,OPEX,Rent,50.61,USD
ACD-102076,2025-03-18,2025-03,CC100 - Hakam Global Coffee,University,CC_FAC_02,620000,Utilities (Power/Water/Gas),OPEX,Utilities,23.51,USD
ACD-102077,2025-03-18,2025-03,CC100 - Hakam Global Coffee,University,CC_MKT_03,640000,Digital Marketing & Channel Promo,OPEX,Marketing,14.13,USD
ACD-102078,2025-03-18,2025-03,CC100 - Hakam Global Coffee,University,CC_ADM_04,650000,Admin & IT Support Overhead,OPEX,Admin,10.89,USD
ACD-102079,2025-03-18,2025-03,CC100 - Hakam Global Coffee,University,CC_FAC_02,630000,Equipment Depreciation (Espresso/Grinders),Depreciation,Depreciation,16.73,USD
ACD-102080,2025-03-19,2025-03,CC100 - Hakam Global Coffee,Downtown,CC_BAR_01,410000,Gross Beverage & Food Revenue,Revenue,Revenue,936.77,USD
ACD-102081,2025-03-19,2025-03,CC100 - Hakam Global Coffee,Downtown,CC_BAR_01,510000,Direct Raw Materials (Beans/Dairy/Syrup),COGS,Direct Materials,227.79,USD
ACD-102082,2025-03-19,2025-03,CC100 - Hakam Global Coffee,Downtown,CC_BAR_01,520000,Direct Barista Labor & Payroll,COGS,Direct Labor,152.25,USD
ACD-102083,2025-03-19,2025-03,CC100 - Hakam Global Coffee,Downtown,CC_BAR_01,530000,Packaging & Sustainable Cups,COGS,Packaging,40.33,USD
ACD-102084,2025-03-19,2025-03,CC100 - Hakam Global Coffee,Downtown,CC_FAC_02,610000,Store Rent & Facility Lease,OPEX,Rent,69.66,USD
ACD-102085,2025-03-19,2025-03,CC100 - Hakam Global Coffee,Downtown,CC_FAC_02,620000,Utilities (Power/Water/Gas),OPEX,Utilities,30.45,USD
ACD-102086,2025-03-19,2025-03,CC100 - Hakam Global Coffee,Downtown,CC_MKT_03,640000,Digital Marketing & Channel Promo,OPEX,Marketing,30.83,USD
ACD-102087,2025-03-19,2025-03,CC100 - Hakam Global Coffee,Downtown,CC_ADM_04,650000,Admin & IT Support Overhead,OPEX,Admin,20.24,USD
ACD-102088,2025-03-19,2025-03,CC100 - Hakam Global Coffee,Downtown,CC_FAC_02,630000,Equipment Depreciation (Espresso/Grinders),Depreciation,Depreciation,29.09,USD
ACD-102089,2025-03-19,2025-03,CC100 - Hakam Global Coffee,Corporate Park,CC_BAR_01,410000,Gross Beverage & Food Revenue,Revenue,Revenue,716.08,USD
ACD-102090,2025-03-19,2025-03,CC100 - Hakam Global Coffee,Corporate Park,CC_BAR_01,510000,Direct Raw Materials (Beans/Dairy/Syrup),COGS,Direct Materials,164.91,USD
ACD-102091,2025-03-19,2025-03,CC100 - Hakam Global Coffee,Corporate Park,CC_BAR_01,520000,Direct Barista Labor & Payroll,COGS,Direct Labor,125.06,USD
ACD-102092,2025-03-19,2025-03,CC100 - Hakam Global Coffee,Corporate Park,CC_BAR_01,530000,Packaging & Sustainable Cups,COGS,Packaging,42.49,USD
ACD-102093,2025-03-19,2025-03,CC100 - Hakam Global Coffee,Corporate Park,CC_FAC_02,610000,Store Rent & Facility Lease,OPEX,Rent,66.51,USD
ACD-102094,2025-03-19,2025-03,CC100 - Hakam Global Coffee,Corporate Park,CC_FAC_02,620000,Utilities (Power/Water/Gas),OPEX,Utilities,27.47,USD
ACD-102095,2025-03-19,2025-03,CC100 - Hakam Global Coffee,Corporate Park,CC_MKT_03,640000,Digital Marketing & Channel Promo,OPEX,Marketing,16.32,USD
ACD-102096,2025-03-19,2025-03,CC100 - Hakam Global Coffee,Corporate Park,CC_ADM_04,650000,Admin & IT Support Overhead,OPEX,Admin,20.64,USD
ACD-102097,2025-03-19,2025-03,CC100 - Hakam Global Coffee,Corporate Park,CC_FAC_02,630000,Equipment Depreciation (Espresso/Grinders),Depreciation,Depreciation,19.2,USD
ACD-102098,2025-03-19,2025-03,CC100 - Hakam Global Coffee,University,CC_BAR_01,410000,Gross Beverage & Food Revenue,Revenue,Revenue,601.15,USD
ACD-102099,2025-03-19,2025-03,CC100 - Hakam Global Coffee,University,CC_BAR_01,510000,Direct Raw Materials (Beans/Dairy/Syrup),COGS,Direct Materials,144.0,USD
ACD-102100,2025-03-19,2025-03,CC100 - Hakam Global Coffee,University,CC_BAR_01,520000,Direct Barista Labor & Payroll,COGS,Direct Labor,106.71,USD
ACD-102101,2025-03-19,2025-03,CC100 - Hakam Global Coffee,University,CC_BAR_01,530000,Packaging & Sustainable Cups,COGS,Packaging,30.56,USD
ACD-102102,2025-03-19,2025-03,CC100 - Hakam Global Coffee,University,CC_FAC_02,610000,Store Rent & Facility Lease,OPEX,Rent,54.94,USD
ACD-102103,2025-03-19,2025-03,CC100 - Hakam Global Coffee,University,CC_FAC_02,620000,Utilities (Power/Water/Gas),OPEX,Utilities,17.77,USD
ACD-102104,2025-03-19,2025-03,CC100 - Hakam Global Coffee,University,CC_MKT_03,640000,Digital Marketing & Channel Promo,OPEX,Marketing,11.82,USD
ACD-102105,2025-03-19,2025-03,CC100 - Hakam Global Coffee,University,CC_ADM_04,650000,Admin & IT Support Overhead,OPEX,Admin,17.54,USD
ACD-102106,2025-03-19,2025-03,CC100 - Hakam Global Coffee,University,CC_FAC_02,630000,Equipment Depreciation (Espresso/Grinders),Depreciation,Depreciation,23.23,USD
ACD-102107,2025-03-20,2025-03,CC100 - Hakam Global Coffee,Downtown,CC_BAR_01,410000,Gross Beverage & Food Revenue,Revenue,Revenue,834.22,USD
ACD-102108,2025-03-20,2025-03,CC100 - Hakam Global Coffee,Downtown,CC_BAR_01,510000,Direct Raw Materials (Beans/Dairy/Syrup),COGS,Direct Materials,209.03,USD
ACD-102109,2025-03-20,2025-03,CC100 - Hakam Global Coffee,Downtown,CC_BAR_01,520000,Direct Barista Labor & Payroll,COGS,Direct Labor,135.45,USD
ACD-102110,2025-03-20,2025-03,CC100 - Hakam Global Coffee,Downtown,CC_BAR_01,530000,Packaging & Sustainable Cups,COGS,Packaging,47.43,USD
ACD-102111,2025-03-20,2025-03,CC100 - Hakam Global Coffee,Downtown,CC_FAC_02,610000,Store Rent & Facility Lease,OPEX,Rent,67.0,USD
ACD-102112,2025-03-20,2025-03,CC100 - Hakam Global Coffee,Downtown,CC_FAC_02,620000,Utilities (Power/Water/Gas),OPEX,Utilities,35.76,USD
ACD-102113,2025-03-20,2025-03,CC100 - Hakam Global Coffee,Downtown,CC_MKT_03,640000,Digital Marketing & Channel Promo,OPEX,Marketing,16.36,USD
ACD-102114,2025-03-20,2025-03,CC100 - Hakam Global Coffee,Downtown,CC_ADM_04,650000,Admin & IT Support Overhead,OPEX,Admin,20.33,USD
ACD-102115,2025-03-20,2025-03,CC100 - Hakam Global Coffee,Downtown,CC_FAC_02,630000,Equipment Depreciation (Espresso/Grinders),Depreciation,Depreciation,25.29,USD
ACD-102116,2025-03-20,2025-03,CC100 - Hakam Global Coffee,Corporate Park,CC_BAR_01,410000,Gross Beverage & Food Revenue,Revenue,Revenue,694.12,USD
ACD-102117,2025-03-20,2025-03,CC100 - Hakam Global Coffee,Corporate Park,CC_BAR_01,510000,Direct Raw Materials (Beans/Dairy/Syrup),COGS,Direct Materials,171.22,USD
ACD-102118,2025-03-20,2025-03,CC100 - Hakam Global Coffee,Corporate Park,CC_BAR_01,520000,Direct Barista Labor & Payroll,COGS,Direct Labor,116.96,USD
ACD-102119,2025-03-20,2025-03,CC100 - Hakam Global Coffee,Corporate Park,CC_BAR_01,530000,Packaging & Sustainable Cups,COGS,Packaging,34.47,USD
ACD-102120,2025-03-20,2025-03,CC100 - Hakam Global Coffee,Corporate Park,CC_FAC_02,610000,Store Rent & Facility Lease,OPEX,Rent,62.97,USD
ACD-102121,2025-03-20,2025-03,CC100 - Hakam Global Coffee,Corporate Park,CC_FAC_02,620000,Utilities (Power/Water/Gas),OPEX,Utilities,20.79,USD
ACD-102122,2025-03-20,2025-03,CC100 - Hakam Global Coffee,Corporate Park,CC_MKT_03,640000,Digital Marketing & Channel Promo,OPEX,Marketing,22.05,USD
ACD-102123,2025-03-20,2025-03,CC100 - Hakam Global Coffee,Corporate Park,CC_ADM_04,650000,Admin & IT Support Overhead,OPEX,Admin,11.64,USD
ACD-102124,2025-03-20,2025-03,CC100 - Hakam Global Coffee,Corporate Park,CC_FAC_02,630000,Equipment Depreciation (Espresso/Grinders),Depreciation,Depreciation,23.34,USD
ACD-102125,2025-03-20,2025-03,CC100 - Hakam Global Coffee,University,CC_BAR_01,410000,Gross Beverage & Food Revenue,Revenue,Revenue,480.51,USD
ACD-102126,2025-03-20,2025-03,CC100 - Hakam Global Coffee,University,CC_BAR_01,510000,Direct Raw Materials (Beans/Dairy/Syrup),COGS,Direct Materials,124.5,USD
ACD-102127,2025-03-20,2025-03,CC100 - Hakam Global Coffee,University,CC_BAR_01,520000,Direct Barista Labor & Payroll,COGS,Direct Labor,72.32,USD
ACD-102128,2025-03-20,2025-03,CC100 - Hakam Global Coffee,University,CC_BAR_01,530000,Packaging & Sustainable Cups,COGS,Packaging,27.04,USD
ACD-102129,2025-03-20,2025-03,CC100 - Hakam Global Coffee,University,CC_FAC_02,610000,Store Rent & Facility Lease,OPEX,Rent,55.56,USD
ACD-102130,2025-03-20,2025-03,CC100 - Hakam Global Coffee,University,CC_FAC_02,620000,Utilities (Power/Water/Gas),OPEX,Utilities,26.29,USD
ACD-102131,2025-03-20,2025-03,CC100 - Hakam Global Coffee,University,CC_MKT_03,640000,Digital Marketing & Channel Promo,OPEX,Marketing,22.64,USD
ACD-102132,2025-03-20,2025-03,CC100 - Hakam Global Coffee,University,CC_ADM_04,650000,Admin & IT Support Overhead,OPEX,Admin,10.52,USD
ACD-102133,2025-03-20,2025-03,CC100 - Hakam Global Coffee,University,CC_FAC_02,630000,Equipment Depreciation (Espresso/Grinders),Depreciation,Depreciation,15.16,USD
ACD-102134,2025-03-21,2025-03,CC100 - Hakam Global Coffee,Downtown,CC_BAR_01,410000,Gross Beverage & Food Revenue,Revenue,Revenue,834.75,USD
ACD-102135,2025-03-21,2025-03,CC100 - Hakam Global Coffee,Downtown,CC_BAR_01,510000,Direct Raw Materials (Beans/Dairy/Syrup),COGS,Direct Materials,190.05,USD
ACD-102136,2025-03-21,2025-03,CC100 - Hakam Global Coffee,Downtown,CC_BAR_01,520000,Direct Barista Labor & Payroll,COGS,Direct Labor,138.4,USD
ACD-102137,2025-03-21,2025-03,CC100 - Hakam Global Coffee,Downtown,CC_BAR_01,530000,Packaging & Sustainable Cups,COGS,Packaging,47.0,USD
ACD-102138,2025-03-21,2025-03,CC100 - Hakam Global Coffee,Downtown,CC_FAC_02,610000,Store Rent & Facility Lease,OPEX,Rent,67.97,USD
ACD-102139,2025-03-21,2025-03,CC100 - Hakam Global Coffee,Downtown,CC_FAC_02,620000,Utilities (Power/Water/Gas),OPEX,Utilities,30.73,USD
ACD-102140,2025-03-21,2025-03,CC100 - Hakam Global Coffee,Downtown,CC_MKT_03,640000,Digital Marketing & Channel Promo,OPEX,Marketing,22.75,USD
ACD-102141,2025-03-21,2025-03,CC100 - Hakam Global Coffee,Downtown,CC_ADM_04,650000,Admin & IT Support Overhead,OPEX,Admin,18.98,USD
ACD-102142,2025-03-21,2025-03,CC100 - Hakam Global Coffee,Downtown,CC_FAC_02,630000,Equipment Depreciation (Espresso/Grinders),Depreciation,Depreciation,27.88,USD
ACD-102143,2025-03-21,2025-03,CC100 - Hakam Global Coffee,Corporate Park,CC_BAR_01,410000,Gross Beverage & Food Revenue,Revenue,Revenue,1073.91,USD
ACD-102144,2025-03-21,2025-03,CC100 - Hakam Global Coffee,Corporate Park,CC_BAR_01,510000,Direct Raw Materials (Beans/Dairy/Syrup),COGS,Direct Materials,245.96,USD
ACD-102145,2025-03-21,2025-03,CC100 - Hakam Global Coffee,Corporate Park,CC_BAR_01,520000,Direct Barista Labor & Payroll,COGS,Direct Labor,183.12,USD
ACD-102146,2025-03-21,2025-03,CC100 - Hakam Global Coffee,Corporate Park,CC_BAR_01,530000,Packaging & Sustainable Cups,COGS,Packaging,61.17,USD
ACD-102147,2025-03-21,2025-03,CC100 - Hakam Global Coffee,Corporate Park,CC_FAC_02,610000,Store Rent & Facility Lease,OPEX,Rent,66.79,USD
ACD-102148,2025-03-21,2025-03,CC100 - Hakam Global Coffee,Corporate Park,CC_FAC_02,620000,Utilities (Power/Water/Gas),OPEX,Utilities,32.54,USD
ACD-102149,2025-03-21,2025-03,CC100 - Hakam Global Coffee,Corporate Park,CC_MKT_03,640000,Digital Marketing & Channel Promo,OPEX,Marketing,25.16,USD
ACD-102150,2025-03-21,2025-03,CC100 - Hakam Global Coffee,Corporate Park,CC_ADM_04,650000,Admin & IT Support Overhead,OPEX,Admin,12.58,USD
ACD-102151,2025-03-21,2025-03,CC100 - Hakam Global Coffee,Corporate Park,CC_FAC_02,630000,Equipment Depreciation (Espresso/Grinders),Depreciation,Depreciation,21.61,USD
ACD-102152,2025-03-21,2025-03,CC100 - Hakam Global Coffee,University,CC_BAR_01,410000,Gross Beverage & Food Revenue,Revenue,Revenue,731.27,USD
ACD-102153,2025-03-21,2025-03,CC100 - Hakam Global Coffee,University,CC_BAR_01,510000,Direct Raw Materials (Beans/Dairy/Syrup),COGS,Direct Materials,162.52,USD
ACD-102154,2025-03-21,2025-03,CC100 - Hakam Global Coffee,University,CC_BAR_01,520000,Direct Barista Labor & Payroll,COGS,Direct Labor,109.9,USD
ACD-102155,2025-03-21,2025-03,CC100 - Hakam Global Coffee,University,CC_BAR_01,530000,Packaging & Sustainable Cups,COGS,Packaging,31.76,USD
ACD-102156,2025-03-21,2025-03,CC100 - Hakam Global Coffee,University,CC_FAC_02,610000,Store Rent & Facility Lease,OPEX,Rent,52.25,USD
ACD-102157,2025-03-21,2025-03,CC100 - Hakam Global Coffee,University,CC_FAC_02,620000,Utilities (Power/Water/Gas),OPEX,Utilities,22.05,USD
ACD-102158,2025-03-21,2025-03,CC100 - Hakam Global Coffee,University,CC_MKT_03,640000,Digital Marketing & Channel Promo,OPEX,Marketing,21.09,USD
ACD-102159,2025-03-21,2025-03,CC100 - Hakam Global Coffee,University,CC_ADM_04,650000,Admin & IT Support Overhead,OPEX,Admin,14.88,USD
ACD-102160,2025-03-21,2025-03,CC100 - Hakam Global Coffee,University,CC_FAC_02,630000,Equipment Depreciation (Espresso/Grinders),Depreciation,Depreciation,22.4,USD
ACD-102161,2025-03-22,2025-03,CC100 - Hakam Global Coffee,Downtown,CC_BAR_01,410000,Gross Beverage & Food Revenue,Revenue,Revenue,807.65,USD
ACD-102162,2025-03-22,2025-03,CC100 - Hakam Global Coffee,Downtown,CC_BAR_01,510000,Direct Raw Materials (Beans/Dairy/Syrup),COGS,Direct Materials,194.75,USD
ACD-102163,2025-03-22,2025-03,CC100 - Hakam Global Coffee,Downtown,CC_BAR_01,520000,Direct Barista Labor & Payroll,COGS,Direct Labor,122.18,USD
ACD-102164,2025-03-22,2025-03,CC100 - Hakam Global Coffee,Downtown,CC_BAR_01,530000,Packaging & Sustainable Cups,COGS,Packaging,35.72,USD
ACD-102165,2025-03-22,2025-03,CC100 - Hakam Global Coffee,Downtown,CC_FAC_02,610000,Store Rent & Facility Lease,OPEX,Rent,84.19,USD
ACD-102166,2025-03-22,2025-03,CC100 - Hakam Global Coffee,Downtown,CC_FAC_02,620000,Utilities (Power/Water/Gas),OPEX,Utilities,38.68,USD
ACD-102167,2025-03-22,2025-03,CC100 - Hakam Global Coffee,Downtown,CC_MKT_03,640000,Digital Marketing & Channel Promo,OPEX,Marketing,24.55,USD
ACD-102168,2025-03-22,2025-03,CC100 - Hakam Global Coffee,Downtown,CC_ADM_04,650000,Admin & IT Support Overhead,OPEX,Admin,14.13,USD
ACD-102169,2025-03-22,2025-03,CC100 - Hakam Global Coffee,Downtown,CC_FAC_02,630000,Equipment Depreciation (Espresso/Grinders),Depreciation,Depreciation,21.25,USD
ACD-102170,2025-03-22,2025-03,CC100 - Hakam Global Coffee,Corporate Park,CC_BAR_01,410000,Gross Beverage & Food Revenue,Revenue,Revenue,1046.03,USD
ACD-102171,2025-03-22,2025-03,CC100 - Hakam Global Coffee,Corporate Park,CC_BAR_01,510000,Direct Raw Materials (Beans/Dairy/Syrup),COGS,Direct Materials,267.75,USD
ACD-102172,2025-03-22,2025-03,CC100 - Hakam Global Coffee,Corporate Park,CC_BAR_01,520000,Direct Barista Labor & Payroll,COGS,Direct Labor,174.59,USD
ACD-102173,2025-03-22,2025-03,CC100 - Hakam Global Coffee,Corporate Park,CC_BAR_01,530000,Packaging & Sustainable Cups,COGS,Packaging,42.53,USD
ACD-102174,2025-03-22,2025-03,CC100 - Hakam Global Coffee,Corporate Park,CC_FAC_02,610000,Store Rent & Facility Lease,OPEX,Rent,73.11,USD
ACD-102175,2025-03-22,2025-03,CC100 - Hakam Global Coffee,Corporate Park,CC_FAC_02,620000,Utilities (Power/Water/Gas),OPEX,Utilities,25.04,USD
ACD-102176,2025-03-22,2025-03,CC100 - Hakam Global Coffee,Corporate Park,CC_MKT_03,640000,Digital Marketing & Channel Promo,OPEX,Marketing,28.17,USD
ACD-102177,2025-03-22,2025-03,CC100 - Hakam Global Coffee,Corporate Park,CC_ADM_04,650000,Admin & IT Support Overhead,OPEX,Admin,18.25,USD
ACD-102178,2025-03-22,2025-03,CC100 - Hakam Global Coffee,Corporate Park,CC_FAC_02,630000,Equipment Depreciation (Espresso/Grinders),Depreciation,Depreciation,25.9,USD
ACD-102179,2025-03-22,2025-03,CC100 - Hakam Global Coffee,University,CC_BAR_01,410000,Gross Beverage & Food Revenue,Revenue,Revenue,788.28,USD
ACD-102180,2025-03-22,2025-03,CC100 - Hakam Global Coffee,University,CC_BAR_01,510000,Direct Raw Materials (Beans/Dairy/Syrup),COGS,Direct Materials,185.98,USD
ACD-102181,2025-03-22,2025-03,CC100 - Hakam Global Coffee,University,CC_BAR_01,520000,Direct Barista Labor & Payroll,COGS,Direct Labor,120.06,USD
ACD-102182,2025-03-22,2025-03,CC100 - Hakam Global Coffee,University,CC_BAR_01,530000,Packaging & Sustainable Cups,COGS,Packaging,34.09,USD
ACD-102183,2025-03-22,2025-03,CC100 - Hakam Global Coffee,University,CC_FAC_02,610000,Store Rent & Facility Lease,OPEX,Rent,47.32,USD
ACD-102184,2025-03-22,2025-03,CC100 - Hakam Global Coffee,University,CC_FAC_02,620000,Utilities (Power/Water/Gas),OPEX,Utilities,26.62,USD
ACD-102185,2025-03-22,2025-03,CC100 - Hakam Global Coffee,University,CC_MKT_03,640000,Digital Marketing & Channel Promo,OPEX,Marketing,16.21,USD
ACD-102186,2025-03-22,2025-03,CC100 - Hakam Global Coffee,University,CC_ADM_04,650000,Admin & IT Support Overhead,OPEX,Admin,18.02,USD
ACD-102187,2025-03-22,2025-03,CC100 - Hakam Global Coffee,University,CC_FAC_02,630000,Equipment Depreciation (Espresso/Grinders),Depreciation,Depreciation,17.4,USD
ACD-102188,2025-03-23,2025-03,CC100 - Hakam Global Coffee,Downtown,CC_BAR_01,410000,Gross Beverage & Food Revenue,Revenue,Revenue,1141.9,USD
ACD-102189,2025-03-23,2025-03,CC100 - Hakam Global Coffee,Downtown,CC_BAR_01,510000,Direct Raw Materials (Beans/Dairy/Syrup),COGS,Direct Materials,257.61,USD
ACD-102190,2025-03-23,2025-03,CC100 - Hakam Global Coffee,Downtown,CC_BAR_01,520000,Direct Barista Labor & Payroll,COGS,Direct Labor,205.15,USD
ACD-102191,2025-03-23,2025-03,CC100 - Hakam Global Coffee,Downtown,CC_BAR_01,530000,Packaging & Sustainable Cups,COGS,Packaging,62.21,USD
ACD-102192,2025-03-23,2025-03,CC100 - Hakam Global Coffee,Downtown,CC_FAC_02,610000,Store Rent & Facility Lease,OPEX,Rent,74.27,USD
ACD-102193,2025-03-23,2025-03,CC100 - Hakam Global Coffee,Downtown,CC_FAC_02,620000,Utilities (Power/Water/Gas),OPEX,Utilities,40.08,USD
ACD-102194,2025-03-23,2025-03,CC100 - Hakam Global Coffee,Downtown,CC_MKT_03,640000,Digital Marketing & Channel Promo,OPEX,Marketing,17.14,USD
ACD-102195,2025-03-23,2025-03,CC100 - Hakam Global Coffee,Downtown,CC_ADM_04,650000,Admin & IT Support Overhead,OPEX,Admin,19.4,USD
ACD-102196,2025-03-23,2025-03,CC100 - Hakam Global Coffee,Downtown,CC_FAC_02,630000,Equipment Depreciation (Espresso/Grinders),Depreciation,Depreciation,31.57,USD
ACD-102197,2025-03-23,2025-03,CC100 - Hakam Global Coffee,Corporate Park,CC_BAR_01,410000,Gross Beverage & Food Revenue,Revenue,Revenue,793.76,USD
ACD-102198,2025-03-23,2025-03,CC100 - Hakam Global Coffee,Corporate Park,CC_BAR_01,510000,Direct Raw Materials (Beans/Dairy/Syrup),COGS,Direct Materials,199.04,USD
ACD-102199,2025-03-23,2025-03,CC100 - Hakam Global Coffee,Corporate Park,CC_BAR_01,520000,Direct Barista Labor & Payroll,COGS,Direct Labor,141.8,USD
ACD-102200,2025-03-23,2025-03,CC100 - Hakam Global Coffee,Corporate Park,CC_BAR_01,530000,Packaging & Sustainable Cups,COGS,Packaging,38.05,USD
ACD-102201,2025-03-23,2025-03,CC100 - Hakam Global Coffee,Corporate Park,CC_FAC_02,610000,Store Rent & Facility Lease,OPEX,Rent,69.54,USD
ACD-102202,2025-03-23,2025-03,CC100 - Hakam Global Coffee,Corporate Park,CC_FAC_02,620000,Utilities (Power/Water/Gas),OPEX,Utilities,21.11,USD
ACD-102203,2025-03-23,2025-03,CC100 - Hakam Global Coffee,Corporate Park,CC_MKT_03,640000,Digital Marketing & Channel Promo,OPEX,Marketing,17.89,USD
ACD-102204,2025-03-23,2025-03,CC100 - Hakam Global Coffee,Corporate Park,CC_ADM_04,650000,Admin & IT Support Overhead,OPEX,Admin,22.91,USD
ACD-102205,2025-03-23,2025-03,CC100 - Hakam Global Coffee,Corporate Park,CC_FAC_02,630000,Equipment Depreciation (Espresso/Grinders),Depreciation,Depreciation,22.89,USD
ACD-102206,2025-03-23,2025-03,CC100 - Hakam Global Coffee,University,CC_BAR_01,410000,Gross Beverage & Food Revenue,Revenue,Revenue,661.13,USD
ACD-102207,2025-03-23,2025-03,CC100 - Hakam Global Coffee,University,CC_BAR_01,510000,Direct Raw Materials (Beans/Dairy/Syrup),COGS,Direct Materials,170.34,USD
ACD-102208,2025-03-23,2025-03,CC100 - Hakam Global Coffee,University,CC_BAR_01,520000,Direct Barista Labor & Payroll,COGS,Direct Labor,107.73,USD
ACD-102209,2025-03-23,2025-03,CC100 - Hakam Global Coffee,University,CC_BAR_01,530000,Packaging & Sustainable Cups,COGS,Packaging,35.43,USD
ACD-102210,2025-03-23,2025-03,CC100 - Hakam Global Coffee,University,CC_FAC_02,610000,Store Rent & Facility Lease,OPEX,Rent,55.3,USD
ACD-102211,2025-03-23,2025-03,CC100 - Hakam Global Coffee,University,CC_FAC_02,620000,Utilities (Power/Water/Gas),OPEX,Utilities,18.08,USD
ACD-102212,2025-03-23,2025-03,CC100 - Hakam Global Coffee,University,CC_MKT_03,640000,Digital Marketing & Channel Promo,OPEX,Marketing,19.04,USD
ACD-102213,2025-03-23,2025-03,CC100 - Hakam Global Coffee,University,CC_ADM_04,650000,Admin & IT Support Overhead,OPEX,Admin,17.08,USD
ACD-102214,2025-03-23,2025-03,CC100 - Hakam Global Coffee,University,CC_FAC_02,630000,Equipment Depreciation (Espresso/Grinders),Depreciation,Depreciation,21.02,USD
ACD-102215,2025-03-24,2025-03,CC100 - Hakam Global Coffee,Downtown,CC_BAR_01,410000,Gross Beverage & Food Revenue,Revenue,Revenue,608.69,USD
ACD-102216,2025-03-24,2025-03,CC100 - Hakam Global Coffee,Downtown,CC_BAR_01,510000,Direct Raw Materials (Beans/Dairy/Syrup),COGS,Direct Materials,137.67,USD
ACD-102217,2025-03-24,2025-03,CC100 - Hakam Global Coffee,Downtown,CC_BAR_01,520000,Direct Barista Labor & Payroll,COGS,Direct Labor,104.3,USD
ACD-102218,2025-03-24,2025-03,CC100 - Hakam Global Coffee,Downtown,CC_BAR_01,530000,Packaging & Sustainable Cups,COGS,Packaging,32.06,USD
ACD-102219,2025-03-24,2025-03,CC100 - Hakam Global Coffee,Downtown,CC_FAC_02,610000,Store Rent & Facility Lease,OPEX,Rent,80.72,USD
ACD-102220,2025-03-24,2025-03,CC100 - Hakam Global Coffee,Downtown,CC_FAC_02,620000,Utilities (Power/Water/Gas),OPEX,Utilities,29.43,USD
ACD-102221,2025-03-24,2025-03,CC100 - Hakam Global Coffee,Downtown,CC_MKT_03,640000,Digital Marketing & Channel Promo,OPEX,Marketing,18.07,USD
ACD-102222,2025-03-24,2025-03,CC100 - Hakam Global Coffee,Downtown,CC_ADM_04,650000,Admin & IT Support Overhead,OPEX,Admin,13.57,USD
ACD-102223,2025-03-24,2025-03,CC100 - Hakam Global Coffee,Downtown,CC_FAC_02,630000,Equipment Depreciation (Espresso/Grinders),Depreciation,Depreciation,24.41,USD
ACD-102224,2025-03-24,2025-03,CC100 - Hakam Global Coffee,Corporate Park,CC_BAR_01,410000,Gross Beverage & Food Revenue,Revenue,Revenue,609.59,USD
ACD-102225,2025-03-24,2025-03,CC100 - Hakam Global Coffee,Corporate Park,CC_BAR_01,510000,Direct Raw Materials (Beans/Dairy/Syrup),COGS,Direct Materials,140.69,USD
ACD-102226,2025-03-24,2025-03,CC100 - Hakam Global Coffee,Corporate Park,CC_BAR_01,520000,Direct Barista Labor & Payroll,COGS,Direct Labor,93.86,USD
ACD-102227,2025-03-24,2025-03,CC100 - Hakam Global Coffee,Corporate Park,CC_BAR_01,530000,Packaging & Sustainable Cups,COGS,Packaging,26.67,USD
ACD-102228,2025-03-24,2025-03,CC100 - Hakam Global Coffee,Corporate Park,CC_FAC_02,610000,Store Rent & Facility Lease,OPEX,Rent,62.07,USD
ACD-102229,2025-03-24,2025-03,CC100 - Hakam Global Coffee,Corporate Park,CC_FAC_02,620000,Utilities (Power/Water/Gas),OPEX,Utilities,28.36,USD
ACD-102230,2025-03-24,2025-03,CC100 - Hakam Global Coffee,Corporate Park,CC_MKT_03,640000,Digital Marketing & Channel Promo,OPEX,Marketing,19.9,USD
ACD-102231,2025-03-24,2025-03,CC100 - Hakam Global Coffee,Corporate Park,CC_ADM_04,650000,Admin & IT Support Overhead,OPEX,Admin,11.8,USD
ACD-102232,2025-03-24,2025-03,CC100 - Hakam Global Coffee,Corporate Park,CC_FAC_02,630000,Equipment Depreciation (Espresso/Grinders),Depreciation,Depreciation,21.32,USD
ACD-102233,2025-03-24,2025-03,CC100 - Hakam Global Coffee,University,CC_BAR_01,410000,Gross Beverage & Food Revenue,Revenue,Revenue,431.32,USD
ACD-102234,2025-03-24,2025-03,CC100 - Hakam Global Coffee,University,CC_BAR_01,510000,Direct Raw Materials (Beans/Dairy/Syrup),COGS,Direct Materials,105.21,USD
ACD-102235,2025-03-24,2025-03,CC100 - Hakam Global Coffee,University,CC_BAR_01,520000,Direct Barista Labor & Payroll,COGS,Direct Labor,68.9,USD
ACD-102236,2025-03-24,2025-03,CC100 - Hakam Global Coffee,University,CC_BAR_01,530000,Packaging & Sustainable Cups,COGS,Packaging,20.58,USD
ACD-102237,2025-03-24,2025-03,CC100 - Hakam Global Coffee,University,CC_FAC_02,610000,Store Rent & Facility Lease,OPEX,Rent,48.3,USD
ACD-102238,2025-03-24,2025-03,CC100 - Hakam Global Coffee,University,CC_FAC_02,620000,Utilities (Power/Water/Gas),OPEX,Utilities,21.52,USD
ACD-102239,2025-03-24,2025-03,CC100 - Hakam Global Coffee,University,CC_MKT_03,640000,Digital Marketing & Channel Promo,OPEX,Marketing,12.45,USD
ACD-102240,2025-03-24,2025-03,CC100 - Hakam Global Coffee,University,CC_ADM_04,650000,Admin & IT Support Overhead,OPEX,Admin,18.06,USD
ACD-102241,2025-03-24,2025-03,CC100 - Hakam Global Coffee,University,CC_FAC_02,630000,Equipment Depreciation (Espresso/Grinders),Depreciation,Depreciation,22.85,USD
ACD-102242,2025-03-25,2025-03,CC100 - Hakam Global Coffee,Downtown,CC_BAR_01,410000,Gross Beverage & Food Revenue,Revenue,Revenue,953.48,USD
ACD-102243,2025-03-25,2025-03,CC100 - Hakam Global Coffee,Downtown,CC_BAR_01,510000,Direct Raw Materials (Beans/Dairy/Syrup),COGS,Direct Materials,231.58,USD
ACD-102244,2025-03-25,2025-03,CC100 - Hakam Global Coffee,Downtown,CC_BAR_01,520000,Direct Barista Labor & Payroll,COGS,Direct Labor,147.87,USD
ACD-102245,2025-03-25,2025-03,CC100 - Hakam Global Coffee,Downtown,CC_BAR_01,530000,Packaging & Sustainable Cups,COGS,Packaging,45.4,USD
ACD-102246,2025-03-25,2025-03,CC100 - Hakam Global Coffee,Downtown,CC_FAC_02,610000,Store Rent & Facility Lease,OPEX,Rent,64.5,USD
ACD-102247,2025-03-25,2025-03,CC100 - Hakam Global Coffee,Downtown,CC_FAC_02,620000,Utilities (Power/Water/Gas),OPEX,Utilities,29.18,USD
ACD-102248,2025-03-25,2025-03,CC100 - Hakam Global Coffee,Downtown,CC_MKT_03,640000,Digital Marketing & Channel Promo,OPEX,Marketing,24.85,USD
ACD-102249,2025-03-25,2025-03,CC100 - Hakam Global Coffee,Downtown,CC_ADM_04,650000,Admin & IT Support Overhead,OPEX,Admin,14.35,USD
ACD-102250,2025-03-25,2025-03,CC100 - Hakam Global Coffee,Downtown,CC_FAC_02,630000,Equipment Depreciation (Espresso/Grinders),Depreciation,Depreciation,26.12,USD
ACD-102251,2025-03-25,2025-03,CC100 - Hakam Global Coffee,Corporate Park,CC_BAR_01,410000,Gross Beverage & Food Revenue,Revenue,Revenue,629.64,USD
ACD-102252,2025-03-25,2025-03,CC100 - Hakam Global Coffee,Corporate Park,CC_BAR_01,510000,Direct Raw Materials (Beans/Dairy/Syrup),COGS,Direct Materials,150.72,USD
ACD-102253,2025-03-25,2025-03,CC100 - Hakam Global Coffee,Corporate Park,CC_BAR_01,520000,Direct Barista Labor & Payroll,COGS,Direct Labor,95.9,USD
ACD-102254,2025-03-25,2025-03,CC100 - Hakam Global Coffee,Corporate Park,CC_BAR_01,530000,Packaging & Sustainable Cups,COGS,Packaging,28.36,USD
ACD-102255,2025-03-25,2025-03,CC100 - Hakam Global Coffee,Corporate Park,CC_FAC_02,610000,Store Rent & Facility Lease,OPEX,Rent,57.42,USD
ACD-102256,2025-03-25,2025-03,CC100 - Hakam Global Coffee,Corporate Park,CC_FAC_02,620000,Utilities (Power/Water/Gas),OPEX,Utilities,29.33,USD
ACD-102257,2025-03-25,2025-03,CC100 - Hakam Global Coffee,Corporate Park,CC_MKT_03,640000,Digital Marketing & Channel Promo,OPEX,Marketing,22.68,USD
ACD-102258,2025-03-25,2025-03,CC100 - Hakam Global Coffee,Corporate Park,CC_ADM_04,650000,Admin & IT Support Overhead,OPEX,Admin,13.75,USD
ACD-102259,2025-03-25,2025-03,CC100 - Hakam Global Coffee,Corporate Park,CC_FAC_02,630000,Equipment Depreciation (Espresso/Grinders),Depreciation,Depreciation,18.48,USD
ACD-102260,2025-03-25,2025-03,CC100 - Hakam Global Coffee,University,CC_BAR_01,410000,Gross Beverage & Food Revenue,Revenue,Revenue,488.61,USD
ACD-102261,2025-03-25,2025-03,CC100 - Hakam Global Coffee,University,CC_BAR_01,510000,Direct Raw Materials (Beans/Dairy/Syrup),COGS,Direct Materials,126.04,USD
ACD-102262,2025-03-25,2025-03,CC100 - Hakam Global Coffee,University,CC_BAR_01,520000,Direct Barista Labor & Payroll,COGS,Direct Labor,78.16,USD
ACD-102263,2025-03-25,2025-03,CC100 - Hakam Global Coffee,University,CC_BAR_01,530000,Packaging & Sustainable Cups,COGS,Packaging,25.61,USD
ACD-102264,2025-03-25,2025-03,CC100 - Hakam Global Coffee,University,CC_FAC_02,610000,Store Rent & Facility Lease,OPEX,Rent,58.03,USD
ACD-102265,2025-03-25,2025-03,CC100 - Hakam Global Coffee,University,CC_FAC_02,620000,Utilities (Power/Water/Gas),OPEX,Utilities,20.86,USD
ACD-102266,2025-03-25,2025-03,CC100 - Hakam Global Coffee,University,CC_MKT_03,640000,Digital Marketing & Channel Promo,OPEX,Marketing,15.53,USD
ACD-102267,2025-03-25,2025-03,CC100 - Hakam Global Coffee,University,CC_ADM_04,650000,Admin & IT Support Overhead,OPEX,Admin,17.25,USD
ACD-102268,2025-03-25,2025-03,CC100 - Hakam Global Coffee,University,CC_FAC_02,630000,Equipment Depreciation (Espresso/Grinders),Depreciation,Depreciation,22.42,USD
ACD-102269,2025-03-26,2025-03,CC100 - Hakam Global Coffee,Downtown,CC_BAR_01,410000,Gross Beverage & Food Revenue,Revenue,Revenue,951.96,USD
ACD-102270,2025-03-26,2025-03,CC100 - Hakam Global Coffee,Downtown,CC_BAR_01,510000,Direct Raw Materials (Beans/Dairy/Syrup),COGS,Direct Materials,214.61,USD
ACD-102271,2025-03-26,2025-03,CC100 - Hakam Global Coffee,Downtown,CC_BAR_01,520000,Direct Barista Labor & Payroll,COGS,Direct Labor,151.95,USD
ACD-102272,2025-03-26,2025-03,CC100 - Hakam Global Coffee,Downtown,CC_BAR_01,530000,Packaging & Sustainable Cups,COGS,Packaging,56.11,USD
ACD-102273,2025-03-26,2025-03,CC100 - Hakam Global Coffee,Downtown,CC_FAC_02,610000,Store Rent & Facility Lease,OPEX,Rent,66.17,USD
ACD-102274,2025-03-26,2025-03,CC100 - Hakam Global Coffee,Downtown,CC_FAC_02,620000,Utilities (Power/Water/Gas),OPEX,Utilities,29.39,USD
ACD-102275,2025-03-26,2025-03,CC100 - Hakam Global Coffee,Downtown,CC_MKT_03,640000,Digital Marketing & Channel Promo,OPEX,Marketing,33.13,USD
ACD-102276,2025-03-26,2025-03,CC100 - Hakam Global Coffee,Downtown,CC_ADM_04,650000,Admin & IT Support Overhead,OPEX,Admin,26.58,USD
ACD-102277,2025-03-26,2025-03,CC100 - Hakam Global Coffee,Downtown,CC_FAC_02,630000,Equipment Depreciation (Espresso/Grinders),Depreciation,Depreciation,24.18,USD
ACD-102278,2025-03-26,2025-03,CC100 - Hakam Global Coffee,Corporate Park,CC_BAR_01,410000,Gross Beverage & Food Revenue,Revenue,Revenue,719.4,USD
ACD-102279,2025-03-26,2025-03,CC100 - Hakam Global Coffee,Corporate Park,CC_BAR_01,510000,Direct Raw Materials (Beans/Dairy/Syrup),COGS,Direct Materials,172.4,USD
ACD-102280,2025-03-26,2025-03,CC100 - Hakam Global Coffee,Corporate Park,CC_BAR_01,520000,Direct Barista Labor & Payroll,COGS,Direct Labor,120.34,USD
ACD-102281,2025-03-26,2025-03,CC100 - Hakam Global Coffee,Corporate Park,CC_BAR_01,530000,Packaging & Sustainable Cups,COGS,Packaging,32.26,USD
ACD-102282,2025-03-26,2025-03,CC100 - Hakam Global Coffee,Corporate Park,CC_FAC_02,610000,Store Rent & Facility Lease,OPEX,Rent,60.4,USD
ACD-102283,2025-03-26,2025-03,CC100 - Hakam Global Coffee,Corporate Park,CC_FAC_02,620000,Utilities (Power/Water/Gas),OPEX,Utilities,31.97,USD
ACD-102284,2025-03-26,2025-03,CC100 - Hakam Global Coffee,Corporate Park,CC_MKT_03,640000,Digital Marketing & Channel Promo,OPEX,Marketing,19.67,USD
ACD-102285,2025-03-26,2025-03,CC100 - Hakam Global Coffee,Corporate Park,CC_ADM_04,650000,Admin & IT Support Overhead,OPEX,Admin,12.81,USD
ACD-102286,2025-03-26,2025-03,CC100 - Hakam Global Coffee,Corporate Park,CC_FAC_02,630000,Equipment Depreciation (Espresso/Grinders),Depreciation,Depreciation,23.73,USD
ACD-102287,2025-03-26,2025-03,CC100 - Hakam Global Coffee,University,CC_BAR_01,410000,Gross Beverage & Food Revenue,Revenue,Revenue,566.47,USD
ACD-102288,2025-03-26,2025-03,CC100 - Hakam Global Coffee,University,CC_BAR_01,510000,Direct Raw Materials (Beans/Dairy/Syrup),COGS,Direct Materials,136.99,USD
ACD-102289,2025-03-26,2025-03,CC100 - Hakam Global Coffee,University,CC_BAR_01,520000,Direct Barista Labor & Payroll,COGS,Direct Labor,96.56,USD
ACD-102290,2025-03-26,2025-03,CC100 - Hakam Global Coffee,University,CC_BAR_01,530000,Packaging & Sustainable Cups,COGS,Packaging,28.89,USD
ACD-102291,2025-03-26,2025-03,CC100 - Hakam Global Coffee,University,CC_FAC_02,610000,Store Rent & Facility Lease,OPEX,Rent,60.86,USD
ACD-102292,2025-03-26,2025-03,CC100 - Hakam Global Coffee,University,CC_FAC_02,620000,Utilities (Power/Water/Gas),OPEX,Utilities,22.36,USD
ACD-102293,2025-03-26,2025-03,CC100 - Hakam Global Coffee,University,CC_MKT_03,640000,Digital Marketing & Channel Promo,OPEX,Marketing,20.15,USD
ACD-102294,2025-03-26,2025-03,CC100 - Hakam Global Coffee,University,CC_ADM_04,650000,Admin & IT Support Overhead,OPEX,Admin,13.67,USD
ACD-102295,2025-03-26,2025-03,CC100 - Hakam Global Coffee,University,CC_FAC_02,630000,Equipment Depreciation (Espresso/Grinders),Depreciation,Depreciation,17.02,USD
ACD-102296,2025-03-27,2025-03,CC100 - Hakam Global Coffee,Downtown,CC_BAR_01,410000,Gross Beverage & Food Revenue,Revenue,Revenue,843.69,USD
ACD-102297,2025-03-27,2025-03,CC100 - Hakam Global Coffee,Downtown,CC_BAR_01,510000,Direct Raw Materials (Beans/Dairy/Syrup),COGS,Direct Materials,213.25,USD
ACD-102298,2025-03-27,2025-03,CC100 - Hakam Global Coffee,Downtown,CC_BAR_01,520000,Direct Barista Labor & Payroll,COGS,Direct Labor,146.69,USD
ACD-102299,2025-03-27,2025-03,CC100 - Hakam Global Coffee,Downtown,CC_BAR_01,530000,Packaging & Sustainable Cups,COGS,Packaging,40.65,USD
ACD-102300,2025-03-27,2025-03,CC100 - Hakam Global Coffee,Downtown,CC_FAC_02,610000,Store Rent & Facility Lease,OPEX,Rent,74.23,USD
ACD-102301,2025-03-27,2025-03,CC100 - Hakam Global Coffee,Downtown,CC_FAC_02,620000,Utilities (Power/Water/Gas),OPEX,Utilities,34.56,USD
ACD-102302,2025-03-27,2025-03,CC100 - Hakam Global Coffee,Downtown,CC_MKT_03,640000,Digital Marketing & Channel Promo,OPEX,Marketing,20.45,USD
ACD-102303,2025-03-27,2025-03,CC100 - Hakam Global Coffee,Downtown,CC_ADM_04,650000,Admin & IT Support Overhead,OPEX,Admin,22.39,USD
ACD-102304,2025-03-27,2025-03,CC100 - Hakam Global Coffee,Downtown,CC_FAC_02,630000,Equipment Depreciation (Espresso/Grinders),Depreciation,Depreciation,29.91,USD
ACD-102305,2025-03-27,2025-03,CC100 - Hakam Global Coffee,Corporate Park,CC_BAR_01,410000,Gross Beverage & Food Revenue,Revenue,Revenue,750.24,USD
ACD-102306,2025-03-27,2025-03,CC100 - Hakam Global Coffee,Corporate Park,CC_BAR_01,510000,Direct Raw Materials (Beans/Dairy/Syrup),COGS,Direct Materials,167.27,USD
ACD-102307,2025-03-27,2025-03,CC100 - Hakam Global Coffee,Corporate Park,CC_BAR_01,520000,Direct Barista Labor & Payroll,COGS,Direct Labor,134.83,USD
ACD-102308,2025-03-27,2025-03,CC100 - Hakam Global Coffee,Corporate Park,CC_BAR_01,530000,Packaging & Sustainable Cups,COGS,Packaging,37.2,USD
ACD-102309,2025-03-27,2025-03,CC100 - Hakam Global Coffee,Corporate Park,CC_FAC_02,610000,Store Rent & Facility Lease,OPEX,Rent,60.97,USD
ACD-102310,2025-03-27,2025-03,CC100 - Hakam Global Coffee,Corporate Park,CC_FAC_02,620000,Utilities (Power/Water/Gas),OPEX,Utilities,27.69,USD
ACD-102311,2025-03-27,2025-03,CC100 - Hakam Global Coffee,Corporate Park,CC_MKT_03,640000,Digital Marketing & Channel Promo,OPEX,Marketing,27.56,USD
ACD-102312,2025-03-27,2025-03,CC100 - Hakam Global Coffee,Corporate Park,CC_ADM_04,650000,Admin & IT Support Overhead,OPEX,Admin,19.45,USD
ACD-102313,2025-03-27,2025-03,CC100 - Hakam Global Coffee,Corporate Park,CC_FAC_02,630000,Equipment Depreciation (Espresso/Grinders),Depreciation,Depreciation,23.5,USD
ACD-102314,2025-03-27,2025-03,CC100 - Hakam Global Coffee,University,CC_BAR_01,410000,Gross Beverage & Food Revenue,Revenue,Revenue,620.21,USD
ACD-102315,2025-03-27,2025-03,CC100 - Hakam Global Coffee,University,CC_BAR_01,510000,Direct Raw Materials (Beans/Dairy/Syrup),COGS,Direct Materials,145.37,USD
ACD-102316,2025-03-27,2025-03,CC100 - Hakam Global Coffee,University,CC_BAR_01,520000,Direct Barista Labor & Payroll,COGS,Direct Labor,109.69,USD
ACD-102317,2025-03-27,2025-03,CC100 - Hakam Global Coffee,University,CC_BAR_01,530000,Packaging & Sustainable Cups,COGS,Packaging,31.47,USD
ACD-102318,2025-03-27,2025-03,CC100 - Hakam Global Coffee,University,CC_FAC_02,610000,Store Rent & Facility Lease,OPEX,Rent,54.88,USD
ACD-102319,2025-03-27,2025-03,CC100 - Hakam Global Coffee,University,CC_FAC_02,620000,Utilities (Power/Water/Gas),OPEX,Utilities,18.07,USD
ACD-102320,2025-03-27,2025-03,CC100 - Hakam Global Coffee,University,CC_MKT_03,640000,Digital Marketing & Channel Promo,OPEX,Marketing,20.9,USD
ACD-102321,2025-03-27,2025-03,CC100 - Hakam Global Coffee,University,CC_ADM_04,650000,Admin & IT Support Overhead,OPEX,Admin,15.75,USD
ACD-102322,2025-03-27,2025-03,CC100 - Hakam Global Coffee,University,CC_FAC_02,630000,Equipment Depreciation (Espresso/Grinders),Depreciation,Depreciation,17.62,USD
ACD-102323,2025-03-28,2025-03,CC100 - Hakam Global Coffee,Downtown,CC_BAR_01,410000,Gross Beverage & Food Revenue,Revenue,Revenue,1086.92,USD
ACD-102324,2025-03-28,2025-03,CC100 - Hakam Global Coffee,Downtown,CC_BAR_01,510000,Direct Raw Materials (Beans/Dairy/Syrup),COGS,Direct Materials,241.05,USD
ACD-102325,2025-03-28,2025-03,CC100 - Hakam Global Coffee,Downtown,CC_BAR_01,520000,Direct Barista Labor & Payroll,COGS,Direct Labor,195.11,USD
ACD-102326,2025-03-28,2025-03,CC100 - Hakam Global Coffee,Downtown,CC_BAR_01,530000,Packaging & Sustainable Cups,COGS,Packaging,58.2,USD
ACD-102327,2025-03-28,2025-03,CC100 - Hakam Global Coffee,Downtown,CC_FAC_02,610000,Store Rent & Facility Lease,OPEX,Rent,71.54,USD
ACD-102328,2025-03-28,2025-03,CC100 - Hakam Global Coffee,Downtown,CC_FAC_02,620000,Utilities (Power/Water/Gas),OPEX,Utilities,36.49,USD
ACD-102329,2025-03-28,2025-03,CC100 - Hakam Global Coffee,Downtown,CC_MKT_03,640000,Digital Marketing & Channel Promo,OPEX,Marketing,33.15,USD
ACD-102330,2025-03-28,2025-03,CC100 - Hakam Global Coffee,Downtown,CC_ADM_04,650000,Admin & IT Support Overhead,OPEX,Admin,19.31,USD
ACD-102331,2025-03-28,2025-03,CC100 - Hakam Global Coffee,Downtown,CC_FAC_02,630000,Equipment Depreciation (Espresso/Grinders),Depreciation,Depreciation,20.39,USD
ACD-102332,2025-03-28,2025-03,CC100 - Hakam Global Coffee,Corporate Park,CC_BAR_01,410000,Gross Beverage & Food Revenue,Revenue,Revenue,758.46,USD
ACD-102333,2025-03-28,2025-03,CC100 - Hakam Global Coffee,Corporate Park,CC_BAR_01,510000,Direct Raw Materials (Beans/Dairy/Syrup),COGS,Direct Materials,182.35,USD
ACD-102334,2025-03-28,2025-03,CC100 - Hakam Global Coffee,Corporate Park,CC_BAR_01,520000,Direct Barista Labor & Payroll,COGS,Direct Labor,125.57,USD
ACD-102335,2025-03-28,2025-03,CC100 - Hakam Global Coffee,Corporate Park,CC_BAR_01,530000,Packaging & Sustainable Cups,COGS,Packaging,39.14,USD
ACD-102336,2025-03-28,2025-03,CC100 - Hakam Global Coffee,Corporate Park,CC_FAC_02,610000,Store Rent & Facility Lease,OPEX,Rent,64.98,USD
ACD-102337,2025-03-28,2025-03,CC100 - Hakam Global Coffee,Corporate Park,CC_FAC_02,620000,Utilities (Power/Water/Gas),OPEX,Utilities,26.85,USD
ACD-102338,2025-03-28,2025-03,CC100 - Hakam Global Coffee,Corporate Park,CC_MKT_03,640000,Digital Marketing & Channel Promo,OPEX,Marketing,19.65,USD
ACD-102339,2025-03-28,2025-03,CC100 - Hakam Global Coffee,Corporate Park,CC_ADM_04,650000,Admin & IT Support Overhead,OPEX,Admin,20.38,USD
ACD-102340,2025-03-28,2025-03,CC100 - Hakam Global Coffee,Corporate Park,CC_FAC_02,630000,Equipment Depreciation (Espresso/Grinders),Depreciation,Depreciation,24.02,USD
ACD-102341,2025-03-28,2025-03,CC100 - Hakam Global Coffee,University,CC_BAR_01,410000,Gross Beverage & Food Revenue,Revenue,Revenue,712.67,USD
ACD-102342,2025-03-28,2025-03,CC100 - Hakam Global Coffee,University,CC_BAR_01,510000,Direct Raw Materials (Beans/Dairy/Syrup),COGS,Direct Materials,166.62,USD
ACD-102343,2025-03-28,2025-03,CC100 - Hakam Global Coffee,University,CC_BAR_01,520000,Direct Barista Labor & Payroll,COGS,Direct Labor,107.43,USD
ACD-102344,2025-03-28,2025-03,CC100 - Hakam Global Coffee,University,CC_BAR_01,530000,Packaging & Sustainable Cups,COGS,Packaging,30.0,USD
ACD-102345,2025-03-28,2025-03,CC100 - Hakam Global Coffee,University,CC_FAC_02,610000,Store Rent & Facility Lease,OPEX,Rent,50.65,USD
ACD-102346,2025-03-28,2025-03,CC100 - Hakam Global Coffee,University,CC_FAC_02,620000,Utilities (Power/Water/Gas),OPEX,Utilities,28.06,USD
ACD-102347,2025-03-28,2025-03,CC100 - Hakam Global Coffee,University,CC_MKT_03,640000,Digital Marketing & Channel Promo,OPEX,Marketing,12.83,USD
ACD-102348,2025-03-28,2025-03,CC100 - Hakam Global Coffee,University,CC_ADM_04,650000,Admin & IT Support Overhead,OPEX,Admin,18.44,USD
ACD-102349,2025-03-28,2025-03,CC100 - Hakam Global Coffee,University,CC_FAC_02,630000,Equipment Depreciation (Espresso/Grinders),Depreciation,Depreciation,15.6,USD
ACD-102350,2025-03-29,2025-03,CC100 - Hakam Global Coffee,Downtown,CC_BAR_01,410000,Gross Beverage & Food Revenue,Revenue,Revenue,917.27,USD
ACD-102351,2025-03-29,2025-03,CC100 - Hakam Global Coffee,Downtown,CC_BAR_01,510000,Direct Raw Materials (Beans/Dairy/Syrup),COGS,Direct Materials,218.51,USD
ACD-102352,2025-03-29,2025-03,CC100 - Hakam Global Coffee,Downtown,CC_BAR_01,520000,Direct Barista Labor & Payroll,COGS,Direct Labor,143.28,USD
ACD-102353,2025-03-29,2025-03,CC100 - Hakam Global Coffee,Downtown,CC_BAR_01,530000,Packaging & Sustainable Cups,COGS,Packaging,45.55,USD
ACD-102354,2025-03-29,2025-03,CC100 - Hakam Global Coffee,Downtown,CC_FAC_02,610000,Store Rent & Facility Lease,OPEX,Rent,73.61,USD
ACD-102355,2025-03-29,2025-03,CC100 - Hakam Global Coffee,Downtown,CC_FAC_02,620000,Utilities (Power/Water/Gas),OPEX,Utilities,31.4,USD
ACD-102356,2025-03-29,2025-03,CC100 - Hakam Global Coffee,Downtown,CC_MKT_03,640000,Digital Marketing & Channel Promo,OPEX,Marketing,28.43,USD
ACD-102357,2025-03-29,2025-03,CC100 - Hakam Global Coffee,Downtown,CC_ADM_04,650000,Admin & IT Support Overhead,OPEX,Admin,17.81,USD
ACD-102358,2025-03-29,2025-03,CC100 - Hakam Global Coffee,Downtown,CC_FAC_02,630000,Equipment Depreciation (Espresso/Grinders),Depreciation,Depreciation,24.3,USD
ACD-102359,2025-03-29,2025-03,CC100 - Hakam Global Coffee,Corporate Park,CC_BAR_01,410000,Gross Beverage & Food Revenue,Revenue,Revenue,996.27,USD
ACD-102360,2025-03-29,2025-03,CC100 - Hakam Global Coffee,Corporate Park,CC_BAR_01,510000,Direct Raw Materials (Beans/Dairy/Syrup),COGS,Direct Materials,223.77,USD
ACD-102361,2025-03-29,2025-03,CC100 - Hakam Global Coffee,Corporate Park,CC_BAR_01,520000,Direct Barista Labor & Payroll,COGS,Direct Labor,174.82,USD
ACD-102362,2025-03-29,2025-03,CC100 - Hakam Global Coffee,Corporate Park,CC_BAR_01,530000,Packaging & Sustainable Cups,COGS,Packaging,52.76,USD
ACD-102363,2025-03-29,2025-03,CC100 - Hakam Global Coffee,Corporate Park,CC_FAC_02,610000,Store Rent & Facility Lease,OPEX,Rent,67.32,USD
ACD-102364,2025-03-29,2025-03,CC100 - Hakam Global Coffee,Corporate Park,CC_FAC_02,620000,Utilities (Power/Water/Gas),OPEX,Utilities,22.97,USD
ACD-102365,2025-03-29,2025-03,CC100 - Hakam Global Coffee,Corporate Park,CC_MKT_03,640000,Digital Marketing & Channel Promo,OPEX,Marketing,28.51,USD
ACD-102366,2025-03-29,2025-03,CC100 - Hakam Global Coffee,Corporate Park,CC_ADM_04,650000,Admin & IT Support Overhead,OPEX,Admin,14.3,USD
ACD-102367,2025-03-29,2025-03,CC100 - Hakam Global Coffee,Corporate Park,CC_FAC_02,630000,Equipment Depreciation (Espresso/Grinders),Depreciation,Depreciation,19.26,USD
ACD-102368,2025-03-29,2025-03,CC100 - Hakam Global Coffee,University,CC_BAR_01,410000,Gross Beverage & Food Revenue,Revenue,Revenue,591.42,USD
ACD-102369,2025-03-29,2025-03,CC100 - Hakam Global Coffee,University,CC_BAR_01,510000,Direct Raw Materials (Beans/Dairy/Syrup),COGS,Direct Materials,143.36,USD
ACD-102370,2025-03-29,2025-03,CC100 - Hakam Global Coffee,University,CC_BAR_01,520000,Direct Barista Labor & Payroll,COGS,Direct Labor,105.72,USD
ACD-102371,2025-03-29,2025-03,CC100 - Hakam Global Coffee,University,CC_BAR_01,530000,Packaging & Sustainable Cups,COGS,Packaging,26.4,USD
ACD-102372,2025-03-29,2025-03,CC100 - Hakam Global Coffee,University,CC_FAC_02,610000,Store Rent & Facility Lease,OPEX,Rent,50.45,USD
ACD-102373,2025-03-29,2025-03,CC100 - Hakam Global Coffee,University,CC_FAC_02,620000,Utilities (Power/Water/Gas),OPEX,Utilities,19.2,USD
ACD-102374,2025-03-29,2025-03,CC100 - Hakam Global Coffee,University,CC_MKT_03,640000,Digital Marketing & Channel Promo,OPEX,Marketing,19.31,USD
ACD-102375,2025-03-29,2025-03,CC100 - Hakam Global Coffee,University,CC_ADM_04,650000,Admin & IT Support Overhead,OPEX,Admin,13.61,USD
ACD-102376,2025-03-29,2025-03,CC100 - Hakam Global Coffee,University,CC_FAC_02,630000,Equipment Depreciation (Espresso/Grinders),Depreciation,Depreciation,14.53,USD
ACD-102377,2025-03-30,2025-03,CC100 - Hakam Global Coffee,Downtown,CC_BAR_01,410000,Gross Beverage & Food Revenue,Revenue,Revenue,1070.27,USD
ACD-102378,2025-03-30,2025-03,CC100 - Hakam Global Coffee,Downtown,CC_BAR_01,510000,Direct Raw Materials (Beans/Dairy/Syrup),COGS,Direct Materials,243.91,USD
ACD-102379,2025-03-30,2025-03,CC100 - Hakam Global Coffee,Downtown,CC_BAR_01,520000,Direct Barista Labor & Payroll,COGS,Direct Labor,179.56,USD
ACD-102380,2025-03-30,2025-03,CC100 - Hakam Global Coffee,Downtown,CC_BAR_01,530000,Packaging & Sustainable Cups,COGS,Packaging,51.13,USD
ACD-102381,2025-03-30,2025-03,CC100 - Hakam Global Coffee,Downtown,CC_FAC_02,610000,Store Rent & Facility Lease,OPEX,Rent,79.78,USD
ACD-102382,2025-03-30,2025-03,CC100 - Hakam Global Coffee,Downtown,CC_FAC_02,620000,Utilities (Power/Water/Gas),OPEX,Utilities,27.63,USD
ACD-102383,2025-03-30,2025-03,CC100 - Hakam Global Coffee,Downtown,CC_MKT_03,640000,Digital Marketing & Channel Promo,OPEX,Marketing,29.4,USD
ACD-102384,2025-03-30,2025-03,CC100 - Hakam Global Coffee,Downtown,CC_ADM_04,650000,Admin & IT Support Overhead,OPEX,Admin,24.42,USD
ACD-102385,2025-03-30,2025-03,CC100 - Hakam Global Coffee,Downtown,CC_FAC_02,630000,Equipment Depreciation (Espresso/Grinders),Depreciation,Depreciation,21.09,USD
ACD-102386,2025-03-30,2025-03,CC100 - Hakam Global Coffee,Corporate Park,CC_BAR_01,410000,Gross Beverage & Food Revenue,Revenue,Revenue,690.76,USD
ACD-102387,2025-03-30,2025-03,CC100 - Hakam Global Coffee,Corporate Park,CC_BAR_01,510000,Direct Raw Materials (Beans/Dairy/Syrup),COGS,Direct Materials,176.06,USD
ACD-102388,2025-03-30,2025-03,CC100 - Hakam Global Coffee,Corporate Park,CC_BAR_01,520000,Direct Barista Labor & Payroll,COGS,Direct Labor,107.49,USD
ACD-102389,2025-03-30,2025-03,CC100 - Hakam Global Coffee,Corporate Park,CC_BAR_01,530000,Packaging & Sustainable Cups,COGS,Packaging,32.13,USD
ACD-102390,2025-03-30,2025-03,CC100 - Hakam Global Coffee,Corporate Park,CC_FAC_02,610000,Store Rent & Facility Lease,OPEX,Rent,62.27,USD
ACD-102391,2025-03-30,2025-03,CC100 - Hakam Global Coffee,Corporate Park,CC_FAC_02,620000,Utilities (Power/Water/Gas),OPEX,Utilities,24.32,USD
ACD-102392,2025-03-30,2025-03,CC100 - Hakam Global Coffee,Corporate Park,CC_MKT_03,640000,Digital Marketing & Channel Promo,OPEX,Marketing,26.7,USD
ACD-102393,2025-03-30,2025-03,CC100 - Hakam Global Coffee,Corporate Park,CC_ADM_04,650000,Admin & IT Support Overhead,OPEX,Admin,17.57,USD
ACD-102394,2025-03-30,2025-03,CC100 - Hakam Global Coffee,Corporate Park,CC_FAC_02,630000,Equipment Depreciation (Espresso/Grinders),Depreciation,Depreciation,24.6,USD
ACD-102395,2025-03-30,2025-03,CC100 - Hakam Global Coffee,University,CC_BAR_01,410000,Gross Beverage & Food Revenue,Revenue,Revenue,747.05,USD
ACD-102396,2025-03-30,2025-03,CC100 - Hakam Global Coffee,University,CC_BAR_01,510000,Direct Raw Materials (Beans/Dairy/Syrup),COGS,Direct Materials,182.62,USD
ACD-102397,2025-03-30,2025-03,CC100 - Hakam Global Coffee,University,CC_BAR_01,520000,Direct Barista Labor & Payroll,COGS,Direct Labor,125.21,USD
ACD-102398,2025-03-30,2025-03,CC100 - Hakam Global Coffee,University,CC_BAR_01,530000,Packaging & Sustainable Cups,COGS,Packaging,35.08,USD
ACD-102399,2025-03-30,2025-03,CC100 - Hakam Global Coffee,University,CC_FAC_02,610000,Store Rent & Facility Lease,OPEX,Rent,58.81,USD
ACD-102400,2025-03-30,2025-03,CC100 - Hakam Global Coffee,University,CC_FAC_02,620000,Utilities (Power/Water/Gas),OPEX,Utilities,24.14,USD
ACD-102401,2025-03-30,2025-03,CC100 - Hakam Global Coffee,University,CC_MKT_03,640000,Digital Marketing & Channel Promo,OPEX,Marketing,21.45,USD
ACD-102402,2025-03-30,2025-03,CC100 - Hakam Global Coffee,University,CC_ADM_04,650000,Admin & IT Support Overhead,OPEX,Admin,16.21,USD
ACD-102403,2025-03-30,2025-03,CC100 - Hakam Global Coffee,University,CC_FAC_02,630000,Equipment Depreciation (Espresso/Grinders),Depreciation,Depreciation,17.08,USD
ACD-102404,2025-03-31,2025-03,CC100 - Hakam Global Coffee,Downtown,CC_BAR_01,410000,Gross Beverage & Food Revenue,Revenue,Revenue,813.55,USD
ACD-102405,2025-03-31,2025-03,CC100 - Hakam Global Coffee,Downtown,CC_BAR_01,510000,Direct Raw Materials (Beans/Dairy/Syrup),COGS,Direct Materials,181.74,USD
ACD-102406,2025-03-31,2025-03,CC100 - Hakam Global Coffee,Downtown,CC_BAR_01,520000,Direct Barista Labor & Payroll,COGS,Direct Labor,125.3,USD
ACD-102407,2025-03-31,2025-03,CC100 - Hakam Global Coffee,Downtown,CC_BAR_01,530000,Packaging & Sustainable Cups,COGS,Packaging,34.46,USD
ACD-102408,2025-03-31,2025-03,CC100 - Hakam Global Coffee,Downtown,CC_FAC_02,610000,Store Rent & Facility Lease,OPEX,Rent,69.0,USD
ACD-102409,2025-03-31,2025-03,CC100 - Hakam Global Coffee,Downtown,CC_FAC_02,620000,Utilities (Power/Water/Gas),OPEX,Utilities,27.27,USD
ACD-102410,2025-03-31,2025-03,CC100 - Hakam Global Coffee,Downtown,CC_MKT_03,640000,Digital Marketing & Channel Promo,OPEX,Marketing,28.37,USD
ACD-102411,2025-03-31,2025-03,CC100 - Hakam Global Coffee,Downtown,CC_ADM_04,650000,Admin & IT Support Overhead,OPEX,Admin,20.4,USD
ACD-102412,2025-03-31,2025-03,CC100 - Hakam Global Coffee,Downtown,CC_FAC_02,630000,Equipment Depreciation (Espresso/Grinders),Depreciation,Depreciation,25.9,USD
ACD-102413,2025-03-31,2025-03,CC100 - Hakam Global Coffee,Corporate Park,CC_BAR_01,410000,Gross Beverage & Food Revenue,Revenue,Revenue,536.81,USD
ACD-102414,2025-03-31,2025-03,CC100 - Hakam Global Coffee,Corporate Park,CC_BAR_01,510000,Direct Raw Materials (Beans/Dairy/Syrup),COGS,Direct Materials,126.34,USD
ACD-102415,2025-03-31,2025-03,CC100 - Hakam Global Coffee,Corporate Park,CC_BAR_01,520000,Direct Barista Labor & Payroll,COGS,Direct Labor,83.51,USD
ACD-102416,2025-03-31,2025-03,CC100 - Hakam Global Coffee,Corporate Park,CC_BAR_01,530000,Packaging & Sustainable Cups,COGS,Packaging,28.3,USD
ACD-102417,2025-03-31,2025-03,CC100 - Hakam Global Coffee,Corporate Park,CC_FAC_02,610000,Store Rent & Facility Lease,OPEX,Rent,67.7,USD
ACD-102418,2025-03-31,2025-03,CC100 - Hakam Global Coffee,Corporate Park,CC_FAC_02,620000,Utilities (Power/Water/Gas),OPEX,Utilities,29.6,USD
ACD-102419,2025-03-31,2025-03,CC100 - Hakam Global Coffee,Corporate Park,CC_MKT_03,640000,Digital Marketing & Channel Promo,OPEX,Marketing,28.75,USD
ACD-102420,2025-03-31,2025-03,CC100 - Hakam Global Coffee,Corporate Park,CC_ADM_04,650000,Admin & IT Support Overhead,OPEX,Admin,17.88,USD
ACD-102421,2025-03-31,2025-03,CC100 - Hakam Global Coffee,Corporate Park,CC_FAC_02,630000,Equipment Depreciation (Espresso/Grinders),Depreciation,Depreciation,22.88,USD
ACD-102422,2025-03-31,2025-03,CC100 - Hakam Global Coffee,University,CC_BAR_01,410000,Gross Beverage & Food Revenue,Revenue,Revenue,444.11,USD
ACD-102423,2025-03-31,2025-03,CC100 - Hakam Global Coffee,University,CC_BAR_01,510000,Direct Raw Materials (Beans/Dairy/Syrup),COGS,Direct Materials,103.29,USD
ACD-102424,2025-03-31,2025-03,CC100 - Hakam Global Coffee,University,CC_BAR_01,520000,Direct Barista Labor & Payroll,COGS,Direct Labor,72.63,USD
ACD-102425,2025-03-31,2025-03,CC100 - Hakam Global Coffee,University,CC_BAR_01,530000,Packaging & Sustainable Cups,COGS,Packaging,18.24,USD
ACD-102426,2025-03-31,2025-03,CC100 - Hakam Global Coffee,University,CC_FAC_02,610000,Store Rent & Facility Lease,OPEX,Rent,49.57,USD
ACD-102427,2025-03-31,2025-03,CC100 - Hakam Global Coffee,University,CC_FAC_02,620000,Utilities (Power/Water/Gas),OPEX,Utilities,17.21,USD
ACD-102428,2025-03-31,2025-03,CC100 - Hakam Global Coffee,University,CC_MKT_03,640000,Digital Marketing & Channel Promo,OPEX,Marketing,13.09,USD
ACD-102429,2025-03-31,2025-03,CC100 - Hakam Global Coffee,University,CC_ADM_04,650000,Admin & IT Support Overhead,OPEX,Admin,17.24,USD
ACD-102430,2025-03-31,2025-03,CC100 - Hakam Global Coffee,University,CC_FAC_02,630000,Equipment Depreciation (Espresso/Grinders),Depreciation,Depreciation,23.41,USD
ACD-102431,2025-04-01,2025-04,CC100 - Hakam Global Coffee,Downtown,CC_BAR_01,410000,Gross Beverage & Food Revenue,Revenue,Revenue,771.59,USD
ACD-102432,2025-04-01,2025-04,CC100 - Hakam Global Coffee,Downtown,CC_BAR_01,510000,Direct Raw Materials (Beans/Dairy/Syrup),COGS,Direct Materials,185.03,USD
ACD-102433,2025-04-01,2025-04,CC100 - Hakam Global Coffee,Downtown,CC_BAR_01,520000,Direct Barista Labor & Payroll,COGS,Direct Labor,131.59,USD
ACD-102434,2025-04-01,2025-04,CC100 - Hakam Global Coffee,Downtown,CC_BAR_01,530000,Packaging & Sustainable Cups,COGS,Packaging,37.28,USD
ACD-102435,2025-04-01,2025-04,CC100 - Hakam Global Coffee,Downtown,CC_FAC_02,610000,Store Rent & Facility Lease,OPEX,Rent,83.43,USD
ACD-102436,2025-04-01,2025-04,CC100 - Hakam Global Coffee,Downtown,CC_FAC_02,620000,Utilities (Power/Water/Gas),OPEX,Utilities,32.22,USD
ACD-102437,2025-04-01,2025-04,CC100 - Hakam Global Coffee,Downtown,CC_MKT_03,640000,Digital Marketing & Channel Promo,OPEX,Marketing,17.65,USD
ACD-102438,2025-04-01,2025-04,CC100 - Hakam Global Coffee,Downtown,CC_ADM_04,650000,Admin & IT Support Overhead,OPEX,Admin,13.92,USD
ACD-102439,2025-04-01,2025-04,CC100 - Hakam Global Coffee,Downtown,CC_FAC_02,630000,Equipment Depreciation (Espresso/Grinders),Depreciation,Depreciation,30.52,USD
ACD-102440,2025-04-01,2025-04,CC100 - Hakam Global Coffee,Corporate Park,CC_BAR_01,410000,Gross Beverage & Food Revenue,Revenue,Revenue,587.36,USD
ACD-102441,2025-04-01,2025-04,CC100 - Hakam Global Coffee,Corporate Park,CC_BAR_01,510000,Direct Raw Materials (Beans/Dairy/Syrup),COGS,Direct Materials,135.68,USD
ACD-102442,2025-04-01,2025-04,CC100 - Hakam Global Coffee,Corporate Park,CC_BAR_01,520000,Direct Barista Labor & Payroll,COGS,Direct Labor,97.58,USD
ACD-102443,2025-04-01,2025-04,CC100 - Hakam Global Coffee,Corporate Park,CC_BAR_01,530000,Packaging & Sustainable Cups,COGS,Packaging,25.47,USD
ACD-102444,2025-04-01,2025-04,CC100 - Hakam Global Coffee,Corporate Park,CC_FAC_02,610000,Store Rent & Facility Lease,OPEX,Rent,62.27,USD
ACD-102445,2025-04-01,2025-04,CC100 - Hakam Global Coffee,Corporate Park,CC_FAC_02,620000,Utilities (Power/Water/Gas),OPEX,Utilities,30.95,USD
ACD-102446,2025-04-01,2025-04,CC100 - Hakam Global Coffee,Corporate Park,CC_MKT_03,640000,Digital Marketing & Channel Promo,OPEX,Marketing,25.25,USD
ACD-102447,2025-04-01,2025-04,CC100 - Hakam Global Coffee,Corporate Park,CC_ADM_04,650000,Admin & IT Support Overhead,OPEX,Admin,17.82,USD
ACD-102448,2025-04-01,2025-04,CC100 - Hakam Global Coffee,Corporate Park,CC_FAC_02,630000,Equipment Depreciation (Espresso/Grinders),Depreciation,Depreciation,18.55,USD
ACD-102449,2025-04-01,2025-04,CC100 - Hakam Global Coffee,University,CC_BAR_01,410000,Gross Beverage & Food Revenue,Revenue,Revenue,437.05,USD
ACD-102450,2025-04-01,2025-04,CC100 - Hakam Global Coffee,University,CC_BAR_01,510000,Direct Raw Materials (Beans/Dairy/Syrup),COGS,Direct Materials,109.7,USD
ACD-102451,2025-04-01,2025-04,CC100 - Hakam Global Coffee,University,CC_BAR_01,520000,Direct Barista Labor & Payroll,COGS,Direct Labor,76.35,USD
ACD-102452,2025-04-01,2025-04,CC100 - Hakam Global Coffee,University,CC_BAR_01,530000,Packaging & Sustainable Cups,COGS,Packaging,20.69,USD
ACD-102453,2025-04-01,2025-04,CC100 - Hakam Global Coffee,University,CC_FAC_02,610000,Store Rent & Facility Lease,OPEX,Rent,58.38,USD
ACD-102454,2025-04-01,2025-04,CC100 - Hakam Global Coffee,University,CC_FAC_02,620000,Utilities (Power/Water/Gas),OPEX,Utilities,17.57,USD
ACD-102455,2025-04-01,2025-04,CC100 - Hakam Global Coffee,University,CC_MKT_03,640000,Digital Marketing & Channel Promo,OPEX,Marketing,20.28,USD
ACD-102456,2025-04-01,2025-04,CC100 - Hakam Global Coffee,University,CC_ADM_04,650000,Admin & IT Support Overhead,OPEX,Admin,14.69,USD
ACD-102457,2025-04-01,2025-04,CC100 - Hakam Global Coffee,University,CC_FAC_02,630000,Equipment Depreciation (Espresso/Grinders),Depreciation,Depreciation,23.65,USD
ACD-102458,2025-04-02,2025-04,CC100 - Hakam Global Coffee,Downtown,CC_BAR_01,410000,Gross Beverage & Food Revenue,Revenue,Revenue,616.53,USD
ACD-102459,2025-04-02,2025-04,CC100 - Hakam Global Coffee,Downtown,CC_BAR_01,510000,Direct Raw Materials (Beans/Dairy/Syrup),COGS,Direct Materials,156.11,USD
ACD-102460,2025-04-02,2025-04,CC100 - Hakam Global Coffee,Downtown,CC_BAR_01,520000,Direct Barista Labor & Payroll,COGS,Direct Labor,106.38,USD
ACD-102461,2025-04-02,2025-04,CC100 - Hakam Global Coffee,Downtown,CC_BAR_01,530000,Packaging & Sustainable Cups,COGS,Packaging,28.33,USD
ACD-102462,2025-04-02,2025-04,CC100 - Hakam Global Coffee,Downtown,CC_FAC_02,610000,Store Rent & Facility Lease,OPEX,Rent,87.73,USD
ACD-102463,2025-04-02,2025-04,CC100 - Hakam Global Coffee,Downtown,CC_FAC_02,620000,Utilities (Power/Water/Gas),OPEX,Utilities,31.59,USD
ACD-102464,2025-04-02,2025-04,CC100 - Hakam Global Coffee,Downtown,CC_MKT_03,640000,Digital Marketing & Channel Promo,OPEX,Marketing,22.32,USD
ACD-102465,2025-04-02,2025-04,CC100 - Hakam Global Coffee,Downtown,CC_ADM_04,650000,Admin & IT Support Overhead,OPEX,Admin,24.53,USD
ACD-102466,2025-04-02,2025-04,CC100 - Hakam Global Coffee,Downtown,CC_FAC_02,630000,Equipment Depreciation (Espresso/Grinders),Depreciation,Depreciation,26.18,USD
ACD-102467,2025-04-02,2025-04,CC100 - Hakam Global Coffee,Corporate Park,CC_BAR_01,410000,Gross Beverage & Food Revenue,Revenue,Revenue,817.39,USD
ACD-102468,2025-04-02,2025-04,CC100 - Hakam Global Coffee,Corporate Park,CC_BAR_01,510000,Direct Raw Materials (Beans/Dairy/Syrup),COGS,Direct Materials,205.19,USD
ACD-102469,2025-04-02,2025-04,CC100 - Hakam Global Coffee,Corporate Park,CC_BAR_01,520000,Direct Barista Labor & Payroll,COGS,Direct Labor,128.42,USD
ACD-102470,2025-04-02,2025-04,CC100 - Hakam Global Coffee,Corporate Park,CC_BAR_01,530000,Packaging & Sustainable Cups,COGS,Packaging,45.95,USD
ACD-102471,2025-04-02,2025-04,CC100 - Hakam Global Coffee,Corporate Park,CC_FAC_02,610000,Store Rent & Facility Lease,OPEX,Rent,65.27,USD
ACD-102472,2025-04-02,2025-04,CC100 - Hakam Global Coffee,Corporate Park,CC_FAC_02,620000,Utilities (Power/Water/Gas),OPEX,Utilities,25.54,USD
ACD-102473,2025-04-02,2025-04,CC100 - Hakam Global Coffee,Corporate Park,CC_MKT_03,640000,Digital Marketing & Channel Promo,OPEX,Marketing,24.43,USD
ACD-102474,2025-04-02,2025-04,CC100 - Hakam Global Coffee,Corporate Park,CC_ADM_04,650000,Admin & IT Support Overhead,OPEX,Admin,18.78,USD
ACD-102475,2025-04-02,2025-04,CC100 - Hakam Global Coffee,Corporate Park,CC_FAC_02,630000,Equipment Depreciation (Espresso/Grinders),Depreciation,Depreciation,19.16,USD
ACD-102476,2025-04-02,2025-04,CC100 - Hakam Global Coffee,University,CC_BAR_01,410000,Gross Beverage & Food Revenue,Revenue,Revenue,443.82,USD
ACD-102477,2025-04-02,2025-04,CC100 - Hakam Global Coffee,University,CC_BAR_01,510000,Direct Raw Materials (Beans/Dairy/Syrup),COGS,Direct Materials,101.31,USD
ACD-102478,2025-04-02,2025-04,CC100 - Hakam Global Coffee,University,CC_BAR_01,520000,Direct Barista Labor & Payroll,COGS,Direct Labor,69.33,USD
ACD-102479,2025-04-02,2025-04,CC100 - Hakam Global Coffee,University,CC_BAR_01,530000,Packaging & Sustainable Cups,COGS,Packaging,18.28,USD
ACD-102480,2025-04-02,2025-04,CC100 - Hakam Global Coffee,University,CC_FAC_02,610000,Store Rent & Facility Lease,OPEX,Rent,49.42,USD
ACD-102481,2025-04-02,2025-04,CC100 - Hakam Global Coffee,University,CC_FAC_02,620000,Utilities (Power/Water/Gas),OPEX,Utilities,20.3,USD
ACD-102482,2025-04-02,2025-04,CC100 - Hakam Global Coffee,University,CC_MKT_03,640000,Digital Marketing & Channel Promo,OPEX,Marketing,18.05,USD
ACD-102483,2025-04-02,2025-04,CC100 - Hakam Global Coffee,University,CC_ADM_04,650000,Admin & IT Support Overhead,OPEX,Admin,12.57,USD
ACD-102484,2025-04-02,2025-04,CC100 - Hakam Global Coffee,University,CC_FAC_02,630000,Equipment Depreciation (Espresso/Grinders),Depreciation,Depreciation,20.94,USD
ACD-102485,2025-04-03,2025-04,CC100 - Hakam Global Coffee,Downtown,CC_BAR_01,410000,Gross Beverage & Food Revenue,Revenue,Revenue,688.45,USD
ACD-102486,2025-04-03,2025-04,CC100 - Hakam Global Coffee,Downtown,CC_BAR_01,510000,Direct Raw Materials (Beans/Dairy/Syrup),COGS,Direct Materials,158.82,USD
ACD-102487,2025-04-03,2025-04,CC100 - Hakam Global Coffee,Downtown,CC_BAR_01,520000,Direct Barista Labor & Payroll,COGS,Direct Labor,120.99,USD
ACD-102488,2025-04-03,2025-04,CC100 - Hakam Global Coffee,Downtown,CC_BAR_01,530000,Packaging & Sustainable Cups,COGS,Packaging,41.11,USD
ACD-102489,2025-04-03,2025-04,CC100 - Hakam Global Coffee,Downtown,CC_FAC_02,610000,Store Rent & Facility Lease,OPEX,Rent,79.09,USD
ACD-102490,2025-04-03,2025-04,CC100 - Hakam Global Coffee,Downtown,CC_FAC_02,620000,Utilities (Power/Water/Gas),OPEX,Utilities,25.84,USD
ACD-102491,2025-04-03,2025-04,CC100 - Hakam Global Coffee,Downtown,CC_MKT_03,640000,Digital Marketing & Channel Promo,OPEX,Marketing,33.1,USD
ACD-102492,2025-04-03,2025-04,CC100 - Hakam Global Coffee,Downtown,CC_ADM_04,650000,Admin & IT Support Overhead,OPEX,Admin,24.11,USD
ACD-102493,2025-04-03,2025-04,CC100 - Hakam Global Coffee,Downtown,CC_FAC_02,630000,Equipment Depreciation (Espresso/Grinders),Depreciation,Depreciation,32.65,USD
ACD-102494,2025-04-03,2025-04,CC100 - Hakam Global Coffee,Corporate Park,CC_BAR_01,410000,Gross Beverage & Food Revenue,Revenue,Revenue,816.91,USD
ACD-102495,2025-04-03,2025-04,CC100 - Hakam Global Coffee,Corporate Park,CC_BAR_01,510000,Direct Raw Materials (Beans/Dairy/Syrup),COGS,Direct Materials,208.05,USD
ACD-102496,2025-04-03,2025-04,CC100 - Hakam Global Coffee,Corporate Park,CC_BAR_01,520000,Direct Barista Labor & Payroll,COGS,Direct Labor,125.65,USD
ACD-102497,2025-04-03,2025-04,CC100 - Hakam Global Coffee,Corporate Park,CC_BAR_01,530000,Packaging & Sustainable Cups,COGS,Packaging,46.83,USD
ACD-102498,2025-04-03,2025-04,CC100 - Hakam Global Coffee,Corporate Park,CC_FAC_02,610000,Store Rent & Facility Lease,OPEX,Rent,57.49,USD
ACD-102499,2025-04-03,2025-04,CC100 - Hakam Global Coffee,Corporate Park,CC_FAC_02,620000,Utilities (Power/Water/Gas),OPEX,Utilities,30.52,USD
ACD-102500,2025-04-03,2025-04,CC100 - Hakam Global Coffee,Corporate Park,CC_MKT_03,640000,Digital Marketing & Channel Promo,OPEX,Marketing,26.19,USD
ACD-102501,2025-04-03,2025-04,CC100 - Hakam Global Coffee,Corporate Park,CC_ADM_04,650000,Admin & IT Support Overhead,OPEX,Admin,20.26,USD
ACD-102502,2025-04-03,2025-04,CC100 - Hakam Global Coffee,Corporate Park,CC_FAC_02,630000,Equipment Depreciation (Espresso/Grinders),Depreciation,Depreciation,25.03,USD
ACD-102503,2025-04-03,2025-04,CC100 - Hakam Global Coffee,University,CC_BAR_01,410000,Gross Beverage & Food Revenue,Revenue,Revenue,538.65,USD
ACD-102504,2025-04-03,2025-04,CC100 - Hakam Global Coffee,University,CC_BAR_01,510000,Direct Raw Materials (Beans/Dairy/Syrup),COGS,Direct Materials,130.94,USD
ACD-102505,2025-04-03,2025-04,CC100 - Hakam Global Coffee,University,CC_BAR_01,520000,Direct Barista Labor & Payroll,COGS,Direct Labor,85.14,USD
ACD-102506,2025-04-03,2025-04,CC100 - Hakam Global Coffee,University,CC_BAR_01,530000,Packaging & Sustainable Cups,COGS,Packaging,26.01,USD
ACD-102507,2025-04-03,2025-04,CC100 - Hakam Global Coffee,University,CC_FAC_02,610000,Store Rent & Facility Lease,OPEX,Rent,51.34,USD
ACD-102508,2025-04-03,2025-04,CC100 - Hakam Global Coffee,University,CC_FAC_02,620000,Utilities (Power/Water/Gas),OPEX,Utilities,24.32,USD
ACD-102509,2025-04-03,2025-04,CC100 - Hakam Global Coffee,University,CC_MKT_03,640000,Digital Marketing & Channel Promo,OPEX,Marketing,22.27,USD
ACD-102510,2025-04-03,2025-04,CC100 - Hakam Global Coffee,University,CC_ADM_04,650000,Admin & IT Support Overhead,OPEX,Admin,10.38,USD
ACD-102511,2025-04-03,2025-04,CC100 - Hakam Global Coffee,University,CC_FAC_02,630000,Equipment Depreciation (Espresso/Grinders),Depreciation,Depreciation,19.15,USD
ACD-102512,2025-04-04,2025-04,CC100 - Hakam Global Coffee,Downtown,CC_BAR_01,410000,Gross Beverage & Food Revenue,Revenue,Revenue,900.23,USD
ACD-102513,2025-04-04,2025-04,CC100 - Hakam Global Coffee,Downtown,CC_BAR_01,510000,Direct Raw Materials (Beans/Dairy/Syrup),COGS,Direct Materials,231.77,USD
ACD-102514,2025-04-04,2025-04,CC100 - Hakam Global Coffee,Downtown,CC_BAR_01,520000,Direct Barista Labor & Payroll,COGS,Direct Labor,145.0,USD
ACD-102515,2025-04-04,2025-04,CC100 - Hakam Global Coffee,Downtown,CC_BAR_01,530000,Packaging & Sustainable Cups,COGS,Packaging,53.12,USD
ACD-102516,2025-04-04,2025-04,CC100 - Hakam Global Coffee,Downtown,CC_FAC_02,610000,Store Rent & Facility Lease,OPEX,Rent,69.59,USD
ACD-102517,2025-04-04,2025-04,CC100 - Hakam Global Coffee,Downtown,CC_FAC_02,620000,Utilities (Power/Water/Gas),OPEX,Utilities,24.34,USD
ACD-102518,2025-04-04,2025-04,CC100 - Hakam Global Coffee,Downtown,CC_MKT_03,640000,Digital Marketing & Channel Promo,OPEX,Marketing,29.79,USD
ACD-102519,2025-04-04,2025-04,CC100 - Hakam Global Coffee,Downtown,CC_ADM_04,650000,Admin & IT Support Overhead,OPEX,Admin,23.39,USD
ACD-102520,2025-04-04,2025-04,CC100 - Hakam Global Coffee,Downtown,CC_FAC_02,630000,Equipment Depreciation (Espresso/Grinders),Depreciation,Depreciation,30.12,USD
ACD-102521,2025-04-04,2025-04,CC100 - Hakam Global Coffee,Corporate Park,CC_BAR_01,410000,Gross Beverage & Food Revenue,Revenue,Revenue,844.58,USD
ACD-102522,2025-04-04,2025-04,CC100 - Hakam Global Coffee,Corporate Park,CC_BAR_01,510000,Direct Raw Materials (Beans/Dairy/Syrup),COGS,Direct Materials,208.24,USD
ACD-102523,2025-04-04,2025-04,CC100 - Hakam Global Coffee,Corporate Park,CC_BAR_01,520000,Direct Barista Labor & Payroll,COGS,Direct Labor,135.76,USD
ACD-102524,2025-04-04,2025-04,CC100 - Hakam Global Coffee,Corporate Park,CC_BAR_01,530000,Packaging & Sustainable Cups,COGS,Packaging,34.85,USD
ACD-102525,2025-04-04,2025-04,CC100 - Hakam Global Coffee,Corporate Park,CC_FAC_02,610000,Store Rent & Facility Lease,OPEX,Rent,64.04,USD
ACD-102526,2025-04-04,2025-04,CC100 - Hakam Global Coffee,Corporate Park,CC_FAC_02,620000,Utilities (Power/Water/Gas),OPEX,Utilities,23.71,USD
ACD-102527,2025-04-04,2025-04,CC100 - Hakam Global Coffee,Corporate Park,CC_MKT_03,640000,Digital Marketing & Channel Promo,OPEX,Marketing,20.22,USD
ACD-102528,2025-04-04,2025-04,CC100 - Hakam Global Coffee,Corporate Park,CC_ADM_04,650000,Admin & IT Support Overhead,OPEX,Admin,13.94,USD
ACD-102529,2025-04-04,2025-04,CC100 - Hakam Global Coffee,Corporate Park,CC_FAC_02,630000,Equipment Depreciation (Espresso/Grinders),Depreciation,Depreciation,20.34,USD
ACD-102530,2025-04-04,2025-04,CC100 - Hakam Global Coffee,University,CC_BAR_01,410000,Gross Beverage & Food Revenue,Revenue,Revenue,829.47,USD
ACD-102531,2025-04-04,2025-04,CC100 - Hakam Global Coffee,University,CC_BAR_01,510000,Direct Raw Materials (Beans/Dairy/Syrup),COGS,Direct Materials,193.69,USD
ACD-102532,2025-04-04,2025-04,CC100 - Hakam Global Coffee,University,CC_BAR_01,520000,Direct Barista Labor & Payroll,COGS,Direct Labor,138.8,USD
ACD-102533,2025-04-04,2025-04,CC100 - Hakam Global Coffee,University,CC_BAR_01,530000,Packaging & Sustainable Cups,COGS,Packaging,42.57,USD
ACD-102534,2025-04-04,2025-04,CC100 - Hakam Global Coffee,University,CC_FAC_02,610000,Store Rent & Facility Lease,OPEX,Rent,51.97,USD
ACD-102535,2025-04-04,2025-04,CC100 - Hakam Global Coffee,University,CC_FAC_02,620000,Utilities (Power/Water/Gas),OPEX,Utilities,21.02,USD
ACD-102536,2025-04-04,2025-04,CC100 - Hakam Global Coffee,University,CC_MKT_03,640000,Digital Marketing & Channel Promo,OPEX,Marketing,19.83,USD
ACD-102537,2025-04-04,2025-04,CC100 - Hakam Global Coffee,University,CC_ADM_04,650000,Admin & IT Support Overhead,OPEX,Admin,9.96,USD
ACD-102538,2025-04-04,2025-04,CC100 - Hakam Global Coffee,University,CC_FAC_02,630000,Equipment Depreciation (Espresso/Grinders),Depreciation,Depreciation,15.2,USD
ACD-102539,2025-04-05,2025-04,CC100 - Hakam Global Coffee,Downtown,CC_BAR_01,410000,Gross Beverage & Food Revenue,Revenue,Revenue,1156.22,USD
ACD-102540,2025-04-05,2025-04,CC100 - Hakam Global Coffee,Downtown,CC_BAR_01,510000,Direct Raw Materials (Beans/Dairy/Syrup),COGS,Direct Materials,275.62,USD
ACD-102541,2025-04-05,2025-04,CC100 - Hakam Global Coffee,Downtown,CC_BAR_01,520000,Direct Barista Labor & Payroll,COGS,Direct Labor,177.74,USD
ACD-102542,2025-04-05,2025-04,CC100 - Hakam Global Coffee,Downtown,CC_BAR_01,530000,Packaging & Sustainable Cups,COGS,Packaging,66.08,USD
ACD-102543,2025-04-05,2025-04,CC100 - Hakam Global Coffee,Downtown,CC_FAC_02,610000,Store Rent & Facility Lease,OPEX,Rent,72.66,USD
ACD-102544,2025-04-05,2025-04,CC100 - Hakam Global Coffee,Downtown,CC_FAC_02,620000,Utilities (Power/Water/Gas),OPEX,Utilities,24.31,USD
ACD-102545,2025-04-05,2025-04,CC100 - Hakam Global Coffee,Downtown,CC_MKT_03,640000,Digital Marketing & Channel Promo,OPEX,Marketing,33.01,USD
ACD-102546,2025-04-05,2025-04,CC100 - Hakam Global Coffee,Downtown,CC_ADM_04,650000,Admin & IT Support Overhead,OPEX,Admin,16.23,USD
ACD-102547,2025-04-05,2025-04,CC100 - Hakam Global Coffee,Downtown,CC_FAC_02,630000,Equipment Depreciation (Espresso/Grinders),Depreciation,Depreciation,29.55,USD
ACD-102548,2025-04-05,2025-04,CC100 - Hakam Global Coffee,Corporate Park,CC_BAR_01,410000,Gross Beverage & Food Revenue,Revenue,Revenue,703.76,USD
ACD-102549,2025-04-05,2025-04,CC100 - Hakam Global Coffee,Corporate Park,CC_BAR_01,510000,Direct Raw Materials (Beans/Dairy/Syrup),COGS,Direct Materials,173.12,USD
ACD-102550,2025-04-05,2025-04,CC100 - Hakam Global Coffee,Corporate Park,CC_BAR_01,520000,Direct Barista Labor & Payroll,COGS,Direct Labor,108.92,USD
ACD-102551,2025-04-05,2025-04,CC100 - Hakam Global Coffee,Corporate Park,CC_BAR_01,530000,Packaging & Sustainable Cups,COGS,Packaging,41.28,USD
ACD-102552,2025-04-05,2025-04,CC100 - Hakam Global Coffee,Corporate Park,CC_FAC_02,610000,Store Rent & Facility Lease,OPEX,Rent,58.05,USD
ACD-102553,2025-04-05,2025-04,CC100 - Hakam Global Coffee,Corporate Park,CC_FAC_02,620000,Utilities (Power/Water/Gas),OPEX,Utilities,29.73,USD
ACD-102554,2025-04-05,2025-04,CC100 - Hakam Global Coffee,Corporate Park,CC_MKT_03,640000,Digital Marketing & Channel Promo,OPEX,Marketing,17.54,USD
ACD-102555,2025-04-05,2025-04,CC100 - Hakam Global Coffee,Corporate Park,CC_ADM_04,650000,Admin & IT Support Overhead,OPEX,Admin,15.78,USD
ACD-102556,2025-04-05,2025-04,CC100 - Hakam Global Coffee,Corporate Park,CC_FAC_02,630000,Equipment Depreciation (Espresso/Grinders),Depreciation,Depreciation,27.64,USD
ACD-102557,2025-04-05,2025-04,CC100 - Hakam Global Coffee,University,CC_BAR_01,410000,Gross Beverage & Food Revenue,Revenue,Revenue,593.34,USD
ACD-102558,2025-04-05,2025-04,CC100 - Hakam Global Coffee,University,CC_BAR_01,510000,Direct Raw Materials (Beans/Dairy/Syrup),COGS,Direct Materials,139.94,USD
ACD-102559,2025-04-05,2025-04,CC100 - Hakam Global Coffee,University,CC_BAR_01,520000,Direct Barista Labor & Payroll,COGS,Direct Labor,94.44,USD
ACD-102560,2025-04-05,2025-04,CC100 - Hakam Global Coffee,University,CC_BAR_01,530000,Packaging & Sustainable Cups,COGS,Packaging,32.03,USD
ACD-102561,2025-04-05,2025-04,CC100 - Hakam Global Coffee,University,CC_FAC_02,610000,Store Rent & Facility Lease,OPEX,Rent,47.2,USD
ACD-102562,2025-04-05,2025-04,CC100 - Hakam Global Coffee,University,CC_FAC_02,620000,Utilities (Power/Water/Gas),OPEX,Utilities,24.57,USD
ACD-102563,2025-04-05,2025-04,CC100 - Hakam Global Coffee,University,CC_MKT_03,640000,Digital Marketing & Channel Promo,OPEX,Marketing,20.09,USD
ACD-102564,2025-04-05,2025-04,CC100 - Hakam Global Coffee,University,CC_ADM_04,650000,Admin & IT Support Overhead,OPEX,Admin,9.51,USD
ACD-102565,2025-04-05,2025-04,CC100 - Hakam Global Coffee,University,CC_FAC_02,630000,Equipment Depreciation (Espresso/Grinders),Depreciation,Depreciation,18.78,USD
ACD-102566,2025-04-06,2025-04,CC100 - Hakam Global Coffee,Downtown,CC_BAR_01,410000,Gross Beverage & Food Revenue,Revenue,Revenue,826.55,USD
ACD-102567,2025-04-06,2025-04,CC100 - Hakam Global Coffee,Downtown,CC_BAR_01,510000,Direct Raw Materials (Beans/Dairy/Syrup),COGS,Direct Materials,189.32,USD
ACD-102568,2025-04-06,2025-04,CC100 - Hakam Global Coffee,Downtown,CC_BAR_01,520000,Direct Barista Labor & Payroll,COGS,Direct Labor,140.84,USD
ACD-102569,2025-04-06,2025-04,CC100 - Hakam Global Coffee,Downtown,CC_BAR_01,530000,Packaging & Sustainable Cups,COGS,Packaging,33.22,USD
ACD-102570,2025-04-06,2025-04,CC100 - Hakam Global Coffee,Downtown,CC_FAC_02,610000,Store Rent & Facility Lease,OPEX,Rent,79.53,USD
ACD-102571,2025-04-06,2025-04,CC100 - Hakam Global Coffee,Downtown,CC_FAC_02,620000,Utilities (Power/Water/Gas),OPEX,Utilities,37.54,USD
ACD-102572,2025-04-06,2025-04,CC100 - Hakam Global Coffee,Downtown,CC_MKT_03,640000,Digital Marketing & Channel Promo,OPEX,Marketing,33.54,USD
ACD-102573,2025-04-06,2025-04,CC100 - Hakam Global Coffee,Downtown,CC_ADM_04,650000,Admin & IT Support Overhead,OPEX,Admin,19.2,USD
ACD-102574,2025-04-06,2025-04,CC100 - Hakam Global Coffee,Downtown,CC_FAC_02,630000,Equipment Depreciation (Espresso/Grinders),Depreciation,Depreciation,22.03,USD
ACD-102575,2025-04-06,2025-04,CC100 - Hakam Global Coffee,Corporate Park,CC_BAR_01,410000,Gross Beverage & Food Revenue,Revenue,Revenue,677.42,USD
ACD-102576,2025-04-06,2025-04,CC100 - Hakam Global Coffee,Corporate Park,CC_BAR_01,510000,Direct Raw Materials (Beans/Dairy/Syrup),COGS,Direct Materials,159.41,USD
ACD-102577,2025-04-06,2025-04,CC100 - Hakam Global Coffee,Corporate Park,CC_BAR_01,520000,Direct Barista Labor & Payroll,COGS,Direct Labor,116.46,USD
ACD-102578,2025-04-06,2025-04,CC100 - Hakam Global Coffee,Corporate Park,CC_BAR_01,530000,Packaging & Sustainable Cups,COGS,Packaging,28.48,USD
ACD-102579,2025-04-06,2025-04,CC100 - Hakam Global Coffee,Corporate Park,CC_FAC_02,610000,Store Rent & Facility Lease,OPEX,Rent,58.96,USD
ACD-102580,2025-04-06,2025-04,CC100 - Hakam Global Coffee,Corporate Park,CC_FAC_02,620000,Utilities (Power/Water/Gas),OPEX,Utilities,32.86,USD
ACD-102581,2025-04-06,2025-04,CC100 - Hakam Global Coffee,Corporate Park,CC_MKT_03,640000,Digital Marketing & Channel Promo,OPEX,Marketing,15.85,USD
ACD-102582,2025-04-06,2025-04,CC100 - Hakam Global Coffee,Corporate Park,CC_ADM_04,650000,Admin & IT Support Overhead,OPEX,Admin,20.39,USD
ACD-102583,2025-04-06,2025-04,CC100 - Hakam Global Coffee,Corporate Park,CC_FAC_02,630000,Equipment Depreciation (Espresso/Grinders),Depreciation,Depreciation,25.91,USD
ACD-102584,2025-04-06,2025-04,CC100 - Hakam Global Coffee,University,CC_BAR_01,410000,Gross Beverage & Food Revenue,Revenue,Revenue,581.81,USD
ACD-102585,2025-04-06,2025-04,CC100 - Hakam Global Coffee,University,CC_BAR_01,510000,Direct Raw Materials (Beans/Dairy/Syrup),COGS,Direct Materials,151.11,USD
ACD-102586,2025-04-06,2025-04,CC100 - Hakam Global Coffee,University,CC_BAR_01,520000,Direct Barista Labor & Payroll,COGS,Direct Labor,89.76,USD
ACD-102587,2025-04-06,2025-04,CC100 - Hakam Global Coffee,University,CC_BAR_01,530000,Packaging & Sustainable Cups,COGS,Packaging,29.45,USD
ACD-102588,2025-04-06,2025-04,CC100 - Hakam Global Coffee,University,CC_FAC_02,610000,Store Rent & Facility Lease,OPEX,Rent,42.91,USD
ACD-102589,2025-04-06,2025-04,CC100 - Hakam Global Coffee,University,CC_FAC_02,620000,Utilities (Power/Water/Gas),OPEX,Utilities,24.51,USD
ACD-102590,2025-04-06,2025-04,CC100 - Hakam Global Coffee,University,CC_MKT_03,640000,Digital Marketing & Channel Promo,OPEX,Marketing,16.84,USD
ACD-102591,2025-04-06,2025-04,CC100 - Hakam Global Coffee,University,CC_ADM_04,650000,Admin & IT Support Overhead,OPEX,Admin,16.36,USD
ACD-102592,2025-04-06,2025-04,CC100 - Hakam Global Coffee,University,CC_FAC_02,630000,Equipment Depreciation (Espresso/Grinders),Depreciation,Depreciation,20.22,USD
ACD-102593,2025-04-07,2025-04,CC100 - Hakam Global Coffee,Downtown,CC_BAR_01,410000,Gross Beverage & Food Revenue,Revenue,Revenue,635.37,USD
ACD-102594,2025-04-07,2025-04,CC100 - Hakam Global Coffee,Downtown,CC_BAR_01,510000,Direct Raw Materials (Beans/Dairy/Syrup),COGS,Direct Materials,150.24,USD
ACD-102595,2025-04-07,2025-04,CC100 - Hakam Global Coffee,Downtown,CC_BAR_01,520000,Direct Barista Labor & Payroll,COGS,Direct Labor,108.39,USD
ACD-102596,2025-04-07,2025-04,CC100 - Hakam Global Coffee,Downtown,CC_BAR_01,530000,Packaging & Sustainable Cups,COGS,Packaging,36.34,USD
ACD-102597,2025-04-07,2025-04,CC100 - Hakam Global Coffee,Downtown,CC_FAC_02,610000,Store Rent & Facility Lease,OPEX,Rent,63.09,USD
ACD-102598,2025-04-07,2025-04,CC100 - Hakam Global Coffee,Downtown,CC_FAC_02,620000,Utilities (Power/Water/Gas),OPEX,Utilities,25.93,USD
ACD-102599,2025-04-07,2025-04,CC100 - Hakam Global Coffee,Downtown,CC_MKT_03,640000,Digital Marketing & Channel Promo,OPEX,Marketing,29.41,USD
ACD-102600,2025-04-07,2025-04,CC100 - Hakam Global Coffee,Downtown,CC_ADM_04,650000,Admin & IT Support Overhead,OPEX,Admin,21.46,USD
ACD-102601,2025-04-07,2025-04,CC100 - Hakam Global Coffee,Downtown,CC_FAC_02,630000,Equipment Depreciation (Espresso/Grinders),Depreciation,Depreciation,25.43,USD
ACD-102602,2025-04-07,2025-04,CC100 - Hakam Global Coffee,Corporate Park,CC_BAR_01,410000,Gross Beverage & Food Revenue,Revenue,Revenue,807.33,USD
ACD-102603,2025-04-07,2025-04,CC100 - Hakam Global Coffee,Corporate Park,CC_BAR_01,510000,Direct Raw Materials (Beans/Dairy/Syrup),COGS,Direct Materials,187.77,USD
ACD-102604,2025-04-07,2025-04,CC100 - Hakam Global Coffee,Corporate Park,CC_BAR_01,520000,Direct Barista Labor & Payroll,COGS,Direct Labor,124.49,USD
ACD-102605,2025-04-07,2025-04,CC100 - Hakam Global Coffee,Corporate Park,CC_BAR_01,530000,Packaging & Sustainable Cups,COGS,Packaging,36.77,USD
ACD-102606,2025-04-07,2025-04,CC100 - Hakam Global Coffee,Corporate Park,CC_FAC_02,610000,Store Rent & Facility Lease,OPEX,Rent,53.69,USD
ACD-102607,2025-04-07,2025-04,CC100 - Hakam Global Coffee,Corporate Park,CC_FAC_02,620000,Utilities (Power/Water/Gas),OPEX,Utilities,28.34,USD
ACD-102608,2025-04-07,2025-04,CC100 - Hakam Global Coffee,Corporate Park,CC_MKT_03,640000,Digital Marketing & Channel Promo,OPEX,Marketing,22.77,USD
ACD-102609,2025-04-07,2025-04,CC100 - Hakam Global Coffee,Corporate Park,CC_ADM_04,650000,Admin & IT Support Overhead,OPEX,Admin,18.49,USD
ACD-102610,2025-04-07,2025-04,CC100 - Hakam Global Coffee,Corporate Park,CC_FAC_02,630000,Equipment Depreciation (Espresso/Grinders),Depreciation,Depreciation,26.21,USD
ACD-102611,2025-04-07,2025-04,CC100 - Hakam Global Coffee,University,CC_BAR_01,410000,Gross Beverage & Food Revenue,Revenue,Revenue,593.07,USD
ACD-102612,2025-04-07,2025-04,CC100 - Hakam Global Coffee,University,CC_BAR_01,510000,Direct Raw Materials (Beans/Dairy/Syrup),COGS,Direct Materials,150.59,USD
ACD-102613,2025-04-07,2025-04,CC100 - Hakam Global Coffee,University,CC_BAR_01,520000,Direct Barista Labor & Payroll,COGS,Direct Labor,100.67,USD
ACD-102614,2025-04-07,2025-04,CC100 - Hakam Global Coffee,University,CC_BAR_01,530000,Packaging & Sustainable Cups,COGS,Packaging,27.3,USD
ACD-102615,2025-04-07,2025-04,CC100 - Hakam Global Coffee,University,CC_FAC_02,610000,Store Rent & Facility Lease,OPEX,Rent,52.59,USD
ACD-102616,2025-04-07,2025-04,CC100 - Hakam Global Coffee,University,CC_FAC_02,620000,Utilities (Power/Water/Gas),OPEX,Utilities,22.91,USD
ACD-102617,2025-04-07,2025-04,CC100 - Hakam Global Coffee,University,CC_MKT_03,640000,Digital Marketing & Channel Promo,OPEX,Marketing,20.64,USD
ACD-102618,2025-04-07,2025-04,CC100 - Hakam Global Coffee,University,CC_ADM_04,650000,Admin & IT Support Overhead,OPEX,Admin,12.31,USD
ACD-102619,2025-04-07,2025-04,CC100 - Hakam Global Coffee,University,CC_FAC_02,630000,Equipment Depreciation (Espresso/Grinders),Depreciation,Depreciation,14.77,USD
ACD-102620,2025-04-08,2025-04,CC100 - Hakam Global Coffee,Downtown,CC_BAR_01,410000,Gross Beverage & Food Revenue,Revenue,Revenue,922.6,USD
ACD-102621,2025-04-08,2025-04,CC100 - Hakam Global Coffee,Downtown,CC_BAR_01,510000,Direct Raw Materials (Beans/Dairy/Syrup),COGS,Direct Materials,238.2,USD
ACD-102622,2025-04-08,2025-04,CC100 - Hakam Global Coffee,Downtown,CC_BAR_01,520000,Direct Barista Labor & Payroll,COGS,Direct Labor,152.09,USD
ACD-102623,2025-04-08,2025-04,CC100 - Hakam Global Coffee,Downtown,CC_BAR_01,530000,Packaging & Sustainable Cups,COGS,Packaging,38.98,USD
ACD-102624,2025-04-08,2025-04,CC100 - Hakam Global Coffee,Downtown,CC_FAC_02,610000,Store Rent & Facility Lease,OPEX,Rent,74.24,USD
ACD-102625,2025-04-08,2025-04,CC100 - Hakam Global Coffee,Downtown,CC_FAC_02,620000,Utilities (Power/Water/Gas),OPEX,Utilities,33.92,USD
ACD-102626,2025-04-08,2025-04,CC100 - Hakam Global Coffee,Downtown,CC_MKT_03,640000,Digital Marketing & Channel Promo,OPEX,Marketing,25.47,USD
ACD-102627,2025-04-08,2025-04,CC100 - Hakam Global Coffee,Downtown,CC_ADM_04,650000,Admin & IT Support Overhead,OPEX,Admin,26.7,USD
ACD-102628,2025-04-08,2025-04,CC100 - Hakam Global Coffee,Downtown,CC_FAC_02,630000,Equipment Depreciation (Espresso/Grinders),Depreciation,Depreciation,33.57,USD
ACD-102629,2025-04-08,2025-04,CC100 - Hakam Global Coffee,Corporate Park,CC_BAR_01,410000,Gross Beverage & Food Revenue,Revenue,Revenue,797.72,USD
ACD-102630,2025-04-08,2025-04,CC100 - Hakam Global Coffee,Corporate Park,CC_BAR_01,510000,Direct Raw Materials (Beans/Dairy/Syrup),COGS,Direct Materials,179.71,USD
ACD-102631,2025-04-08,2025-04,CC100 - Hakam Global Coffee,Corporate Park,CC_BAR_01,520000,Direct Barista Labor & Payroll,COGS,Direct Labor,140.26,USD
ACD-102632,2025-04-08,2025-04,CC100 - Hakam Global Coffee,Corporate Park,CC_BAR_01,530000,Packaging & Sustainable Cups,COGS,Packaging,40.98,USD
ACD-102633,2025-04-08,2025-04,CC100 - Hakam Global Coffee,Corporate Park,CC_FAC_02,610000,Store Rent & Facility Lease,OPEX,Rent,60.15,USD
ACD-102634,2025-04-08,2025-04,CC100 - Hakam Global Coffee,Corporate Park,CC_FAC_02,620000,Utilities (Power/Water/Gas),OPEX,Utilities,30.12,USD
ACD-102635,2025-04-08,2025-04,CC100 - Hakam Global Coffee,Corporate Park,CC_MKT_03,640000,Digital Marketing & Channel Promo,OPEX,Marketing,25.2,USD
ACD-102636,2025-04-08,2025-04,CC100 - Hakam Global Coffee,Corporate Park,CC_ADM_04,650000,Admin & IT Support Overhead,OPEX,Admin,22.48,USD
ACD-102637,2025-04-08,2025-04,CC100 - Hakam Global Coffee,Corporate Park,CC_FAC_02,630000,Equipment Depreciation (Espresso/Grinders),Depreciation,Depreciation,26.11,USD
ACD-102638,2025-04-08,2025-04,CC100 - Hakam Global Coffee,University,CC_BAR_01,410000,Gross Beverage & Food Revenue,Revenue,Revenue,410.64,USD
ACD-102639,2025-04-08,2025-04,CC100 - Hakam Global Coffee,University,CC_BAR_01,510000,Direct Raw Materials (Beans/Dairy/Syrup),COGS,Direct Materials,91.45,USD
ACD-102640,2025-04-08,2025-04,CC100 - Hakam Global Coffee,University,CC_BAR_01,520000,Direct Barista Labor & Payroll,COGS,Direct Labor,64.83,USD
ACD-102641,2025-04-08,2025-04,CC100 - Hakam Global Coffee,University,CC_BAR_01,530000,Packaging & Sustainable Cups,COGS,Packaging,16.75,USD
ACD-102642,2025-04-08,2025-04,CC100 - Hakam Global Coffee,University,CC_FAC_02,610000,Store Rent & Facility Lease,OPEX,Rent,43.9,USD
ACD-102643,2025-04-08,2025-04,CC100 - Hakam Global Coffee,University,CC_FAC_02,620000,Utilities (Power/Water/Gas),OPEX,Utilities,26.1,USD
ACD-102644,2025-04-08,2025-04,CC100 - Hakam Global Coffee,University,CC_MKT_03,640000,Digital Marketing & Channel Promo,OPEX,Marketing,17.66,USD
ACD-102645,2025-04-08,2025-04,CC100 - Hakam Global Coffee,University,CC_ADM_04,650000,Admin & IT Support Overhead,OPEX,Admin,15.47,USD
ACD-102646,2025-04-08,2025-04,CC100 - Hakam Global Coffee,University,CC_FAC_02,630000,Equipment Depreciation (Espresso/Grinders),Depreciation,Depreciation,19.01,USD
ACD-102647,2025-04-09,2025-04,CC100 - Hakam Global Coffee,Downtown,CC_BAR_01,410000,Gross Beverage & Food Revenue,Revenue,Revenue,736.96,USD
ACD-102648,2025-04-09,2025-04,CC100 - Hakam Global Coffee,Downtown,CC_BAR_01,510000,Direct Raw Materials (Beans/Dairy/Syrup),COGS,Direct Materials,182.82,USD
ACD-102649,2025-04-09,2025-04,CC100 - Hakam Global Coffee,Downtown,CC_BAR_01,520000,Direct Barista Labor & Payroll,COGS,Direct Labor,112.37,USD
ACD-102650,2025-04-09,2025-04,CC100 - Hakam Global Coffee,Downtown,CC_BAR_01,530000,Packaging & Sustainable Cups,COGS,Packaging,37.39,USD
ACD-102651,2025-04-09,2025-04,CC100 - Hakam Global Coffee,Downtown,CC_FAC_02,610000,Store Rent & Facility Lease,OPEX,Rent,77.38,USD
ACD-102652,2025-04-09,2025-04,CC100 - Hakam Global Coffee,Downtown,CC_FAC_02,620000,Utilities (Power/Water/Gas),OPEX,Utilities,28.79,USD
ACD-102653,2025-04-09,2025-04,CC100 - Hakam Global Coffee,Downtown,CC_MKT_03,640000,Digital Marketing & Channel Promo,OPEX,Marketing,21.64,USD
ACD-102654,2025-04-09,2025-04,CC100 - Hakam Global Coffee,Downtown,CC_ADM_04,650000,Admin & IT Support Overhead,OPEX,Admin,20.4,USD
ACD-102655,2025-04-09,2025-04,CC100 - Hakam Global Coffee,Downtown,CC_FAC_02,630000,Equipment Depreciation (Espresso/Grinders),Depreciation,Depreciation,22.99,USD
ACD-102656,2025-04-09,2025-04,CC100 - Hakam Global Coffee,Corporate Park,CC_BAR_01,410000,Gross Beverage & Food Revenue,Revenue,Revenue,756.47,USD
ACD-102657,2025-04-09,2025-04,CC100 - Hakam Global Coffee,Corporate Park,CC_BAR_01,510000,Direct Raw Materials (Beans/Dairy/Syrup),COGS,Direct Materials,182.65,USD
ACD-102658,2025-04-09,2025-04,CC100 - Hakam Global Coffee,Corporate Park,CC_BAR_01,520000,Direct Barista Labor & Payroll,COGS,Direct Labor,122.34,USD
ACD-102659,2025-04-09,2025-04,CC100 - Hakam Global Coffee,Corporate Park,CC_BAR_01,530000,Packaging & Sustainable Cups,COGS,Packaging,39.86,USD
ACD-102660,2025-04-09,2025-04,CC100 - Hakam Global Coffee,Corporate Park,CC_FAC_02,610000,Store Rent & Facility Lease,OPEX,Rent,70.94,USD
ACD-102661,2025-04-09,2025-04,CC100 - Hakam Global Coffee,Corporate Park,CC_FAC_02,620000,Utilities (Power/Water/Gas),OPEX,Utilities,30.1,USD
ACD-102662,2025-04-09,2025-04,CC100 - Hakam Global Coffee,Corporate Park,CC_MKT_03,640000,Digital Marketing & Channel Promo,OPEX,Marketing,14.79,USD
ACD-102663,2025-04-09,2025-04,CC100 - Hakam Global Coffee,Corporate Park,CC_ADM_04,650000,Admin & IT Support Overhead,OPEX,Admin,19.53,USD
ACD-102664,2025-04-09,2025-04,CC100 - Hakam Global Coffee,Corporate Park,CC_FAC_02,630000,Equipment Depreciation (Espresso/Grinders),Depreciation,Depreciation,25.64,USD
ACD-102665,2025-04-09,2025-04,CC100 - Hakam Global Coffee,University,CC_BAR_01,410000,Gross Beverage & Food Revenue,Revenue,Revenue,635.31,USD
ACD-102666,2025-04-09,2025-04,CC100 - Hakam Global Coffee,University,CC_BAR_01,510000,Direct Raw Materials (Beans/Dairy/Syrup),COGS,Direct Materials,141.24,USD
ACD-102667,2025-04-09,2025-04,CC100 - Hakam Global Coffee,University,CC_BAR_01,520000,Direct Barista Labor & Payroll,COGS,Direct Labor,96.94,USD
ACD-102668,2025-04-09,2025-04,CC100 - Hakam Global Coffee,University,CC_BAR_01,530000,Packaging & Sustainable Cups,COGS,Packaging,30.93,USD
ACD-102669,2025-04-09,2025-04,CC100 - Hakam Global Coffee,University,CC_FAC_02,610000,Store Rent & Facility Lease,OPEX,Rent,51.36,USD
ACD-102670,2025-04-09,2025-04,CC100 - Hakam Global Coffee,University,CC_FAC_02,620000,Utilities (Power/Water/Gas),OPEX,Utilities,24.04,USD
ACD-102671,2025-04-09,2025-04,CC100 - Hakam Global Coffee,University,CC_MKT_03,640000,Digital Marketing & Channel Promo,OPEX,Marketing,15.22,USD
ACD-102672,2025-04-09,2025-04,CC100 - Hakam Global Coffee,University,CC_ADM_04,650000,Admin & IT Support Overhead,OPEX,Admin,16.55,USD
ACD-102673,2025-04-09,2025-04,CC100 - Hakam Global Coffee,University,CC_FAC_02,630000,Equipment Depreciation (Espresso/Grinders),Depreciation,Depreciation,21.29,USD
ACD-102674,2025-04-10,2025-04,CC100 - Hakam Global Coffee,Downtown,CC_BAR_01,410000,Gross Beverage & Food Revenue,Revenue,Revenue,623.08,USD
ACD-102675,2025-04-10,2025-04,CC100 - Hakam Global Coffee,Downtown,CC_BAR_01,510000,Direct Raw Materials (Beans/Dairy/Syrup),COGS,Direct Materials,154.72,USD
ACD-102676,2025-04-10,2025-04,CC100 - Hakam Global Coffee,Downtown,CC_BAR_01,520000,Direct Barista Labor & Payroll,COGS,Direct Labor,106.57,USD
ACD-102677,2025-04-10,2025-04,CC100 - Hakam Global Coffee,Downtown,CC_BAR_01,530000,Packaging & Sustainable Cups,COGS,Packaging,26.96,USD
ACD-102678,2025-04-10,2025-04,CC100 - Hakam Global Coffee,Downtown,CC_FAC_02,610000,Store Rent & Facility Lease,OPEX,Rent,86.48,USD
ACD-102679,2025-04-10,2025-04,CC100 - Hakam Global Coffee,Downtown,CC_FAC_02,620000,Utilities (Power/Water/Gas),OPEX,Utilities,32.77,USD
ACD-102680,2025-04-10,2025-04,CC100 - Hakam Global Coffee,Downtown,CC_MKT_03,640000,Digital Marketing & Channel Promo,OPEX,Marketing,29.94,USD
ACD-102681,2025-04-10,2025-04,CC100 - Hakam Global Coffee,Downtown,CC_ADM_04,650000,Admin & IT Support Overhead,OPEX,Admin,23.23,USD
ACD-102682,2025-04-10,2025-04,CC100 - Hakam Global Coffee,Downtown,CC_FAC_02,630000,Equipment Depreciation (Espresso/Grinders),Depreciation,Depreciation,22.5,USD
ACD-102683,2025-04-10,2025-04,CC100 - Hakam Global Coffee,Corporate Park,CC_BAR_01,410000,Gross Beverage & Food Revenue,Revenue,Revenue,533.23,USD
ACD-102684,2025-04-10,2025-04,CC100 - Hakam Global Coffee,Corporate Park,CC_BAR_01,510000,Direct Raw Materials (Beans/Dairy/Syrup),COGS,Direct Materials,133.97,USD
ACD-102685,2025-04-10,2025-04,CC100 - Hakam Global Coffee,Corporate Park,CC_BAR_01,520000,Direct Barista Labor & Payroll,COGS,Direct Labor,84.28,USD
ACD-102686,2025-04-10,2025-04,CC100 - Hakam Global Coffee,Corporate Park,CC_BAR_01,530000,Packaging & Sustainable Cups,COGS,Packaging,30.78,USD
ACD-102687,2025-04-10,2025-04,CC100 - Hakam Global Coffee,Corporate Park,CC_FAC_02,610000,Store Rent & Facility Lease,OPEX,Rent,69.49,USD
ACD-102688,2025-04-10,2025-04,CC100 - Hakam Global Coffee,Corporate Park,CC_FAC_02,620000,Utilities (Power/Water/Gas),OPEX,Utilities,21.11,USD
ACD-102689,2025-04-10,2025-04,CC100 - Hakam Global Coffee,Corporate Park,CC_MKT_03,640000,Digital Marketing & Channel Promo,OPEX,Marketing,25.87,USD
ACD-102690,2025-04-10,2025-04,CC100 - Hakam Global Coffee,Corporate Park,CC_ADM_04,650000,Admin & IT Support Overhead,OPEX,Admin,14.63,USD
ACD-102691,2025-04-10,2025-04,CC100 - Hakam Global Coffee,Corporate Park,CC_FAC_02,630000,Equipment Depreciation (Espresso/Grinders),Depreciation,Depreciation,17.98,USD
ACD-102692,2025-04-10,2025-04,CC100 - Hakam Global Coffee,University,CC_BAR_01,410000,Gross Beverage & Food Revenue,Revenue,Revenue,598.99,USD
ACD-102693,2025-04-10,2025-04,CC100 - Hakam Global Coffee,University,CC_BAR_01,510000,Direct Raw Materials (Beans/Dairy/Syrup),COGS,Direct Materials,145.59,USD
ACD-102694,2025-04-10,2025-04,CC100 - Hakam Global Coffee,University,CC_BAR_01,520000,Direct Barista Labor & Payroll,COGS,Direct Labor,91.23,USD
ACD-102695,2025-04-10,2025-04,CC100 - Hakam Global Coffee,University,CC_BAR_01,530000,Packaging & Sustainable Cups,COGS,Packaging,29.41,USD
ACD-102696,2025-04-10,2025-04,CC100 - Hakam Global Coffee,University,CC_FAC_02,610000,Store Rent & Facility Lease,OPEX,Rent,49.59,USD
ACD-102697,2025-04-10,2025-04,CC100 - Hakam Global Coffee,University,CC_FAC_02,620000,Utilities (Power/Water/Gas),OPEX,Utilities,22.8,USD
ACD-102698,2025-04-10,2025-04,CC100 - Hakam Global Coffee,University,CC_MKT_03,640000,Digital Marketing & Channel Promo,OPEX,Marketing,18.4,USD
ACD-102699,2025-04-10,2025-04,CC100 - Hakam Global Coffee,University,CC_ADM_04,650000,Admin & IT Support Overhead,OPEX,Admin,12.99,USD
ACD-102700,2025-04-10,2025-04,CC100 - Hakam Global Coffee,University,CC_FAC_02,630000,Equipment Depreciation (Espresso/Grinders),Depreciation,Depreciation,16.67,USD
ACD-102701,2025-04-11,2025-04,CC100 - Hakam Global Coffee,Downtown,CC_BAR_01,410000,Gross Beverage & Food Revenue,Revenue,Revenue,811.47,USD
ACD-102702,2025-04-11,2025-04,CC100 - Hakam Global Coffee,Downtown,CC_BAR_01,510000,Direct Raw Materials (Beans/Dairy/Syrup),COGS,Direct Materials,197.15,USD
ACD-102703,2025-04-11,2025-04,CC100 - Hakam Global Coffee,Downtown,CC_BAR_01,520000,Direct Barista Labor & Payroll,COGS,Direct Labor,139.32,USD
ACD-102704,2025-04-11,2025-04,CC100 - Hakam Global Coffee,Downtown,CC_BAR_01,530000,Packaging & Sustainable Cups,COGS,Packaging,36.17,USD
ACD-102705,2025-04-11,2025-04,CC100 - Hakam Global Coffee,Downtown,CC_FAC_02,610000,Store Rent & Facility Lease,OPEX,Rent,74.49,USD
ACD-102706,2025-04-11,2025-04,CC100 - Hakam Global Coffee,Downtown,CC_FAC_02,620000,Utilities (Power/Water/Gas),OPEX,Utilities,25.01,USD
ACD-102707,2025-04-11,2025-04,CC100 - Hakam Global Coffee,Downtown,CC_MKT_03,640000,Digital Marketing & Channel Promo,OPEX,Marketing,31.34,USD
ACD-102708,2025-04-11,2025-04,CC100 - Hakam Global Coffee,Downtown,CC_ADM_04,650000,Admin & IT Support Overhead,OPEX,Admin,16.8,USD
ACD-102709,2025-04-11,2025-04,CC100 - Hakam Global Coffee,Downtown,CC_FAC_02,630000,Equipment Depreciation (Espresso/Grinders),Depreciation,Depreciation,26.62,USD
ACD-102710,2025-04-11,2025-04,CC100 - Hakam Global Coffee,Corporate Park,CC_BAR_01,410000,Gross Beverage & Food Revenue,Revenue,Revenue,812.03,USD
ACD-102711,2025-04-11,2025-04,CC100 - Hakam Global Coffee,Corporate Park,CC_BAR_01,510000,Direct Raw Materials (Beans/Dairy/Syrup),COGS,Direct Materials,183.52,USD
ACD-102712,2025-04-11,2025-04,CC100 - Hakam Global Coffee,Corporate Park,CC_BAR_01,520000,Direct Barista Labor & Payroll,COGS,Direct Labor,144.49,USD
ACD-102713,2025-04-11,2025-04,CC100 - Hakam Global Coffee,Corporate Park,CC_BAR_01,530000,Packaging & Sustainable Cups,COGS,Packaging,46.41,USD
ACD-102714,2025-04-11,2025-04,CC100 - Hakam Global Coffee,Corporate Park,CC_FAC_02,610000,Store Rent & Facility Lease,OPEX,Rent,64.47,USD
ACD-102715,2025-04-11,2025-04,CC100 - Hakam Global Coffee,Corporate Park,CC_FAC_02,620000,Utilities (Power/Water/Gas),OPEX,Utilities,33.31,USD
ACD-102716,2025-04-11,2025-04,CC100 - Hakam Global Coffee,Corporate Park,CC_MKT_03,640000,Digital Marketing & Channel Promo,OPEX,Marketing,24.87,USD
ACD-102717,2025-04-11,2025-04,CC100 - Hakam Global Coffee,Corporate Park,CC_ADM_04,650000,Admin & IT Support Overhead,OPEX,Admin,16.32,USD
ACD-102718,2025-04-11,2025-04,CC100 - Hakam Global Coffee,Corporate Park,CC_FAC_02,630000,Equipment Depreciation (Espresso/Grinders),Depreciation,Depreciation,20.95,USD
ACD-102719,2025-04-11,2025-04,CC100 - Hakam Global Coffee,University,CC_BAR_01,410000,Gross Beverage & Food Revenue,Revenue,Revenue,682.67,USD
ACD-102720,2025-04-11,2025-04,CC100 - Hakam Global Coffee,University,CC_BAR_01,510000,Direct Raw Materials (Beans/Dairy/Syrup),COGS,Direct Materials,169.86,USD
ACD-102721,2025-04-11,2025-04,CC100 - Hakam Global Coffee,University,CC_BAR_01,520000,Direct Barista Labor & Payroll,COGS,Direct Labor,107.96,USD
ACD-102722,2025-04-11,2025-04,CC100 - Hakam Global Coffee,University,CC_BAR_01,530000,Packaging & Sustainable Cups,COGS,Packaging,28.37,USD
ACD-102723,2025-04-11,2025-04,CC100 - Hakam Global Coffee,University,CC_FAC_02,610000,Store Rent & Facility Lease,OPEX,Rent,49.83,USD
ACD-102724,2025-04-11,2025-04,CC100 - Hakam Global Coffee,University,CC_FAC_02,620000,Utilities (Power/Water/Gas),OPEX,Utilities,22.82,USD
ACD-102725,2025-04-11,2025-04,CC100 - Hakam Global Coffee,University,CC_MKT_03,640000,Digital Marketing & Channel Promo,OPEX,Marketing,22.54,USD
ACD-102726,2025-04-11,2025-04,CC100 - Hakam Global Coffee,University,CC_ADM_04,650000,Admin & IT Support Overhead,OPEX,Admin,11.2,USD
ACD-102727,2025-04-11,2025-04,CC100 - Hakam Global Coffee,University,CC_FAC_02,630000,Equipment Depreciation (Espresso/Grinders),Depreciation,Depreciation,21.89,USD
ACD-102728,2025-04-12,2025-04,CC100 - Hakam Global Coffee,Downtown,CC_BAR_01,410000,Gross Beverage & Food Revenue,Revenue,Revenue,1256.22,USD
ACD-102729,2025-04-12,2025-04,CC100 - Hakam Global Coffee,Downtown,CC_BAR_01,510000,Direct Raw Materials (Beans/Dairy/Syrup),COGS,Direct Materials,324.31,USD
ACD-102730,2025-04-12,2025-04,CC100 - Hakam Global Coffee,Downtown,CC_BAR_01,520000,Direct Barista Labor & Payroll,COGS,Direct Labor,191.03,USD
ACD-102731,2025-04-12,2025-04,CC100 - Hakam Global Coffee,Downtown,CC_BAR_01,530000,Packaging & Sustainable Cups,COGS,Packaging,61.93,USD
ACD-102732,2025-04-12,2025-04,CC100 - Hakam Global Coffee,Downtown,CC_FAC_02,610000,Store Rent & Facility Lease,OPEX,Rent,68.37,USD
ACD-102733,2025-04-12,2025-04,CC100 - Hakam Global Coffee,Downtown,CC_FAC_02,620000,Utilities (Power/Water/Gas),OPEX,Utilities,37.99,USD
ACD-102734,2025-04-12,2025-04,CC100 - Hakam Global Coffee,Downtown,CC_MKT_03,640000,Digital Marketing & Channel Promo,OPEX,Marketing,21.94,USD
ACD-102735,2025-04-12,2025-04,CC100 - Hakam Global Coffee,Downtown,CC_ADM_04,650000,Admin & IT Support Overhead,OPEX,Admin,20.97,USD
ACD-102736,2025-04-12,2025-04,CC100 - Hakam Global Coffee,Downtown,CC_FAC_02,630000,Equipment Depreciation (Espresso/Grinders),Depreciation,Depreciation,20.36,USD
ACD-102737,2025-04-12,2025-04,CC100 - Hakam Global Coffee,Corporate Park,CC_BAR_01,410000,Gross Beverage & Food Revenue,Revenue,Revenue,733.41,USD
ACD-102738,2025-04-12,2025-04,CC100 - Hakam Global Coffee,Corporate Park,CC_BAR_01,510000,Direct Raw Materials (Beans/Dairy/Syrup),COGS,Direct Materials,177.89,USD
ACD-102739,2025-04-12,2025-04,CC100 - Hakam Global Coffee,Corporate Park,CC_BAR_01,520000,Direct Barista Labor & Payroll,COGS,Direct Labor,116.7,USD
ACD-102740,2025-04-12,2025-04,CC100 - Hakam Global Coffee,Corporate Park,CC_BAR_01,530000,Packaging & Sustainable Cups,COGS,Packaging,38.47,USD
ACD-102741,2025-04-12,2025-04,CC100 - Hakam Global Coffee,Corporate Park,CC_FAC_02,610000,Store Rent & Facility Lease,OPEX,Rent,62.42,USD
ACD-102742,2025-04-12,2025-04,CC100 - Hakam Global Coffee,Corporate Park,CC_FAC_02,620000,Utilities (Power/Water/Gas),OPEX,Utilities,28.87,USD
ACD-102743,2025-04-12,2025-04,CC100 - Hakam Global Coffee,Corporate Park,CC_MKT_03,640000,Digital Marketing & Channel Promo,OPEX,Marketing,21.18,USD
ACD-102744,2025-04-12,2025-04,CC100 - Hakam Global Coffee,Corporate Park,CC_ADM_04,650000,Admin & IT Support Overhead,OPEX,Admin,20.39,USD
ACD-102745,2025-04-12,2025-04,CC100 - Hakam Global Coffee,Corporate Park,CC_FAC_02,630000,Equipment Depreciation (Espresso/Grinders),Depreciation,Depreciation,19.5,USD
ACD-102746,2025-04-12,2025-04,CC100 - Hakam Global Coffee,University,CC_BAR_01,410000,Gross Beverage & Food Revenue,Revenue,Revenue,855.16,USD
ACD-102747,2025-04-12,2025-04,CC100 - Hakam Global Coffee,University,CC_BAR_01,510000,Direct Raw Materials (Beans/Dairy/Syrup),COGS,Direct Materials,214.15,USD
ACD-102748,2025-04-12,2025-04,CC100 - Hakam Global Coffee,University,CC_BAR_01,520000,Direct Barista Labor & Payroll,COGS,Direct Labor,134.56,USD
ACD-102749,2025-04-12,2025-04,CC100 - Hakam Global Coffee,University,CC_BAR_01,530000,Packaging & Sustainable Cups,COGS,Packaging,34.32,USD
ACD-102750,2025-04-12,2025-04,CC100 - Hakam Global Coffee,University,CC_FAC_02,610000,Store Rent & Facility Lease,OPEX,Rent,50.54,USD
ACD-102751,2025-04-12,2025-04,CC100 - Hakam Global Coffee,University,CC_FAC_02,620000,Utilities (Power/Water/Gas),OPEX,Utilities,19.76,USD
ACD-102752,2025-04-12,2025-04,CC100 - Hakam Global Coffee,University,CC_MKT_03,640000,Digital Marketing & Channel Promo,OPEX,Marketing,15.68,USD
ACD-102753,2025-04-12,2025-04,CC100 - Hakam Global Coffee,University,CC_ADM_04,650000,Admin & IT Support Overhead,OPEX,Admin,17.48,USD
ACD-102754,2025-04-12,2025-04,CC100 - Hakam Global Coffee,University,CC_FAC_02,630000,Equipment Depreciation (Espresso/Grinders),Depreciation,Depreciation,22.58,USD
ACD-102755,2025-04-13,2025-04,CC100 - Hakam Global Coffee,Downtown,CC_BAR_01,410000,Gross Beverage & Food Revenue,Revenue,Revenue,1240.81,USD
ACD-102756,2025-04-13,2025-04,CC100 - Hakam Global Coffee,Downtown,CC_BAR_01,510000,Direct Raw Materials (Beans/Dairy/Syrup),COGS,Direct Materials,273.05,USD
ACD-102757,2025-04-13,2025-04,CC100 - Hakam Global Coffee,Downtown,CC_BAR_01,520000,Direct Barista Labor & Payroll,COGS,Direct Labor,210.59,USD
ACD-102758,2025-04-13,2025-04,CC100 - Hakam Global Coffee,Downtown,CC_BAR_01,530000,Packaging & Sustainable Cups,COGS,Packaging,70.7,USD
ACD-102759,2025-04-13,2025-04,CC100 - Hakam Global Coffee,Downtown,CC_FAC_02,610000,Store Rent & Facility Lease,OPEX,Rent,80.38,USD
ACD-102760,2025-04-13,2025-04,CC100 - Hakam Global Coffee,Downtown,CC_FAC_02,620000,Utilities (Power/Water/Gas),OPEX,Utilities,25.98,USD
ACD-102761,2025-04-13,2025-04,CC100 - Hakam Global Coffee,Downtown,CC_MKT_03,640000,Digital Marketing & Channel Promo,OPEX,Marketing,25.5,USD
ACD-102762,2025-04-13,2025-04,CC100 - Hakam Global Coffee,Downtown,CC_ADM_04,650000,Admin & IT Support Overhead,OPEX,Admin,16.72,USD
ACD-102763,2025-04-13,2025-04,CC100 - Hakam Global Coffee,Downtown,CC_FAC_02,630000,Equipment Depreciation (Espresso/Grinders),Depreciation,Depreciation,26.89,USD
ACD-102764,2025-04-13,2025-04,CC100 - Hakam Global Coffee,Corporate Park,CC_BAR_01,410000,Gross Beverage & Food Revenue,Revenue,Revenue,672.7,USD
ACD-102765,2025-04-13,2025-04,CC100 - Hakam Global Coffee,Corporate Park,CC_BAR_01,510000,Direct Raw Materials (Beans/Dairy/Syrup),COGS,Direct Materials,174.82,USD
ACD-102766,2025-04-13,2025-04,CC100 - Hakam Global Coffee,Corporate Park,CC_BAR_01,520000,Direct Barista Labor & Payroll,COGS,Direct Labor,115.27,USD
ACD-102767,2025-04-13,2025-04,CC100 - Hakam Global Coffee,Corporate Park,CC_BAR_01,530000,Packaging & Sustainable Cups,COGS,Packaging,28.16,USD
ACD-102768,2025-04-13,2025-04,CC100 - Hakam Global Coffee,Corporate Park,CC_FAC_02,610000,Store Rent & Facility Lease,OPEX,Rent,72.94,USD
ACD-102769,2025-04-13,2025-04,CC100 - Hakam Global Coffee,Corporate Park,CC_FAC_02,620000,Utilities (Power/Water/Gas),OPEX,Utilities,33.08,USD
ACD-102770,2025-04-13,2025-04,CC100 - Hakam Global Coffee,Corporate Park,CC_MKT_03,640000,Digital Marketing & Channel Promo,OPEX,Marketing,21.57,USD
ACD-102771,2025-04-13,2025-04,CC100 - Hakam Global Coffee,Corporate Park,CC_ADM_04,650000,Admin & IT Support Overhead,OPEX,Admin,19.56,USD
ACD-102772,2025-04-13,2025-04,CC100 - Hakam Global Coffee,Corporate Park,CC_FAC_02,630000,Equipment Depreciation (Espresso/Grinders),Depreciation,Depreciation,21.53,USD
ACD-102773,2025-04-13,2025-04,CC100 - Hakam Global Coffee,University,CC_BAR_01,410000,Gross Beverage & Food Revenue,Revenue,Revenue,881.56,USD
ACD-102774,2025-04-13,2025-04,CC100 - Hakam Global Coffee,University,CC_BAR_01,510000,Direct Raw Materials (Beans/Dairy/Syrup),COGS,Direct Materials,196.94,USD
ACD-102775,2025-04-13,2025-04,CC100 - Hakam Global Coffee,University,CC_BAR_01,520000,Direct Barista Labor & Payroll,COGS,Direct Labor,134.76,USD
ACD-102776,2025-04-13,2025-04,CC100 - Hakam Global Coffee,University,CC_BAR_01,530000,Packaging & Sustainable Cups,COGS,Packaging,37.62,USD
ACD-102777,2025-04-13,2025-04,CC100 - Hakam Global Coffee,University,CC_FAC_02,610000,Store Rent & Facility Lease,OPEX,Rent,58.33,USD
ACD-102778,2025-04-13,2025-04,CC100 - Hakam Global Coffee,University,CC_FAC_02,620000,Utilities (Power/Water/Gas),OPEX,Utilities,17.95,USD
ACD-102779,2025-04-13,2025-04,CC100 - Hakam Global Coffee,University,CC_MKT_03,640000,Digital Marketing & Channel Promo,OPEX,Marketing,18.41,USD
ACD-102780,2025-04-13,2025-04,CC100 - Hakam Global Coffee,University,CC_ADM_04,650000,Admin & IT Support Overhead,OPEX,Admin,13.63,USD
ACD-102781,2025-04-13,2025-04,CC100 - Hakam Global Coffee,University,CC_FAC_02,630000,Equipment Depreciation (Espresso/Grinders),Depreciation,Depreciation,23.41,USD
ACD-102782,2025-04-14,2025-04,CC100 - Hakam Global Coffee,Downtown,CC_BAR_01,410000,Gross Beverage & Food Revenue,Revenue,Revenue,668.22,USD
ACD-102783,2025-04-14,2025-04,CC100 - Hakam Global Coffee,Downtown,CC_BAR_01,510000,Direct Raw Materials (Beans/Dairy/Syrup),COGS,Direct Materials,153.98,USD
ACD-102784,2025-04-14,2025-04,CC100 - Hakam Global Coffee,Downtown,CC_BAR_01,520000,Direct Barista Labor & Payroll,COGS,Direct Labor,106.55,USD
ACD-102785,2025-04-14,2025-04,CC100 - Hakam Global Coffee,Downtown,CC_BAR_01,530000,Packaging & Sustainable Cups,COGS,Packaging,37.43,USD
ACD-102786,2025-04-14,2025-04,CC100 - Hakam Global Coffee,Downtown,CC_FAC_02,610000,Store Rent & Facility Lease,OPEX,Rent,79.67,USD
ACD-102787,2025-04-14,2025-04,CC100 - Hakam Global Coffee,Downtown,CC_FAC_02,620000,Utilities (Power/Water/Gas),OPEX,Utilities,36.21,USD
ACD-102788,2025-04-14,2025-04,CC100 - Hakam Global Coffee,Downtown,CC_MKT_03,640000,Digital Marketing & Channel Promo,OPEX,Marketing,21.78,USD
ACD-102789,2025-04-14,2025-04,CC100 - Hakam Global Coffee,Downtown,CC_ADM_04,650000,Admin & IT Support Overhead,OPEX,Admin,17.17,USD
ACD-102790,2025-04-14,2025-04,CC100 - Hakam Global Coffee,Downtown,CC_FAC_02,630000,Equipment Depreciation (Espresso/Grinders),Depreciation,Depreciation,21.26,USD
ACD-102791,2025-04-14,2025-04,CC100 - Hakam Global Coffee,Corporate Park,CC_BAR_01,410000,Gross Beverage & Food Revenue,Revenue,Revenue,558.06,USD
ACD-102792,2025-04-14,2025-04,CC100 - Hakam Global Coffee,Corporate Park,CC_BAR_01,510000,Direct Raw Materials (Beans/Dairy/Syrup),COGS,Direct Materials,140.18,USD
ACD-102793,2025-04-14,2025-04,CC100 - Hakam Global Coffee,Corporate Park,CC_BAR_01,520000,Direct Barista Labor & Payroll,COGS,Direct Labor,93.5,USD
ACD-102794,2025-04-14,2025-04,CC100 - Hakam Global Coffee,Corporate Park,CC_BAR_01,530000,Packaging & Sustainable Cups,COGS,Packaging,24.06,USD
ACD-102795,2025-04-14,2025-04,CC100 - Hakam Global Coffee,Corporate Park,CC_FAC_02,610000,Store Rent & Facility Lease,OPEX,Rent,55.53,USD
ACD-102796,2025-04-14,2025-04,CC100 - Hakam Global Coffee,Corporate Park,CC_FAC_02,620000,Utilities (Power/Water/Gas),OPEX,Utilities,27.13,USD
ACD-102797,2025-04-14,2025-04,CC100 - Hakam Global Coffee,Corporate Park,CC_MKT_03,640000,Digital Marketing & Channel Promo,OPEX,Marketing,19.88,USD
ACD-102798,2025-04-14,2025-04,CC100 - Hakam Global Coffee,Corporate Park,CC_ADM_04,650000,Admin & IT Support Overhead,OPEX,Admin,17.66,USD
ACD-102799,2025-04-14,2025-04,CC100 - Hakam Global Coffee,Corporate Park,CC_FAC_02,630000,Equipment Depreciation (Espresso/Grinders),Depreciation,Depreciation,28.34,USD
ACD-102800,2025-04-14,2025-04,CC100 - Hakam Global Coffee,University,CC_BAR_01,410000,Gross Beverage & Food Revenue,Revenue,Revenue,462.34,USD
ACD-102801,2025-04-14,2025-04,CC100 - Hakam Global Coffee,University,CC_BAR_01,510000,Direct Raw Materials (Beans/Dairy/Syrup),COGS,Direct Materials,107.42,USD
ACD-102802,2025-04-14,2025-04,CC100 - Hakam Global Coffee,University,CC_BAR_01,520000,Direct Barista Labor & Payroll,COGS,Direct Labor,73.03,USD
ACD-102803,2025-04-14,2025-04,CC100 - Hakam Global Coffee,University,CC_BAR_01,530000,Packaging & Sustainable Cups,COGS,Packaging,19.6,USD
ACD-102804,2025-04-14,2025-04,CC100 - Hakam Global Coffee,University,CC_FAC_02,610000,Store Rent & Facility Lease,OPEX,Rent,45.74,USD
ACD-102805,2025-04-14,2025-04,CC100 - Hakam Global Coffee,University,CC_FAC_02,620000,Utilities (Power/Water/Gas),OPEX,Utilities,24.92,USD
ACD-102806,2025-04-14,2025-04,CC100 - Hakam Global Coffee,University,CC_MKT_03,640000,Digital Marketing & Channel Promo,OPEX,Marketing,21.61,USD
ACD-102807,2025-04-14,2025-04,CC100 - Hakam Global Coffee,University,CC_ADM_04,650000,Admin & IT Support Overhead,OPEX,Admin,16.12,USD
ACD-102808,2025-04-14,2025-04,CC100 - Hakam Global Coffee,University,CC_FAC_02,630000,Equipment Depreciation (Espresso/Grinders),Depreciation,Depreciation,14.63,USD
ACD-102809,2025-04-15,2025-04,CC100 - Hakam Global Coffee,Downtown,CC_BAR_01,410000,Gross Beverage & Food Revenue,Revenue,Revenue,898.75,USD
ACD-102810,2025-04-15,2025-04,CC100 - Hakam Global Coffee,Downtown,CC_BAR_01,510000,Direct Raw Materials (Beans/Dairy/Syrup),COGS,Direct Materials,209.51,USD
ACD-102811,2025-04-15,2025-04,CC100 - Hakam Global Coffee,Downtown,CC_BAR_01,520000,Direct Barista Labor & Payroll,COGS,Direct Labor,137.27,USD
ACD-102812,2025-04-15,2025-04,CC100 - Hakam Global Coffee,Downtown,CC_BAR_01,530000,Packaging & Sustainable Cups,COGS,Packaging,40.41,USD
ACD-102813,2025-04-15,2025-04,CC100 - Hakam Global Coffee,Downtown,CC_FAC_02,610000,Store Rent & Facility Lease,OPEX,Rent,70.36,USD
ACD-102814,2025-04-15,2025-04,CC100 - Hakam Global Coffee,Downtown,CC_FAC_02,620000,Utilities (Power/Water/Gas),OPEX,Utilities,32.62,USD
ACD-102815,2025-04-15,2025-04,CC100 - Hakam Global Coffee,Downtown,CC_MKT_03,640000,Digital Marketing & Channel Promo,OPEX,Marketing,28.08,USD
ACD-102816,2025-04-15,2025-04,CC100 - Hakam Global Coffee,Downtown,CC_ADM_04,650000,Admin & IT Support Overhead,OPEX,Admin,17.01,USD
ACD-102817,2025-04-15,2025-04,CC100 - Hakam Global Coffee,Downtown,CC_FAC_02,630000,Equipment Depreciation (Espresso/Grinders),Depreciation,Depreciation,33.62,USD
ACD-102818,2025-04-15,2025-04,CC100 - Hakam Global Coffee,Corporate Park,CC_BAR_01,410000,Gross Beverage & Food Revenue,Revenue,Revenue,501.81,USD
ACD-102819,2025-04-15,2025-04,CC100 - Hakam Global Coffee,Corporate Park,CC_BAR_01,510000,Direct Raw Materials (Beans/Dairy/Syrup),COGS,Direct Materials,118.52,USD
ACD-102820,2025-04-15,2025-04,CC100 - Hakam Global Coffee,Corporate Park,CC_BAR_01,520000,Direct Barista Labor & Payroll,COGS,Direct Labor,82.08,USD
ACD-102821,2025-04-15,2025-04,CC100 - Hakam Global Coffee,Corporate Park,CC_BAR_01,530000,Packaging & Sustainable Cups,COGS,Packaging,27.58,USD
ACD-102822,2025-04-15,2025-04,CC100 - Hakam Global Coffee,Corporate Park,CC_FAC_02,610000,Store Rent & Facility Lease,OPEX,Rent,57.5,USD
ACD-102823,2025-04-15,2025-04,CC100 - Hakam Global Coffee,Corporate Park,CC_FAC_02,620000,Utilities (Power/Water/Gas),OPEX,Utilities,27.08,USD
ACD-102824,2025-04-15,2025-04,CC100 - Hakam Global Coffee,Corporate Park,CC_MKT_03,640000,Digital Marketing & Channel Promo,OPEX,Marketing,25.82,USD
ACD-102825,2025-04-15,2025-04,CC100 - Hakam Global Coffee,Corporate Park,CC_ADM_04,650000,Admin & IT Support Overhead,OPEX,Admin,13.11,USD
ACD-102826,2025-04-15,2025-04,CC100 - Hakam Global Coffee,Corporate Park,CC_FAC_02,630000,Equipment Depreciation (Espresso/Grinders),Depreciation,Depreciation,17.39,USD
ACD-102827,2025-04-15,2025-04,CC100 - Hakam Global Coffee,University,CC_BAR_01,410000,Gross Beverage & Food Revenue,Revenue,Revenue,630.95,USD
ACD-102828,2025-04-15,2025-04,CC100 - Hakam Global Coffee,University,CC_BAR_01,510000,Direct Raw Materials (Beans/Dairy/Syrup),COGS,Direct Materials,163.61,USD
ACD-102829,2025-04-15,2025-04,CC100 - Hakam Global Coffee,University,CC_BAR_01,520000,Direct Barista Labor & Payroll,COGS,Direct Labor,97.12,USD
ACD-102830,2025-04-15,2025-04,CC100 - Hakam Global Coffee,University,CC_BAR_01,530000,Packaging & Sustainable Cups,COGS,Packaging,35.63,USD
ACD-102831,2025-04-15,2025-04,CC100 - Hakam Global Coffee,University,CC_FAC_02,610000,Store Rent & Facility Lease,OPEX,Rent,49.82,USD
ACD-102832,2025-04-15,2025-04,CC100 - Hakam Global Coffee,University,CC_FAC_02,620000,Utilities (Power/Water/Gas),OPEX,Utilities,24.29,USD
ACD-102833,2025-04-15,2025-04,CC100 - Hakam Global Coffee,University,CC_MKT_03,640000,Digital Marketing & Channel Promo,OPEX,Marketing,19.36,USD
ACD-102834,2025-04-15,2025-04,CC100 - Hakam Global Coffee,University,CC_ADM_04,650000,Admin & IT Support Overhead,OPEX,Admin,15.03,USD
ACD-102835,2025-04-15,2025-04,CC100 - Hakam Global Coffee,University,CC_FAC_02,630000,Equipment Depreciation (Espresso/Grinders),Depreciation,Depreciation,16.71,USD
ACD-102836,2025-04-16,2025-04,CC100 - Hakam Global Coffee,Downtown,CC_BAR_01,410000,Gross Beverage & Food Revenue,Revenue,Revenue,889.83,USD
ACD-102837,2025-04-16,2025-04,CC100 - Hakam Global Coffee,Downtown,CC_BAR_01,510000,Direct Raw Materials (Beans/Dairy/Syrup),COGS,Direct Materials,196.54,USD
ACD-102838,2025-04-16,2025-04,CC100 - Hakam Global Coffee,Downtown,CC_BAR_01,520000,Direct Barista Labor & Payroll,COGS,Direct Labor,135.2,USD
ACD-102839,2025-04-16,2025-04,CC100 - Hakam Global Coffee,Downtown,CC_BAR_01,530000,Packaging & Sustainable Cups,COGS,Packaging,51.65,USD
ACD-102840,2025-04-16,2025-04,CC100 - Hakam Global Coffee,Downtown,CC_FAC_02,610000,Store Rent & Facility Lease,OPEX,Rent,72.72,USD
ACD-102841,2025-04-16,2025-04,CC100 - Hakam Global Coffee,Downtown,CC_FAC_02,620000,Utilities (Power/Water/Gas),OPEX,Utilities,26.39,USD
ACD-102842,2025-04-16,2025-04,CC100 - Hakam Global Coffee,Downtown,CC_MKT_03,640000,Digital Marketing & Channel Promo,OPEX,Marketing,32.08,USD
ACD-102843,2025-04-16,2025-04,CC100 - Hakam Global Coffee,Downtown,CC_ADM_04,650000,Admin & IT Support Overhead,OPEX,Admin,24.7,USD
ACD-102844,2025-04-16,2025-04,CC100 - Hakam Global Coffee,Downtown,CC_FAC_02,630000,Equipment Depreciation (Espresso/Grinders),Depreciation,Depreciation,24.73,USD
ACD-102845,2025-04-16,2025-04,CC100 - Hakam Global Coffee,Corporate Park,CC_BAR_01,410000,Gross Beverage & Food Revenue,Revenue,Revenue,505.62,USD
ACD-102846,2025-04-16,2025-04,CC100 - Hakam Global Coffee,Corporate Park,CC_BAR_01,510000,Direct Raw Materials (Beans/Dairy/Syrup),COGS,Direct Materials,120.56,USD
ACD-102847,2025-04-16,2025-04,CC100 - Hakam Global Coffee,Corporate Park,CC_BAR_01,520000,Direct Barista Labor & Payroll,COGS,Direct Labor,78.39,USD
ACD-102848,2025-04-16,2025-04,CC100 - Hakam Global Coffee,Corporate Park,CC_BAR_01,530000,Packaging & Sustainable Cups,COGS,Packaging,26.03,USD
ACD-102849,2025-04-16,2025-04,CC100 - Hakam Global Coffee,Corporate Park,CC_FAC_02,610000,Store Rent & Facility Lease,OPEX,Rent,70.65,USD
ACD-102850,2025-04-16,2025-04,CC100 - Hakam Global Coffee,Corporate Park,CC_FAC_02,620000,Utilities (Power/Water/Gas),OPEX,Utilities,26.15,USD
ACD-102851,2025-04-16,2025-04,CC100 - Hakam Global Coffee,Corporate Park,CC_MKT_03,640000,Digital Marketing & Channel Promo,OPEX,Marketing,14.24,USD
ACD-102852,2025-04-16,2025-04,CC100 - Hakam Global Coffee,Corporate Park,CC_ADM_04,650000,Admin & IT Support Overhead,OPEX,Admin,19.36,USD
ACD-102853,2025-04-16,2025-04,CC100 - Hakam Global Coffee,Corporate Park,CC_FAC_02,630000,Equipment Depreciation (Espresso/Grinders),Depreciation,Depreciation,19.24,USD
ACD-102854,2025-04-16,2025-04,CC100 - Hakam Global Coffee,University,CC_BAR_01,410000,Gross Beverage & Food Revenue,Revenue,Revenue,464.26,USD
ACD-102855,2025-04-16,2025-04,CC100 - Hakam Global Coffee,University,CC_BAR_01,510000,Direct Raw Materials (Beans/Dairy/Syrup),COGS,Direct Materials,105.61,USD
ACD-102856,2025-04-16,2025-04,CC100 - Hakam Global Coffee,University,CC_BAR_01,520000,Direct Barista Labor & Payroll,COGS,Direct Labor,73.54,USD
ACD-102857,2025-04-16,2025-04,CC100 - Hakam Global Coffee,University,CC_BAR_01,530000,Packaging & Sustainable Cups,COGS,Packaging,26.77,USD
ACD-102858,2025-04-16,2025-04,CC100 - Hakam Global Coffee,University,CC_FAC_02,610000,Store Rent & Facility Lease,OPEX,Rent,43.41,USD
ACD-102859,2025-04-16,2025-04,CC100 - Hakam Global Coffee,University,CC_FAC_02,620000,Utilities (Power/Water/Gas),OPEX,Utilities,24.16,USD
ACD-102860,2025-04-16,2025-04,CC100 - Hakam Global Coffee,University,CC_MKT_03,640000,Digital Marketing & Channel Promo,OPEX,Marketing,14.44,USD
ACD-102861,2025-04-16,2025-04,CC100 - Hakam Global Coffee,University,CC_ADM_04,650000,Admin & IT Support Overhead,OPEX,Admin,12.3,USD
ACD-102862,2025-04-16,2025-04,CC100 - Hakam Global Coffee,University,CC_FAC_02,630000,Equipment Depreciation (Espresso/Grinders),Depreciation,Depreciation,18.16,USD
ACD-102863,2025-04-17,2025-04,CC100 - Hakam Global Coffee,Downtown,CC_BAR_01,410000,Gross Beverage & Food Revenue,Revenue,Revenue,789.0,USD
ACD-102864,2025-04-17,2025-04,CC100 - Hakam Global Coffee,Downtown,CC_BAR_01,510000,Direct Raw Materials (Beans/Dairy/Syrup),COGS,Direct Materials,175.5,USD
ACD-102865,2025-04-17,2025-04,CC100 - Hakam Global Coffee,Downtown,CC_BAR_01,520000,Direct Barista Labor & Payroll,COGS,Direct Labor,124.97,USD
ACD-102866,2025-04-17,2025-04,CC100 - Hakam Global Coffee,Downtown,CC_BAR_01,530000,Packaging & Sustainable Cups,COGS,Packaging,33.73,USD
ACD-102867,2025-04-17,2025-04,CC100 - Hakam Global Coffee,Downtown,CC_FAC_02,610000,Store Rent & Facility Lease,OPEX,Rent,66.14,USD
ACD-102868,2025-04-17,2025-04,CC100 - Hakam Global Coffee,Downtown,CC_FAC_02,620000,Utilities (Power/Water/Gas),OPEX,Utilities,38.63,USD
ACD-102869,2025-04-17,2025-04,CC100 - Hakam Global Coffee,Downtown,CC_MKT_03,640000,Digital Marketing & Channel Promo,OPEX,Marketing,25.43,USD
ACD-102870,2025-04-17,2025-04,CC100 - Hakam Global Coffee,Downtown,CC_ADM_04,650000,Admin & IT Support Overhead,OPEX,Admin,22.02,USD
ACD-102871,2025-04-17,2025-04,CC100 - Hakam Global Coffee,Downtown,CC_FAC_02,630000,Equipment Depreciation (Espresso/Grinders),Depreciation,Depreciation,31.08,USD
ACD-102872,2025-04-17,2025-04,CC100 - Hakam Global Coffee,Corporate Park,CC_BAR_01,410000,Gross Beverage & Food Revenue,Revenue,Revenue,752.14,USD
ACD-102873,2025-04-17,2025-04,CC100 - Hakam Global Coffee,Corporate Park,CC_BAR_01,510000,Direct Raw Materials (Beans/Dairy/Syrup),COGS,Direct Materials,195.24,USD
ACD-102874,2025-04-17,2025-04,CC100 - Hakam Global Coffee,Corporate Park,CC_BAR_01,520000,Direct Barista Labor & Payroll,COGS,Direct Labor,130.46,USD
ACD-102875,2025-04-17,2025-04,CC100 - Hakam Global Coffee,Corporate Park,CC_BAR_01,530000,Packaging & Sustainable Cups,COGS,Packaging,35.49,USD
ACD-102876,2025-04-17,2025-04,CC100 - Hakam Global Coffee,Corporate Park,CC_FAC_02,610000,Store Rent & Facility Lease,OPEX,Rent,64.27,USD
ACD-102877,2025-04-17,2025-04,CC100 - Hakam Global Coffee,Corporate Park,CC_FAC_02,620000,Utilities (Power/Water/Gas),OPEX,Utilities,27.39,USD
ACD-102878,2025-04-17,2025-04,CC100 - Hakam Global Coffee,Corporate Park,CC_MKT_03,640000,Digital Marketing & Channel Promo,OPEX,Marketing,27.44,USD
ACD-102879,2025-04-17,2025-04,CC100 - Hakam Global Coffee,Corporate Park,CC_ADM_04,650000,Admin & IT Support Overhead,OPEX,Admin,17.28,USD
ACD-102880,2025-04-17,2025-04,CC100 - Hakam Global Coffee,Corporate Park,CC_FAC_02,630000,Equipment Depreciation (Espresso/Grinders),Depreciation,Depreciation,21.72,USD
ACD-102881,2025-04-17,2025-04,CC100 - Hakam Global Coffee,University,CC_BAR_01,410000,Gross Beverage & Food Revenue,Revenue,Revenue,454.81,USD
ACD-102882,2025-04-17,2025-04,CC100 - Hakam Global Coffee,University,CC_BAR_01,510000,Direct Raw Materials (Beans/Dairy/Syrup),COGS,Direct Materials,105.86,USD
ACD-102883,2025-04-17,2025-04,CC100 - Hakam Global Coffee,University,CC_BAR_01,520000,Direct Barista Labor & Payroll,COGS,Direct Labor,71.21,USD
ACD-102884,2025-04-17,2025-04,CC100 - Hakam Global Coffee,University,CC_BAR_01,530000,Packaging & Sustainable Cups,COGS,Packaging,26.34,USD
ACD-102885,2025-04-17,2025-04,CC100 - Hakam Global Coffee,University,CC_FAC_02,610000,Store Rent & Facility Lease,OPEX,Rent,57.54,USD
ACD-102886,2025-04-17,2025-04,CC100 - Hakam Global Coffee,University,CC_FAC_02,620000,Utilities (Power/Water/Gas),OPEX,Utilities,17.77,USD
ACD-102887,2025-04-17,2025-04,CC100 - Hakam Global Coffee,University,CC_MKT_03,640000,Digital Marketing & Channel Promo,OPEX,Marketing,23.65,USD
ACD-102888,2025-04-17,2025-04,CC100 - Hakam Global Coffee,University,CC_ADM_04,650000,Admin & IT Support Overhead,OPEX,Admin,14.53,USD
ACD-102889,2025-04-17,2025-04,CC100 - Hakam Global Coffee,University,CC_FAC_02,630000,Equipment Depreciation (Espresso/Grinders),Depreciation,Depreciation,21.54,USD
ACD-102890,2025-04-18,2025-04,CC100 - Hakam Global Coffee,Downtown,CC_BAR_01,410000,Gross Beverage & Food Revenue,Revenue,Revenue,1265.43,USD
ACD-102891,2025-04-18,2025-04,CC100 - Hakam Global Coffee,Downtown,CC_BAR_01,510000,Direct Raw Materials (Beans/Dairy/Syrup),COGS,Direct Materials,327.69,USD
ACD-102892,2025-04-18,2025-04,CC100 - Hakam Global Coffee,Downtown,CC_BAR_01,520000,Direct Barista Labor & Payroll,COGS,Direct Labor,193.62,USD
ACD-102893,2025-04-18,2025-04,CC100 - Hakam Global Coffee,Downtown,CC_BAR_01,530000,Packaging & Sustainable Cups,COGS,Packaging,67.24,USD
ACD-102894,2025-04-18,2025-04,CC100 - Hakam Global Coffee,Downtown,CC_FAC_02,610000,Store Rent & Facility Lease,OPEX,Rent,67.95,USD
ACD-102895,2025-04-18,2025-04,CC100 - Hakam Global Coffee,Downtown,CC_FAC_02,620000,Utilities (Power/Water/Gas),OPEX,Utilities,37.52,USD
ACD-102896,2025-04-18,2025-04,CC100 - Hakam Global Coffee,Downtown,CC_MKT_03,640000,Digital Marketing & Channel Promo,OPEX,Marketing,32.3,USD
ACD-102897,2025-04-18,2025-04,CC100 - Hakam Global Coffee,Downtown,CC_ADM_04,650000,Admin & IT Support Overhead,OPEX,Admin,14.25,USD
ACD-102898,2025-04-18,2025-04,CC100 - Hakam Global Coffee,Downtown,CC_FAC_02,630000,Equipment Depreciation (Espresso/Grinders),Depreciation,Depreciation,33.7,USD
ACD-102899,2025-04-18,2025-04,CC100 - Hakam Global Coffee,Corporate Park,CC_BAR_01,410000,Gross Beverage & Food Revenue,Revenue,Revenue,741.5,USD
ACD-102900,2025-04-18,2025-04,CC100 - Hakam Global Coffee,Corporate Park,CC_BAR_01,510000,Direct Raw Materials (Beans/Dairy/Syrup),COGS,Direct Materials,188.24,USD
ACD-102901,2025-04-18,2025-04,CC100 - Hakam Global Coffee,Corporate Park,CC_BAR_01,520000,Direct Barista Labor & Payroll,COGS,Direct Labor,128.96,USD
ACD-102902,2025-04-18,2025-04,CC100 - Hakam Global Coffee,Corporate Park,CC_BAR_01,530000,Packaging & Sustainable Cups,COGS,Packaging,34.92,USD
ACD-102903,2025-04-18,2025-04,CC100 - Hakam Global Coffee,Corporate Park,CC_FAC_02,610000,Store Rent & Facility Lease,OPEX,Rent,71.05,USD
ACD-102904,2025-04-18,2025-04,CC100 - Hakam Global Coffee,Corporate Park,CC_FAC_02,620000,Utilities (Power/Water/Gas),OPEX,Utilities,32.36,USD
ACD-102905,2025-04-18,2025-04,CC100 - Hakam Global Coffee,Corporate Park,CC_MKT_03,640000,Digital Marketing & Channel Promo,OPEX,Marketing,16.43,USD
ACD-102906,2025-04-18,2025-04,CC100 - Hakam Global Coffee,Corporate Park,CC_ADM_04,650000,Admin & IT Support Overhead,OPEX,Admin,18.31,USD
ACD-102907,2025-04-18,2025-04,CC100 - Hakam Global Coffee,Corporate Park,CC_FAC_02,630000,Equipment Depreciation (Espresso/Grinders),Depreciation,Depreciation,26.52,USD
ACD-102908,2025-04-18,2025-04,CC100 - Hakam Global Coffee,University,CC_BAR_01,410000,Gross Beverage & Food Revenue,Revenue,Revenue,782.9,USD
ACD-102909,2025-04-18,2025-04,CC100 - Hakam Global Coffee,University,CC_BAR_01,510000,Direct Raw Materials (Beans/Dairy/Syrup),COGS,Direct Materials,200.86,USD
ACD-102910,2025-04-18,2025-04,CC100 - Hakam Global Coffee,University,CC_BAR_01,520000,Direct Barista Labor & Payroll,COGS,Direct Labor,118.1,USD
ACD-102911,2025-04-18,2025-04,CC100 - Hakam Global Coffee,University,CC_BAR_01,530000,Packaging & Sustainable Cups,COGS,Packaging,42.29,USD
ACD-102912,2025-04-18,2025-04,CC100 - Hakam Global Coffee,University,CC_FAC_02,610000,Store Rent & Facility Lease,OPEX,Rent,60.75,USD
ACD-102913,2025-04-18,2025-04,CC100 - Hakam Global Coffee,University,CC_FAC_02,620000,Utilities (Power/Water/Gas),OPEX,Utilities,23.53,USD
ACD-102914,2025-04-18,2025-04,CC100 - Hakam Global Coffee,University,CC_MKT_03,640000,Digital Marketing & Channel Promo,OPEX,Marketing,18.35,USD
ACD-102915,2025-04-18,2025-04,CC100 - Hakam Global Coffee,University,CC_ADM_04,650000,Admin & IT Support Overhead,OPEX,Admin,11.29,USD
ACD-102916,2025-04-18,2025-04,CC100 - Hakam Global Coffee,University,CC_FAC_02,630000,Equipment Depreciation (Espresso/Grinders),Depreciation,Depreciation,23.64,USD
ACD-102917,2025-04-19,2025-04,CC100 - Hakam Global Coffee,Downtown,CC_BAR_01,410000,Gross Beverage & Food Revenue,Revenue,Revenue,1205.7,USD
ACD-102918,2025-04-19,2025-04,CC100 - Hakam Global Coffee,Downtown,CC_BAR_01,510000,Direct Raw Materials (Beans/Dairy/Syrup),COGS,Direct Materials,288.99,USD
ACD-102919,2025-04-19,2025-04,CC100 - Hakam Global Coffee,Downtown,CC_BAR_01,520000,Direct Barista Labor & Payroll,COGS,Direct Labor,192.03,USD
ACD-102920,2025-04-19,2025-04,CC100 - Hakam Global Coffee,Downtown,CC_BAR_01,530000,Packaging & Sustainable Cups,COGS,Packaging,60.05,USD
ACD-102921,2025-04-19,2025-04,CC100 - Hakam Global Coffee,Downtown,CC_FAC_02,610000,Store Rent & Facility Lease,OPEX,Rent,63.19,USD
ACD-102922,2025-04-19,2025-04,CC100 - Hakam Global Coffee,Downtown,CC_FAC_02,620000,Utilities (Power/Water/Gas),OPEX,Utilities,28.07,USD
ACD-102923,2025-04-19,2025-04,CC100 - Hakam Global Coffee,Downtown,CC_MKT_03,640000,Digital Marketing & Channel Promo,OPEX,Marketing,20.04,USD
ACD-102924,2025-04-19,2025-04,CC100 - Hakam Global Coffee,Downtown,CC_ADM_04,650000,Admin & IT Support Overhead,OPEX,Admin,20.61,USD
ACD-102925,2025-04-19,2025-04,CC100 - Hakam Global Coffee,Downtown,CC_FAC_02,630000,Equipment Depreciation (Espresso/Grinders),Depreciation,Depreciation,20.26,USD
ACD-102926,2025-04-19,2025-04,CC100 - Hakam Global Coffee,Corporate Park,CC_BAR_01,410000,Gross Beverage & Food Revenue,Revenue,Revenue,1042.72,USD
ACD-102927,2025-04-19,2025-04,CC100 - Hakam Global Coffee,Corporate Park,CC_BAR_01,510000,Direct Raw Materials (Beans/Dairy/Syrup),COGS,Direct Materials,237.8,USD
ACD-102928,2025-04-19,2025-04,CC100 - Hakam Global Coffee,Corporate Park,CC_BAR_01,520000,Direct Barista Labor & Payroll,COGS,Direct Labor,160.49,USD
ACD-102929,2025-04-19,2025-04,CC100 - Hakam Global Coffee,Corporate Park,CC_BAR_01,530000,Packaging & Sustainable Cups,COGS,Packaging,56.66,USD
ACD-102930,2025-04-19,2025-04,CC100 - Hakam Global Coffee,Corporate Park,CC_FAC_02,610000,Store Rent & Facility Lease,OPEX,Rent,72.88,USD
ACD-102931,2025-04-19,2025-04,CC100 - Hakam Global Coffee,Corporate Park,CC_FAC_02,620000,Utilities (Power/Water/Gas),OPEX,Utilities,32.35,USD
ACD-102932,2025-04-19,2025-04,CC100 - Hakam Global Coffee,Corporate Park,CC_MKT_03,640000,Digital Marketing & Channel Promo,OPEX,Marketing,18.64,USD
ACD-102933,2025-04-19,2025-04,CC100 - Hakam Global Coffee,Corporate Park,CC_ADM_04,650000,Admin & IT Support Overhead,OPEX,Admin,11.75,USD
ACD-102934,2025-04-19,2025-04,CC100 - Hakam Global Coffee,Corporate Park,CC_FAC_02,630000,Equipment Depreciation (Espresso/Grinders),Depreciation,Depreciation,24.0,USD
ACD-102935,2025-04-19,2025-04,CC100 - Hakam Global Coffee,University,CC_BAR_01,410000,Gross Beverage & Food Revenue,Revenue,Revenue,861.14,USD
ACD-102936,2025-04-19,2025-04,CC100 - Hakam Global Coffee,University,CC_BAR_01,510000,Direct Raw Materials (Beans/Dairy/Syrup),COGS,Direct Materials,216.12,USD
ACD-102937,2025-04-19,2025-04,CC100 - Hakam Global Coffee,University,CC_BAR_01,520000,Direct Barista Labor & Payroll,COGS,Direct Labor,151.04,USD
ACD-102938,2025-04-19,2025-04,CC100 - Hakam Global Coffee,University,CC_BAR_01,530000,Packaging & Sustainable Cups,COGS,Packaging,49.27,USD
ACD-102939,2025-04-19,2025-04,CC100 - Hakam Global Coffee,University,CC_FAC_02,610000,Store Rent & Facility Lease,OPEX,Rent,61.0,USD
ACD-102940,2025-04-19,2025-04,CC100 - Hakam Global Coffee,University,CC_FAC_02,620000,Utilities (Power/Water/Gas),OPEX,Utilities,21.36,USD
ACD-102941,2025-04-19,2025-04,CC100 - Hakam Global Coffee,University,CC_MKT_03,640000,Digital Marketing & Channel Promo,OPEX,Marketing,23.03,USD
ACD-102942,2025-04-19,2025-04,CC100 - Hakam Global Coffee,University,CC_ADM_04,650000,Admin & IT Support Overhead,OPEX,Admin,13.26,USD
ACD-102943,2025-04-19,2025-04,CC100 - Hakam Global Coffee,University,CC_FAC_02,630000,Equipment Depreciation (Espresso/Grinders),Depreciation,Depreciation,15.21,USD
ACD-102944,2025-04-20,2025-04,CC100 - Hakam Global Coffee,Downtown,CC_BAR_01,410000,Gross Beverage & Food Revenue,Revenue,Revenue,912.14,USD
ACD-102945,2025-04-20,2025-04,CC100 - Hakam Global Coffee,Downtown,CC_BAR_01,510000,Direct Raw Materials (Beans/Dairy/Syrup),COGS,Direct Materials,205.65,USD
ACD-102946,2025-04-20,2025-04,CC100 - Hakam Global Coffee,Downtown,CC_BAR_01,520000,Direct Barista Labor & Payroll,COGS,Direct Labor,141.13,USD
ACD-102947,2025-04-20,2025-04,CC100 - Hakam Global Coffee,Downtown,CC_BAR_01,530000,Packaging & Sustainable Cups,COGS,Packaging,53.79,USD
ACD-102948,2025-04-20,2025-04,CC100 - Hakam Global Coffee,Downtown,CC_FAC_02,610000,Store Rent & Facility Lease,OPEX,Rent,82.13,USD
ACD-102949,2025-04-20,2025-04,CC100 - Hakam Global Coffee,Downtown,CC_FAC_02,620000,Utilities (Power/Water/Gas),OPEX,Utilities,39.86,USD
ACD-102950,2025-04-20,2025-04,CC100 - Hakam Global Coffee,Downtown,CC_MKT_03,640000,Digital Marketing & Channel Promo,OPEX,Marketing,27.59,USD
ACD-102951,2025-04-20,2025-04,CC100 - Hakam Global Coffee,Downtown,CC_ADM_04,650000,Admin & IT Support Overhead,OPEX,Admin,15.85,USD
ACD-102952,2025-04-20,2025-04,CC100 - Hakam Global Coffee,Downtown,CC_FAC_02,630000,Equipment Depreciation (Espresso/Grinders),Depreciation,Depreciation,33.33,USD
ACD-102953,2025-04-20,2025-04,CC100 - Hakam Global Coffee,Corporate Park,CC_BAR_01,410000,Gross Beverage & Food Revenue,Revenue,Revenue,945.97,USD
ACD-102954,2025-04-20,2025-04,CC100 - Hakam Global Coffee,Corporate Park,CC_BAR_01,510000,Direct Raw Materials (Beans/Dairy/Syrup),COGS,Direct Materials,243.26,USD
ACD-102955,2025-04-20,2025-04,CC100 - Hakam Global Coffee,Corporate Park,CC_BAR_01,520000,Direct Barista Labor & Payroll,COGS,Direct Labor,164.23,USD
ACD-102956,2025-04-20,2025-04,CC100 - Hakam Global Coffee,Corporate Park,CC_BAR_01,530000,Packaging & Sustainable Cups,COGS,Packaging,42.06,USD
ACD-102957,2025-04-20,2025-04,CC100 - Hakam Global Coffee,Corporate Park,CC_FAC_02,610000,Store Rent & Facility Lease,OPEX,Rent,65.3,USD
ACD-102958,2025-04-20,2025-04,CC100 - Hakam Global Coffee,Corporate Park,CC_FAC_02,620000,Utilities (Power/Water/Gas),OPEX,Utilities,23.12,USD
ACD-102959,2025-04-20,2025-04,CC100 - Hakam Global Coffee,Corporate Park,CC_MKT_03,640000,Digital Marketing & Channel Promo,OPEX,Marketing,18.39,USD
ACD-102960,2025-04-20,2025-04,CC100 - Hakam Global Coffee,Corporate Park,CC_ADM_04,650000,Admin & IT Support Overhead,OPEX,Admin,19.42,USD
ACD-102961,2025-04-20,2025-04,CC100 - Hakam Global Coffee,Corporate Park,CC_FAC_02,630000,Equipment Depreciation (Espresso/Grinders),Depreciation,Depreciation,18.71,USD
ACD-102962,2025-04-20,2025-04,CC100 - Hakam Global Coffee,University,CC_BAR_01,410000,Gross Beverage & Food Revenue,Revenue,Revenue,794.02,USD
ACD-102963,2025-04-20,2025-04,CC100 - Hakam Global Coffee,University,CC_BAR_01,510000,Direct Raw Materials (Beans/Dairy/Syrup),COGS,Direct Materials,204.82,USD
ACD-102964,2025-04-20,2025-04,CC100 - Hakam Global Coffee,University,CC_BAR_01,520000,Direct Barista Labor & Payroll,COGS,Direct Labor,141.7,USD
ACD-102965,2025-04-20,2025-04,CC100 - Hakam Global Coffee,University,CC_BAR_01,530000,Packaging & Sustainable Cups,COGS,Packaging,37.98,USD
ACD-102966,2025-04-20,2025-04,CC100 - Hakam Global Coffee,University,CC_FAC_02,610000,Store Rent & Facility Lease,OPEX,Rent,61.64,USD
ACD-102967,2025-04-20,2025-04,CC100 - Hakam Global Coffee,University,CC_FAC_02,620000,Utilities (Power/Water/Gas),OPEX,Utilities,28.1,USD
ACD-102968,2025-04-20,2025-04,CC100 - Hakam Global Coffee,University,CC_MKT_03,640000,Digital Marketing & Channel Promo,OPEX,Marketing,11.8,USD
ACD-102969,2025-04-20,2025-04,CC100 - Hakam Global Coffee,University,CC_ADM_04,650000,Admin & IT Support Overhead,OPEX,Admin,15.22,USD
ACD-102970,2025-04-20,2025-04,CC100 - Hakam Global Coffee,University,CC_FAC_02,630000,Equipment Depreciation (Espresso/Grinders),Depreciation,Depreciation,23.0,USD
ACD-102971,2025-04-21,2025-04,CC100 - Hakam Global Coffee,Downtown,CC_BAR_01,410000,Gross Beverage & Food Revenue,Revenue,Revenue,949.38,USD
ACD-102972,2025-04-21,2025-04,CC100 - Hakam Global Coffee,Downtown,CC_BAR_01,510000,Direct Raw Materials (Beans/Dairy/Syrup),COGS,Direct Materials,217.25,USD
ACD-102973,2025-04-21,2025-04,CC100 - Hakam Global Coffee,Downtown,CC_BAR_01,520000,Direct Barista Labor & Payroll,COGS,Direct Labor,158.51,USD
ACD-102974,2025-04-21,2025-04,CC100 - Hakam Global Coffee,Downtown,CC_BAR_01,530000,Packaging & Sustainable Cups,COGS,Packaging,55.76,USD
ACD-102975,2025-04-21,2025-04,CC100 - Hakam Global Coffee,Downtown,CC_FAC_02,610000,Store Rent & Facility Lease,OPEX,Rent,64.55,USD
ACD-102976,2025-04-21,2025-04,CC100 - Hakam Global Coffee,Downtown,CC_FAC_02,620000,Utilities (Power/Water/Gas),OPEX,Utilities,36.37,USD
ACD-102977,2025-04-21,2025-04,CC100 - Hakam Global Coffee,Downtown,CC_MKT_03,640000,Digital Marketing & Channel Promo,OPEX,Marketing,20.38,USD
ACD-102978,2025-04-21,2025-04,CC100 - Hakam Global Coffee,Downtown,CC_ADM_04,650000,Admin & IT Support Overhead,OPEX,Admin,26.76,USD
ACD-102979,2025-04-21,2025-04,CC100 - Hakam Global Coffee,Downtown,CC_FAC_02,630000,Equipment Depreciation (Espresso/Grinders),Depreciation,Depreciation,22.52,USD
ACD-102980,2025-04-21,2025-04,CC100 - Hakam Global Coffee,Corporate Park,CC_BAR_01,410000,Gross Beverage & Food Revenue,Revenue,Revenue,781.79,USD
ACD-102981,2025-04-21,2025-04,CC100 - Hakam Global Coffee,Corporate Park,CC_BAR_01,510000,Direct Raw Materials (Beans/Dairy/Syrup),COGS,Direct Materials,174.77,USD
ACD-102982,2025-04-21,2025-04,CC100 - Hakam Global Coffee,Corporate Park,CC_BAR_01,520000,Direct Barista Labor & Payroll,COGS,Direct Labor,133.9,USD
ACD-102983,2025-04-21,2025-04,CC100 - Hakam Global Coffee,Corporate Park,CC_BAR_01,530000,Packaging & Sustainable Cups,COGS,Packaging,41.26,USD
ACD-102984,2025-04-21,2025-04,CC100 - Hakam Global Coffee,Corporate Park,CC_FAC_02,610000,Store Rent & Facility Lease,OPEX,Rent,72.14,USD
ACD-102985,2025-04-21,2025-04,CC100 - Hakam Global Coffee,Corporate Park,CC_FAC_02,620000,Utilities (Power/Water/Gas),OPEX,Utilities,26.86,USD
ACD-102986,2025-04-21,2025-04,CC100 - Hakam Global Coffee,Corporate Park,CC_MKT_03,640000,Digital Marketing & Channel Promo,OPEX,Marketing,17.76,USD
ACD-102987,2025-04-21,2025-04,CC100 - Hakam Global Coffee,Corporate Park,CC_ADM_04,650000,Admin & IT Support Overhead,OPEX,Admin,14.37,USD
ACD-102988,2025-04-21,2025-04,CC100 - Hakam Global Coffee,Corporate Park,CC_FAC_02,630000,Equipment Depreciation (Espresso/Grinders),Depreciation,Depreciation,18.03,USD
ACD-102989,2025-04-21,2025-04,CC100 - Hakam Global Coffee,University,CC_BAR_01,410000,Gross Beverage & Food Revenue,Revenue,Revenue,475.62,USD
ACD-102990,2025-04-21,2025-04,CC100 - Hakam Global Coffee,University,CC_BAR_01,510000,Direct Raw Materials (Beans/Dairy/Syrup),COGS,Direct Materials,106.69,USD
ACD-102991,2025-04-21,2025-04,CC100 - Hakam Global Coffee,University,CC_BAR_01,520000,Direct Barista Labor & Payroll,COGS,Direct Labor,71.36,USD
ACD-102992,2025-04-21,2025-04,CC100 - Hakam Global Coffee,University,CC_BAR_01,530000,Packaging & Sustainable Cups,COGS,Packaging,22.7,USD
ACD-102993,2025-04-21,2025-04,CC100 - Hakam Global Coffee,University,CC_FAC_02,610000,Store Rent & Facility Lease,OPEX,Rent,56.67,USD
ACD-102994,2025-04-21,2025-04,CC100 - Hakam Global Coffee,University,CC_FAC_02,620000,Utilities (Power/Water/Gas),OPEX,Utilities,28.15,USD
ACD-102995,2025-04-21,2025-04,CC100 - Hakam Global Coffee,University,CC_MKT_03,640000,Digital Marketing & Channel Promo,OPEX,Marketing,22.32,USD
ACD-102996,2025-04-21,2025-04,CC100 - Hakam Global Coffee,University,CC_ADM_04,650000,Admin & IT Support Overhead,OPEX,Admin,14.18,USD
ACD-102997,2025-04-21,2025-04,CC100 - Hakam Global Coffee,University,CC_FAC_02,630000,Equipment Depreciation (Espresso/Grinders),Depreciation,Depreciation,17.85,USD
ACD-102998,2025-04-22,2025-04,CC100 - Hakam Global Coffee,Downtown,CC_BAR_01,410000,Gross Beverage & Food Revenue,Revenue,Revenue,787.21,USD
ACD-102999,2025-04-22,2025-04,CC100 - Hakam Global Coffee,Downtown,CC_BAR_01,510000,Direct Raw Materials (Beans/Dairy/Syrup),COGS,Direct Materials,176.38,USD
ACD-103000,2025-04-22,2025-04,CC100 - Hakam Global Coffee,Downtown,CC_BAR_01,520000,Direct Barista Labor & Payroll,COGS,Direct Labor,129.41,USD
ACD-103001,2025-04-22,2025-04,CC100 - Hakam Global Coffee,Downtown,CC_BAR_01,530000,Packaging & Sustainable Cups,COGS,Packaging,45.09,USD
ACD-103002,2025-04-22,2025-04,CC100 - Hakam Global Coffee,Downtown,CC_FAC_02,610000,Store Rent & Facility Lease,OPEX,Rent,78.33,USD
ACD-103003,2025-04-22,2025-04,CC100 - Hakam Global Coffee,Downtown,CC_FAC_02,620000,Utilities (Power/Water/Gas),OPEX,Utilities,35.43,USD
ACD-103004,2025-04-22,2025-04,CC100 - Hakam Global Coffee,Downtown,CC_MKT_03,640000,Digital Marketing & Channel Promo,OPEX,Marketing,19.05,USD
ACD-103005,2025-04-22,2025-04,CC100 - Hakam Global Coffee,Downtown,CC_ADM_04,650000,Admin & IT Support Overhead,OPEX,Admin,14.5,USD
ACD-103006,2025-04-22,2025-04,CC100 - Hakam Global Coffee,Downtown,CC_FAC_02,630000,Equipment Depreciation (Espresso/Grinders),Depreciation,Depreciation,31.67,USD
ACD-103007,2025-04-22,2025-04,CC100 - Hakam Global Coffee,Corporate Park,CC_BAR_01,410000,Gross Beverage & Food Revenue,Revenue,Revenue,588.28,USD
ACD-103008,2025-04-22,2025-04,CC100 - Hakam Global Coffee,Corporate Park,CC_BAR_01,510000,Direct Raw Materials (Beans/Dairy/Syrup),COGS,Direct Materials,136.92,USD
ACD-103009,2025-04-22,2025-04,CC100 - Hakam Global Coffee,Corporate Park,CC_BAR_01,520000,Direct Barista Labor & Payroll,COGS,Direct Labor,105.04,USD
ACD-103010,2025-04-22,2025-04,CC100 - Hakam Global Coffee,Corporate Park,CC_BAR_01,530000,Packaging & Sustainable Cups,COGS,Packaging,24.4,USD
ACD-103011,2025-04-22,2025-04,CC100 - Hakam Global Coffee,Corporate Park,CC_FAC_02,610000,Store Rent & Facility Lease,OPEX,Rent,55.66,USD
ACD-103012,2025-04-22,2025-04,CC100 - Hakam Global Coffee,Corporate Park,CC_FAC_02,620000,Utilities (Power/Water/Gas),OPEX,Utilities,25.88,USD
ACD-103013,2025-04-22,2025-04,CC100 - Hakam Global Coffee,Corporate Park,CC_MKT_03,640000,Digital Marketing & Channel Promo,OPEX,Marketing,24.74,USD
ACD-103014,2025-04-22,2025-04,CC100 - Hakam Global Coffee,Corporate Park,CC_ADM_04,650000,Admin & IT Support Overhead,OPEX,Admin,17.79,USD
ACD-103015,2025-04-22,2025-04,CC100 - Hakam Global Coffee,Corporate Park,CC_FAC_02,630000,Equipment Depreciation (Espresso/Grinders),Depreciation,Depreciation,27.58,USD
ACD-103016,2025-04-22,2025-04,CC100 - Hakam Global Coffee,University,CC_BAR_01,410000,Gross Beverage & Food Revenue,Revenue,Revenue,431.33,USD
ACD-103017,2025-04-22,2025-04,CC100 - Hakam Global Coffee,University,CC_BAR_01,510000,Direct Raw Materials (Beans/Dairy/Syrup),COGS,Direct Materials,105.14,USD
ACD-103018,2025-04-22,2025-04,CC100 - Hakam Global Coffee,University,CC_BAR_01,520000,Direct Barista Labor & Payroll,COGS,Direct Labor,72.64,USD
ACD-103019,2025-04-22,2025-04,CC100 - Hakam Global Coffee,University,CC_BAR_01,530000,Packaging & Sustainable Cups,COGS,Packaging,21.42,USD
ACD-103020,2025-04-22,2025-04,CC100 - Hakam Global Coffee,University,CC_FAC_02,610000,Store Rent & Facility Lease,OPEX,Rent,43.34,USD
ACD-103021,2025-04-22,2025-04,CC100 - Hakam Global Coffee,University,CC_FAC_02,620000,Utilities (Power/Water/Gas),OPEX,Utilities,27.84,USD
ACD-103022,2025-04-22,2025-04,CC100 - Hakam Global Coffee,University,CC_MKT_03,640000,Digital Marketing & Channel Promo,OPEX,Marketing,13.44,USD
ACD-103023,2025-04-22,2025-04,CC100 - Hakam Global Coffee,University,CC_ADM_04,650000,Admin & IT Support Overhead,OPEX,Admin,17.95,USD
ACD-103024,2025-04-22,2025-04,CC100 - Hakam Global Coffee,University,CC_FAC_02,630000,Equipment Depreciation (Espresso/Grinders),Depreciation,Depreciation,15.74,USD
ACD-103025,2025-04-23,2025-04,CC100 - Hakam Global Coffee,Downtown,CC_BAR_01,410000,Gross Beverage & Food Revenue,Revenue,Revenue,616.08,USD
ACD-103026,2025-04-23,2025-04,CC100 - Hakam Global Coffee,Downtown,CC_BAR_01,510000,Direct Raw Materials (Beans/Dairy/Syrup),COGS,Direct Materials,140.6,USD
ACD-103027,2025-04-23,2025-04,CC100 - Hakam Global Coffee,Downtown,CC_BAR_01,520000,Direct Barista Labor & Payroll,COGS,Direct Labor,95.92,USD
ACD-103028,2025-04-23,2025-04,CC100 - Hakam Global Coffee,Downtown,CC_BAR_01,530000,Packaging & Sustainable Cups,COGS,Packaging,33.23,USD
ACD-103029,2025-04-23,2025-04,CC100 - Hakam Global Coffee,Downtown,CC_FAC_02,610000,Store Rent & Facility Lease,OPEX,Rent,80.25,USD
ACD-103030,2025-04-23,2025-04,CC100 - Hakam Global Coffee,Downtown,CC_FAC_02,620000,Utilities (Power/Water/Gas),OPEX,Utilities,36.13,USD
ACD-103031,2025-04-23,2025-04,CC100 - Hakam Global Coffee,Downtown,CC_MKT_03,640000,Digital Marketing & Channel Promo,OPEX,Marketing,20.86,USD
ACD-103032,2025-04-23,2025-04,CC100 - Hakam Global Coffee,Downtown,CC_ADM_04,650000,Admin & IT Support Overhead,OPEX,Admin,17.3,USD
ACD-103033,2025-04-23,2025-04,CC100 - Hakam Global Coffee,Downtown,CC_FAC_02,630000,Equipment Depreciation (Espresso/Grinders),Depreciation,Depreciation,23.46,USD
ACD-103034,2025-04-23,2025-04,CC100 - Hakam Global Coffee,Corporate Park,CC_BAR_01,410000,Gross Beverage & Food Revenue,Revenue,Revenue,507.89,USD
ACD-103035,2025-04-23,2025-04,CC100 - Hakam Global Coffee,Corporate Park,CC_BAR_01,510000,Direct Raw Materials (Beans/Dairy/Syrup),COGS,Direct Materials,123.35,USD
ACD-103036,2025-04-23,2025-04,CC100 - Hakam Global Coffee,Corporate Park,CC_BAR_01,520000,Direct Barista Labor & Payroll,COGS,Direct Labor,88.98,USD
ACD-103037,2025-04-23,2025-04,CC100 - Hakam Global Coffee,Corporate Park,CC_BAR_01,530000,Packaging & Sustainable Cups,COGS,Packaging,21.88,USD
ACD-103038,2025-04-23,2025-04,CC100 - Hakam Global Coffee,Corporate Park,CC_FAC_02,610000,Store Rent & Facility Lease,OPEX,Rent,60.05,USD
ACD-103039,2025-04-23,2025-04,CC100 - Hakam Global Coffee,Corporate Park,CC_FAC_02,620000,Utilities (Power/Water/Gas),OPEX,Utilities,26.6,USD
ACD-103040,2025-04-23,2025-04,CC100 - Hakam Global Coffee,Corporate Park,CC_MKT_03,640000,Digital Marketing & Channel Promo,OPEX,Marketing,18.2,USD
ACD-103041,2025-04-23,2025-04,CC100 - Hakam Global Coffee,Corporate Park,CC_ADM_04,650000,Admin & IT Support Overhead,OPEX,Admin,19.11,USD
ACD-103042,2025-04-23,2025-04,CC100 - Hakam Global Coffee,Corporate Park,CC_FAC_02,630000,Equipment Depreciation (Espresso/Grinders),Depreciation,Depreciation,24.15,USD
ACD-103043,2025-04-23,2025-04,CC100 - Hakam Global Coffee,University,CC_BAR_01,410000,Gross Beverage & Food Revenue,Revenue,Revenue,460.19,USD
ACD-103044,2025-04-23,2025-04,CC100 - Hakam Global Coffee,University,CC_BAR_01,510000,Direct Raw Materials (Beans/Dairy/Syrup),COGS,Direct Materials,101.72,USD
ACD-103045,2025-04-23,2025-04,CC100 - Hakam Global Coffee,University,CC_BAR_01,520000,Direct Barista Labor & Payroll,COGS,Direct Labor,71.39,USD
ACD-103046,2025-04-23,2025-04,CC100 - Hakam Global Coffee,University,CC_BAR_01,530000,Packaging & Sustainable Cups,COGS,Packaging,21.09,USD
ACD-103047,2025-04-23,2025-04,CC100 - Hakam Global Coffee,University,CC_FAC_02,610000,Store Rent & Facility Lease,OPEX,Rent,44.31,USD
ACD-103048,2025-04-23,2025-04,CC100 - Hakam Global Coffee,University,CC_FAC_02,620000,Utilities (Power/Water/Gas),OPEX,Utilities,26.72,USD
ACD-103049,2025-04-23,2025-04,CC100 - Hakam Global Coffee,University,CC_MKT_03,640000,Digital Marketing & Channel Promo,OPEX,Marketing,15.21,USD
ACD-103050,2025-04-23,2025-04,CC100 - Hakam Global Coffee,University,CC_ADM_04,650000,Admin & IT Support Overhead,OPEX,Admin,13.28,USD
ACD-103051,2025-04-23,2025-04,CC100 - Hakam Global Coffee,University,CC_FAC_02,630000,Equipment Depreciation (Espresso/Grinders),Depreciation,Depreciation,18.9,USD
ACD-103052,2025-04-24,2025-04,CC100 - Hakam Global Coffee,Downtown,CC_BAR_01,410000,Gross Beverage & Food Revenue,Revenue,Revenue,831.46,USD
ACD-103053,2025-04-24,2025-04,CC100 - Hakam Global Coffee,Downtown,CC_BAR_01,510000,Direct Raw Materials (Beans/Dairy/Syrup),COGS,Direct Materials,185.95,USD
ACD-103054,2025-04-24,2025-04,CC100 - Hakam Global Coffee,Downtown,CC_BAR_01,520000,Direct Barista Labor & Payroll,COGS,Direct Labor,138.29,USD
ACD-103055,2025-04-24,2025-04,CC100 - Hakam Global Coffee,Downtown,CC_BAR_01,530000,Packaging & Sustainable Cups,COGS,Packaging,36.33,USD
ACD-103056,2025-04-24,2025-04,CC100 - Hakam Global Coffee,Downtown,CC_FAC_02,610000,Store Rent & Facility Lease,OPEX,Rent,84.66,USD
ACD-103057,2025-04-24,2025-04,CC100 - Hakam Global Coffee,Downtown,CC_FAC_02,620000,Utilities (Power/Water/Gas),OPEX,Utilities,30.28,USD
ACD-103058,2025-04-24,2025-04,CC100 - Hakam Global Coffee,Downtown,CC_MKT_03,640000,Digital Marketing & Channel Promo,OPEX,Marketing,24.02,USD
ACD-103059,2025-04-24,2025-04,CC100 - Hakam Global Coffee,Downtown,CC_ADM_04,650000,Admin & IT Support Overhead,OPEX,Admin,17.05,USD
ACD-103060,2025-04-24,2025-04,CC100 - Hakam Global Coffee,Downtown,CC_FAC_02,630000,Equipment Depreciation (Espresso/Grinders),Depreciation,Depreciation,26.53,USD
ACD-103061,2025-04-24,2025-04,CC100 - Hakam Global Coffee,Corporate Park,CC_BAR_01,410000,Gross Beverage & Food Revenue,Revenue,Revenue,565.78,USD
ACD-103062,2025-04-24,2025-04,CC100 - Hakam Global Coffee,Corporate Park,CC_BAR_01,510000,Direct Raw Materials (Beans/Dairy/Syrup),COGS,Direct Materials,130.55,USD
ACD-103063,2025-04-24,2025-04,CC100 - Hakam Global Coffee,Corporate Park,CC_BAR_01,520000,Direct Barista Labor & Payroll,COGS,Direct Labor,85.91,USD
ACD-103064,2025-04-24,2025-04,CC100 - Hakam Global Coffee,Corporate Park,CC_BAR_01,530000,Packaging & Sustainable Cups,COGS,Packaging,31.14,USD
ACD-103065,2025-04-24,2025-04,CC100 - Hakam Global Coffee,Corporate Park,CC_FAC_02,610000,Store Rent & Facility Lease,OPEX,Rent,67.1,USD
ACD-103066,2025-04-24,2025-04,CC100 - Hakam Global Coffee,Corporate Park,CC_FAC_02,620000,Utilities (Power/Water/Gas),OPEX,Utilities,21.88,USD
ACD-103067,2025-04-24,2025-04,CC100 - Hakam Global Coffee,Corporate Park,CC_MKT_03,640000,Digital Marketing & Channel Promo,OPEX,Marketing,18.94,USD
ACD-103068,2025-04-24,2025-04,CC100 - Hakam Global Coffee,Corporate Park,CC_ADM_04,650000,Admin & IT Support Overhead,OPEX,Admin,17.73,USD
ACD-103069,2025-04-24,2025-04,CC100 - Hakam Global Coffee,Corporate Park,CC_FAC_02,630000,Equipment Depreciation (Espresso/Grinders),Depreciation,Depreciation,28.41,USD
ACD-103070,2025-04-24,2025-04,CC100 - Hakam Global Coffee,University,CC_BAR_01,410000,Gross Beverage & Food Revenue,Revenue,Revenue,565.79,USD
ACD-103071,2025-04-24,2025-04,CC100 - Hakam Global Coffee,University,CC_BAR_01,510000,Direct Raw Materials (Beans/Dairy/Syrup),COGS,Direct Materials,137.0,USD
ACD-103072,2025-04-24,2025-04,CC100 - Hakam Global Coffee,University,CC_BAR_01,520000,Direct Barista Labor & Payroll,COGS,Direct Labor,99.14,USD
ACD-103073,2025-04-24,2025-04,CC100 - Hakam Global Coffee,University,CC_BAR_01,530000,Packaging & Sustainable Cups,COGS,Packaging,31.89,USD
ACD-103074,2025-04-24,2025-04,CC100 - Hakam Global Coffee,University,CC_FAC_02,610000,Store Rent & Facility Lease,OPEX,Rent,50.7,USD
ACD-103075,2025-04-24,2025-04,CC100 - Hakam Global Coffee,University,CC_FAC_02,620000,Utilities (Power/Water/Gas),OPEX,Utilities,23.2,USD
ACD-103076,2025-04-24,2025-04,CC100 - Hakam Global Coffee,University,CC_MKT_03,640000,Digital Marketing & Channel Promo,OPEX,Marketing,22.11,USD
ACD-103077,2025-04-24,2025-04,CC100 - Hakam Global Coffee,University,CC_ADM_04,650000,Admin & IT Support Overhead,OPEX,Admin,14.01,USD
ACD-103078,2025-04-24,2025-04,CC100 - Hakam Global Coffee,University,CC_FAC_02,630000,Equipment Depreciation (Espresso/Grinders),Depreciation,Depreciation,22.63,USD
ACD-103079,2025-04-25,2025-04,CC100 - Hakam Global Coffee,Downtown,CC_BAR_01,410000,Gross Beverage & Food Revenue,Revenue,Revenue,1000.48,USD
ACD-103080,2025-04-25,2025-04,CC100 - Hakam Global Coffee,Downtown,CC_BAR_01,510000,Direct Raw Materials (Beans/Dairy/Syrup),COGS,Direct Materials,223.27,USD
ACD-103081,2025-04-25,2025-04,CC100 - Hakam Global Coffee,Downtown,CC_BAR_01,520000,Direct Barista Labor & Payroll,COGS,Direct Labor,177.17,USD
ACD-103082,2025-04-25,2025-04,CC100 - Hakam Global Coffee,Downtown,CC_BAR_01,530000,Packaging & Sustainable Cups,COGS,Packaging,54.31,USD
ACD-103083,2025-04-25,2025-04,CC100 - Hakam Global Coffee,Downtown,CC_FAC_02,610000,Store Rent & Facility Lease,OPEX,Rent,74.31,USD
ACD-103084,2025-04-25,2025-04,CC100 - Hakam Global Coffee,Downtown,CC_FAC_02,620000,Utilities (Power/Water/Gas),OPEX,Utilities,38.89,USD
ACD-103085,2025-04-25,2025-04,CC100 - Hakam Global Coffee,Downtown,CC_MKT_03,640000,Digital Marketing & Channel Promo,OPEX,Marketing,30.25,USD
ACD-103086,2025-04-25,2025-04,CC100 - Hakam Global Coffee,Downtown,CC_ADM_04,650000,Admin & IT Support Overhead,OPEX,Admin,22.65,USD
ACD-103087,2025-04-25,2025-04,CC100 - Hakam Global Coffee,Downtown,CC_FAC_02,630000,Equipment Depreciation (Espresso/Grinders),Depreciation,Depreciation,28.62,USD
ACD-103088,2025-04-25,2025-04,CC100 - Hakam Global Coffee,Corporate Park,CC_BAR_01,410000,Gross Beverage & Food Revenue,Revenue,Revenue,698.75,USD
ACD-103089,2025-04-25,2025-04,CC100 - Hakam Global Coffee,Corporate Park,CC_BAR_01,510000,Direct Raw Materials (Beans/Dairy/Syrup),COGS,Direct Materials,174.89,USD
ACD-103090,2025-04-25,2025-04,CC100 - Hakam Global Coffee,Corporate Park,CC_BAR_01,520000,Direct Barista Labor & Payroll,COGS,Direct Labor,108.44,USD
ACD-103091,2025-04-25,2025-04,CC100 - Hakam Global Coffee,Corporate Park,CC_BAR_01,530000,Packaging & Sustainable Cups,COGS,Packaging,41.71,USD
ACD-103092,2025-04-25,2025-04,CC100 - Hakam Global Coffee,Corporate Park,CC_FAC_02,610000,Store Rent & Facility Lease,OPEX,Rent,74.11,USD
ACD-103093,2025-04-25,2025-04,CC100 - Hakam Global Coffee,Corporate Park,CC_FAC_02,620000,Utilities (Power/Water/Gas),OPEX,Utilities,31.86,USD
ACD-103094,2025-04-25,2025-04,CC100 - Hakam Global Coffee,Corporate Park,CC_MKT_03,640000,Digital Marketing & Channel Promo,OPEX,Marketing,15.69,USD
ACD-103095,2025-04-25,2025-04,CC100 - Hakam Global Coffee,Corporate Park,CC_ADM_04,650000,Admin & IT Support Overhead,OPEX,Admin,16.37,USD
ACD-103096,2025-04-25,2025-04,CC100 - Hakam Global Coffee,Corporate Park,CC_FAC_02,630000,Equipment Depreciation (Espresso/Grinders),Depreciation,Depreciation,28.62,USD
ACD-103097,2025-04-25,2025-04,CC100 - Hakam Global Coffee,University,CC_BAR_01,410000,Gross Beverage & Food Revenue,Revenue,Revenue,689.48,USD
ACD-103098,2025-04-25,2025-04,CC100 - Hakam Global Coffee,University,CC_BAR_01,510000,Direct Raw Materials (Beans/Dairy/Syrup),COGS,Direct Materials,179.19,USD
ACD-103099,2025-04-25,2025-04,CC100 - Hakam Global Coffee,University,CC_BAR_01,520000,Direct Barista Labor & Payroll,COGS,Direct Labor,116.4,USD
ACD-103100,2025-04-25,2025-04,CC100 - Hakam Global Coffee,University,CC_BAR_01,530000,Packaging & Sustainable Cups,COGS,Packaging,39.08,USD
ACD-103101,2025-04-25,2025-04,CC100 - Hakam Global Coffee,University,CC_FAC_02,610000,Store Rent & Facility Lease,OPEX,Rent,47.65,USD
ACD-103102,2025-04-25,2025-04,CC100 - Hakam Global Coffee,University,CC_FAC_02,620000,Utilities (Power/Water/Gas),OPEX,Utilities,27.48,USD
ACD-103103,2025-04-25,2025-04,CC100 - Hakam Global Coffee,University,CC_MKT_03,640000,Digital Marketing & Channel Promo,OPEX,Marketing,22.69,USD
ACD-103104,2025-04-25,2025-04,CC100 - Hakam Global Coffee,University,CC_ADM_04,650000,Admin & IT Support Overhead,OPEX,Admin,10.14,USD
ACD-103105,2025-04-25,2025-04,CC100 - Hakam Global Coffee,University,CC_FAC_02,630000,Equipment Depreciation (Espresso/Grinders),Depreciation,Depreciation,17.94,USD
ACD-103106,2025-04-26,2025-04,CC100 - Hakam Global Coffee,Downtown,CC_BAR_01,410000,Gross Beverage & Food Revenue,Revenue,Revenue,960.54,USD
ACD-103107,2025-04-26,2025-04,CC100 - Hakam Global Coffee,Downtown,CC_BAR_01,510000,Direct Raw Materials (Beans/Dairy/Syrup),COGS,Direct Materials,223.85,USD
ACD-103108,2025-04-26,2025-04,CC100 - Hakam Global Coffee,Downtown,CC_BAR_01,520000,Direct Barista Labor & Payroll,COGS,Direct Labor,152.04,USD
ACD-103109,2025-04-26,2025-04,CC100 - Hakam Global Coffee,Downtown,CC_BAR_01,530000,Packaging & Sustainable Cups,COGS,Packaging,47.22,USD
ACD-103110,2025-04-26,2025-04,CC100 - Hakam Global Coffee,Downtown,CC_FAC_02,610000,Store Rent & Facility Lease,OPEX,Rent,84.33,USD
ACD-103111,2025-04-26,2025-04,CC100 - Hakam Global Coffee,Downtown,CC_FAC_02,620000,Utilities (Power/Water/Gas),OPEX,Utilities,37.04,USD
ACD-103112,2025-04-26,2025-04,CC100 - Hakam Global Coffee,Downtown,CC_MKT_03,640000,Digital Marketing & Channel Promo,OPEX,Marketing,27.13,USD
ACD-103113,2025-04-26,2025-04,CC100 - Hakam Global Coffee,Downtown,CC_ADM_04,650000,Admin & IT Support Overhead,OPEX,Admin,20.55,USD
ACD-103114,2025-04-26,2025-04,CC100 - Hakam Global Coffee,Downtown,CC_FAC_02,630000,Equipment Depreciation (Espresso/Grinders),Depreciation,Depreciation,25.91,USD
ACD-103115,2025-04-26,2025-04,CC100 - Hakam Global Coffee,Corporate Park,CC_BAR_01,410000,Gross Beverage & Food Revenue,Revenue,Revenue,825.6,USD
ACD-103116,2025-04-26,2025-04,CC100 - Hakam Global Coffee,Corporate Park,CC_BAR_01,510000,Direct Raw Materials (Beans/Dairy/Syrup),COGS,Direct Materials,186.53,USD
ACD-103117,2025-04-26,2025-04,CC100 - Hakam Global Coffee,Corporate Park,CC_BAR_01,520000,Direct Barista Labor & Payroll,COGS,Direct Labor,138.4,USD
ACD-103118,2025-04-26,2025-04,CC100 - Hakam Global Coffee,Corporate Park,CC_BAR_01,530000,Packaging & Sustainable Cups,COGS,Packaging,45.55,USD
ACD-103119,2025-04-26,2025-04,CC100 - Hakam Global Coffee,Corporate Park,CC_FAC_02,610000,Store Rent & Facility Lease,OPEX,Rent,73.36,USD
ACD-103120,2025-04-26,2025-04,CC100 - Hakam Global Coffee,Corporate Park,CC_FAC_02,620000,Utilities (Power/Water/Gas),OPEX,Utilities,33.46,USD
ACD-103121,2025-04-26,2025-04,CC100 - Hakam Global Coffee,Corporate Park,CC_MKT_03,640000,Digital Marketing & Channel Promo,OPEX,Marketing,22.21,USD
ACD-103122,2025-04-26,2025-04,CC100 - Hakam Global Coffee,Corporate Park,CC_ADM_04,650000,Admin & IT Support Overhead,OPEX,Admin,12.66,USD
ACD-103123,2025-04-26,2025-04,CC100 - Hakam Global Coffee,Corporate Park,CC_FAC_02,630000,Equipment Depreciation (Espresso/Grinders),Depreciation,Depreciation,20.54,USD
ACD-103124,2025-04-26,2025-04,CC100 - Hakam Global Coffee,University,CC_BAR_01,410000,Gross Beverage & Food Revenue,Revenue,Revenue,725.19,USD
ACD-103125,2025-04-26,2025-04,CC100 - Hakam Global Coffee,University,CC_BAR_01,510000,Direct Raw Materials (Beans/Dairy/Syrup),COGS,Direct Materials,169.52,USD
ACD-103126,2025-04-26,2025-04,CC100 - Hakam Global Coffee,University,CC_BAR_01,520000,Direct Barista Labor & Payroll,COGS,Direct Labor,117.72,USD
ACD-103127,2025-04-26,2025-04,CC100 - Hakam Global Coffee,University,CC_BAR_01,530000,Packaging & Sustainable Cups,COGS,Packaging,34.56,USD
ACD-103128,2025-04-26,2025-04,CC100 - Hakam Global Coffee,University,CC_FAC_02,610000,Store Rent & Facility Lease,OPEX,Rent,51.98,USD
ACD-103129,2025-04-26,2025-04,CC100 - Hakam Global Coffee,University,CC_FAC_02,620000,Utilities (Power/Water/Gas),OPEX,Utilities,24.04,USD
ACD-103130,2025-04-26,2025-04,CC100 - Hakam Global Coffee,University,CC_MKT_03,640000,Digital Marketing & Channel Promo,OPEX,Marketing,11.86,USD
ACD-103131,2025-04-26,2025-04,CC100 - Hakam Global Coffee,University,CC_ADM_04,650000,Admin & IT Support Overhead,OPEX,Admin,12.12,USD
ACD-103132,2025-04-26,2025-04,CC100 - Hakam Global Coffee,University,CC_FAC_02,630000,Equipment Depreciation (Espresso/Grinders),Depreciation,Depreciation,15.62,USD
ACD-103133,2025-04-27,2025-04,CC100 - Hakam Global Coffee,Downtown,CC_BAR_01,410000,Gross Beverage & Food Revenue,Revenue,Revenue,1067.51,USD
ACD-103134,2025-04-27,2025-04,CC100 - Hakam Global Coffee,Downtown,CC_BAR_01,510000,Direct Raw Materials (Beans/Dairy/Syrup),COGS,Direct Materials,264.47,USD
ACD-103135,2025-04-27,2025-04,CC100 - Hakam Global Coffee,Downtown,CC_BAR_01,520000,Direct Barista Labor & Payroll,COGS,Direct Labor,161.37,USD
ACD-103136,2025-04-27,2025-04,CC100 - Hakam Global Coffee,Downtown,CC_BAR_01,530000,Packaging & Sustainable Cups,COGS,Packaging,61.69,USD
ACD-103137,2025-04-27,2025-04,CC100 - Hakam Global Coffee,Downtown,CC_FAC_02,610000,Store Rent & Facility Lease,OPEX,Rent,69.7,USD
ACD-103138,2025-04-27,2025-04,CC100 - Hakam Global Coffee,Downtown,CC_FAC_02,620000,Utilities (Power/Water/Gas),OPEX,Utilities,28.15,USD
ACD-103139,2025-04-27,2025-04,CC100 - Hakam Global Coffee,Downtown,CC_MKT_03,640000,Digital Marketing & Channel Promo,OPEX,Marketing,29.29,USD
ACD-103140,2025-04-27,2025-04,CC100 - Hakam Global Coffee,Downtown,CC_ADM_04,650000,Admin & IT Support Overhead,OPEX,Admin,25.93,USD
ACD-103141,2025-04-27,2025-04,CC100 - Hakam Global Coffee,Downtown,CC_FAC_02,630000,Equipment Depreciation (Espresso/Grinders),Depreciation,Depreciation,32.36,USD
ACD-103142,2025-04-27,2025-04,CC100 - Hakam Global Coffee,Corporate Park,CC_BAR_01,410000,Gross Beverage & Food Revenue,Revenue,Revenue,655.6,USD
ACD-103143,2025-04-27,2025-04,CC100 - Hakam Global Coffee,Corporate Park,CC_BAR_01,510000,Direct Raw Materials (Beans/Dairy/Syrup),COGS,Direct Materials,165.67,USD
ACD-103144,2025-04-27,2025-04,CC100 - Hakam Global Coffee,Corporate Park,CC_BAR_01,520000,Direct Barista Labor & Payroll,COGS,Direct Labor,104.3,USD
ACD-103145,2025-04-27,2025-04,CC100 - Hakam Global Coffee,Corporate Park,CC_BAR_01,530000,Packaging & Sustainable Cups,COGS,Packaging,29.9,USD
ACD-103146,2025-04-27,2025-04,CC100 - Hakam Global Coffee,Corporate Park,CC_FAC_02,610000,Store Rent & Facility Lease,OPEX,Rent,63.06,USD
ACD-103147,2025-04-27,2025-04,CC100 - Hakam Global Coffee,Corporate Park,CC_FAC_02,620000,Utilities (Power/Water/Gas),OPEX,Utilities,30.31,USD
ACD-103148,2025-04-27,2025-04,CC100 - Hakam Global Coffee,Corporate Park,CC_MKT_03,640000,Digital Marketing & Channel Promo,OPEX,Marketing,15.27,USD
ACD-103149,2025-04-27,2025-04,CC100 - Hakam Global Coffee,Corporate Park,CC_ADM_04,650000,Admin & IT Support Overhead,OPEX,Admin,21.49,USD
ACD-103150,2025-04-27,2025-04,CC100 - Hakam Global Coffee,Corporate Park,CC_FAC_02,630000,Equipment Depreciation (Espresso/Grinders),Depreciation,Depreciation,18.8,USD
ACD-103151,2025-04-27,2025-04,CC100 - Hakam Global Coffee,University,CC_BAR_01,410000,Gross Beverage & Food Revenue,Revenue,Revenue,881.44,USD
ACD-103152,2025-04-27,2025-04,CC100 - Hakam Global Coffee,University,CC_BAR_01,510000,Direct Raw Materials (Beans/Dairy/Syrup),COGS,Direct Materials,209.54,USD
ACD-103153,2025-04-27,2025-04,CC100 - Hakam Global Coffee,University,CC_BAR_01,520000,Direct Barista Labor & Payroll,COGS,Direct Labor,154.05,USD
ACD-103154,2025-04-27,2025-04,CC100 - Hakam Global Coffee,University,CC_BAR_01,530000,Packaging & Sustainable Cups,COGS,Packaging,40.01,USD
ACD-103155,2025-04-27,2025-04,CC100 - Hakam Global Coffee,University,CC_FAC_02,610000,Store Rent & Facility Lease,OPEX,Rent,50.67,USD
ACD-103156,2025-04-27,2025-04,CC100 - Hakam Global Coffee,University,CC_FAC_02,620000,Utilities (Power/Water/Gas),OPEX,Utilities,24.46,USD
ACD-103157,2025-04-27,2025-04,CC100 - Hakam Global Coffee,University,CC_MKT_03,640000,Digital Marketing & Channel Promo,OPEX,Marketing,13.72,USD
ACD-103158,2025-04-27,2025-04,CC100 - Hakam Global Coffee,University,CC_ADM_04,650000,Admin & IT Support Overhead,OPEX,Admin,11.51,USD
ACD-103159,2025-04-27,2025-04,CC100 - Hakam Global Coffee,University,CC_FAC_02,630000,Equipment Depreciation (Espresso/Grinders),Depreciation,Depreciation,22.08,USD
ACD-103160,2025-04-28,2025-04,CC100 - Hakam Global Coffee,Downtown,CC_BAR_01,410000,Gross Beverage & Food Revenue,Revenue,Revenue,862.2,USD
ACD-103161,2025-04-28,2025-04,CC100 - Hakam Global Coffee,Downtown,CC_BAR_01,510000,Direct Raw Materials (Beans/Dairy/Syrup),COGS,Direct Materials,215.88,USD
ACD-103162,2025-04-28,2025-04,CC100 - Hakam Global Coffee,Downtown,CC_BAR_01,520000,Direct Barista Labor & Payroll,COGS,Direct Labor,151.76,USD
ACD-103163,2025-04-28,2025-04,CC100 - Hakam Global Coffee,Downtown,CC_BAR_01,530000,Packaging & Sustainable Cups,COGS,Packaging,48.65,USD
ACD-103164,2025-04-28,2025-04,CC100 - Hakam Global Coffee,Downtown,CC_FAC_02,610000,Store Rent & Facility Lease,OPEX,Rent,74.66,USD
ACD-103165,2025-04-28,2025-04,CC100 - Hakam Global Coffee,Downtown,CC_FAC_02,620000,Utilities (Power/Water/Gas),OPEX,Utilities,26.88,USD
ACD-103166,2025-04-28,2025-04,CC100 - Hakam Global Coffee,Downtown,CC_MKT_03,640000,Digital Marketing & Channel Promo,OPEX,Marketing,21.66,USD
ACD-103167,2025-04-28,2025-04,CC100 - Hakam Global Coffee,Downtown,CC_ADM_04,650000,Admin & IT Support Overhead,OPEX,Admin,20.34,USD
ACD-103168,2025-04-28,2025-04,CC100 - Hakam Global Coffee,Downtown,CC_FAC_02,630000,Equipment Depreciation (Espresso/Grinders),Depreciation,Depreciation,22.08,USD
ACD-103169,2025-04-28,2025-04,CC100 - Hakam Global Coffee,Corporate Park,CC_BAR_01,410000,Gross Beverage & Food Revenue,Revenue,Revenue,770.64,USD
ACD-103170,2025-04-28,2025-04,CC100 - Hakam Global Coffee,Corporate Park,CC_BAR_01,510000,Direct Raw Materials (Beans/Dairy/Syrup),COGS,Direct Materials,196.65,USD
ACD-103171,2025-04-28,2025-04,CC100 - Hakam Global Coffee,Corporate Park,CC_BAR_01,520000,Direct Barista Labor & Payroll,COGS,Direct Labor,116.27,USD
ACD-103172,2025-04-28,2025-04,CC100 - Hakam Global Coffee,Corporate Park,CC_BAR_01,530000,Packaging & Sustainable Cups,COGS,Packaging,33.8,USD
ACD-103173,2025-04-28,2025-04,CC100 - Hakam Global Coffee,Corporate Park,CC_FAC_02,610000,Store Rent & Facility Lease,OPEX,Rent,70.91,USD
ACD-103174,2025-04-28,2025-04,CC100 - Hakam Global Coffee,Corporate Park,CC_FAC_02,620000,Utilities (Power/Water/Gas),OPEX,Utilities,32.25,USD
ACD-103175,2025-04-28,2025-04,CC100 - Hakam Global Coffee,Corporate Park,CC_MKT_03,640000,Digital Marketing & Channel Promo,OPEX,Marketing,17.53,USD
ACD-103176,2025-04-28,2025-04,CC100 - Hakam Global Coffee,Corporate Park,CC_ADM_04,650000,Admin & IT Support Overhead,OPEX,Admin,16.75,USD
ACD-103177,2025-04-28,2025-04,CC100 - Hakam Global Coffee,Corporate Park,CC_FAC_02,630000,Equipment Depreciation (Espresso/Grinders),Depreciation,Depreciation,27.81,USD
ACD-103178,2025-04-28,2025-04,CC100 - Hakam Global Coffee,University,CC_BAR_01,410000,Gross Beverage & Food Revenue,Revenue,Revenue,596.9,USD
ACD-103179,2025-04-28,2025-04,CC100 - Hakam Global Coffee,University,CC_BAR_01,510000,Direct Raw Materials (Beans/Dairy/Syrup),COGS,Direct Materials,137.86,USD
ACD-103180,2025-04-28,2025-04,CC100 - Hakam Global Coffee,University,CC_BAR_01,520000,Direct Barista Labor & Payroll,COGS,Direct Labor,104.28,USD
ACD-103181,2025-04-28,2025-04,CC100 - Hakam Global Coffee,University,CC_BAR_01,530000,Packaging & Sustainable Cups,COGS,Packaging,29.91,USD
ACD-103182,2025-04-28,2025-04,CC100 - Hakam Global Coffee,University,CC_FAC_02,610000,Store Rent & Facility Lease,OPEX,Rent,54.82,USD
ACD-103183,2025-04-28,2025-04,CC100 - Hakam Global Coffee,University,CC_FAC_02,620000,Utilities (Power/Water/Gas),OPEX,Utilities,18.51,USD
ACD-103184,2025-04-28,2025-04,CC100 - Hakam Global Coffee,University,CC_MKT_03,640000,Digital Marketing & Channel Promo,OPEX,Marketing,11.78,USD
ACD-103185,2025-04-28,2025-04,CC100 - Hakam Global Coffee,University,CC_ADM_04,650000,Admin & IT Support Overhead,OPEX,Admin,13.04,USD
ACD-103186,2025-04-28,2025-04,CC100 - Hakam Global Coffee,University,CC_FAC_02,630000,Equipment Depreciation (Espresso/Grinders),Depreciation,Depreciation,19.89,USD
ACD-103187,2025-04-29,2025-04,CC100 - Hakam Global Coffee,Downtown,CC_BAR_01,410000,Gross Beverage & Food Revenue,Revenue,Revenue,645.45,USD
ACD-103188,2025-04-29,2025-04,CC100 - Hakam Global Coffee,Downtown,CC_BAR_01,510000,Direct Raw Materials (Beans/Dairy/Syrup),COGS,Direct Materials,164.47,USD
ACD-103189,2025-04-29,2025-04,CC100 - Hakam Global Coffee,Downtown,CC_BAR_01,520000,Direct Barista Labor & Payroll,COGS,Direct Labor,108.18,USD
ACD-103190,2025-04-29,2025-04,CC100 - Hakam Global Coffee,Downtown,CC_BAR_01,530000,Packaging & Sustainable Cups,COGS,Packaging,30.33,USD
ACD-103191,2025-04-29,2025-04,CC100 - Hakam Global Coffee,Downtown,CC_FAC_02,610000,Store Rent & Facility Lease,OPEX,Rent,65.16,USD
ACD-103192,2025-04-29,2025-04,CC100 - Hakam Global Coffee,Downtown,CC_FAC_02,620000,Utilities (Power/Water/Gas),OPEX,Utilities,38.79,USD
ACD-103193,2025-04-29,2025-04,CC100 - Hakam Global Coffee,Downtown,CC_MKT_03,640000,Digital Marketing & Channel Promo,OPEX,Marketing,29.34,USD
ACD-103194,2025-04-29,2025-04,CC100 - Hakam Global Coffee,Downtown,CC_ADM_04,650000,Admin & IT Support Overhead,OPEX,Admin,22.8,USD
ACD-103195,2025-04-29,2025-04,CC100 - Hakam Global Coffee,Downtown,CC_FAC_02,630000,Equipment Depreciation (Espresso/Grinders),Depreciation,Depreciation,24.1,USD
ACD-103196,2025-04-29,2025-04,CC100 - Hakam Global Coffee,Corporate Park,CC_BAR_01,410000,Gross Beverage & Food Revenue,Revenue,Revenue,618.32,USD
ACD-103197,2025-04-29,2025-04,CC100 - Hakam Global Coffee,Corporate Park,CC_BAR_01,510000,Direct Raw Materials (Beans/Dairy/Syrup),COGS,Direct Materials,140.06,USD
ACD-103198,2025-04-29,2025-04,CC100 - Hakam Global Coffee,Corporate Park,CC_BAR_01,520000,Direct Barista Labor & Payroll,COGS,Direct Labor,103.36,USD
ACD-103199,2025-04-29,2025-04,CC100 - Hakam Global Coffee,Corporate Park,CC_BAR_01,530000,Packaging & Sustainable Cups,COGS,Packaging,36.67,USD
ACD-103200,2025-04-29,2025-04,CC100 - Hakam Global Coffee,Corporate Park,CC_FAC_02,610000,Store Rent & Facility Lease,OPEX,Rent,71.46,USD
ACD-103201,2025-04-29,2025-04,CC100 - Hakam Global Coffee,Corporate Park,CC_FAC_02,620000,Utilities (Power/Water/Gas),OPEX,Utilities,29.63,USD
ACD-103202,2025-04-29,2025-04,CC100 - Hakam Global Coffee,Corporate Park,CC_MKT_03,640000,Digital Marketing & Channel Promo,OPEX,Marketing,23.93,USD
ACD-103203,2025-04-29,2025-04,CC100 - Hakam Global Coffee,Corporate Park,CC_ADM_04,650000,Admin & IT Support Overhead,OPEX,Admin,14.59,USD
ACD-103204,2025-04-29,2025-04,CC100 - Hakam Global Coffee,Corporate Park,CC_FAC_02,630000,Equipment Depreciation (Espresso/Grinders),Depreciation,Depreciation,21.96,USD
ACD-103205,2025-04-29,2025-04,CC100 - Hakam Global Coffee,University,CC_BAR_01,410000,Gross Beverage & Food Revenue,Revenue,Revenue,411.55,USD
ACD-103206,2025-04-29,2025-04,CC100 - Hakam Global Coffee,University,CC_BAR_01,510000,Direct Raw Materials (Beans/Dairy/Syrup),COGS,Direct Materials,103.39,USD
ACD-103207,2025-04-29,2025-04,CC100 - Hakam Global Coffee,University,CC_BAR_01,520000,Direct Barista Labor & Payroll,COGS,Direct Labor,71.21,USD
ACD-103208,2025-04-29,2025-04,CC100 - Hakam Global Coffee,University,CC_BAR_01,530000,Packaging & Sustainable Cups,COGS,Packaging,16.54,USD
ACD-103209,2025-04-29,2025-04,CC100 - Hakam Global Coffee,University,CC_FAC_02,610000,Store Rent & Facility Lease,OPEX,Rent,60.07,USD
ACD-103210,2025-04-29,2025-04,CC100 - Hakam Global Coffee,University,CC_FAC_02,620000,Utilities (Power/Water/Gas),OPEX,Utilities,24.48,USD
ACD-103211,2025-04-29,2025-04,CC100 - Hakam Global Coffee,University,CC_MKT_03,640000,Digital Marketing & Channel Promo,OPEX,Marketing,18.82,USD
ACD-103212,2025-04-29,2025-04,CC100 - Hakam Global Coffee,University,CC_ADM_04,650000,Admin & IT Support Overhead,OPEX,Admin,9.58,USD
ACD-103213,2025-04-29,2025-04,CC100 - Hakam Global Coffee,University,CC_FAC_02,630000,Equipment Depreciation (Espresso/Grinders),Depreciation,Depreciation,16.65,USD
ACD-103214,2025-04-30,2025-04,CC100 - Hakam Global Coffee,Downtown,CC_BAR_01,410000,Gross Beverage & Food Revenue,Revenue,Revenue,886.88,USD
ACD-103215,2025-04-30,2025-04,CC100 - Hakam Global Coffee,Downtown,CC_BAR_01,510000,Direct Raw Materials (Beans/Dairy/Syrup),COGS,Direct Materials,205.95,USD
ACD-103216,2025-04-30,2025-04,CC100 - Hakam Global Coffee,Downtown,CC_BAR_01,520000,Direct Barista Labor & Payroll,COGS,Direct Labor,158.76,USD
ACD-103217,2025-04-30,2025-04,CC100 - Hakam Global Coffee,Downtown,CC_BAR_01,530000,Packaging & Sustainable Cups,COGS,Packaging,46.88,USD
ACD-103218,2025-04-30,2025-04,CC100 - Hakam Global Coffee,Downtown,CC_FAC_02,610000,Store Rent & Facility Lease,OPEX,Rent,72.19,USD
ACD-103219,2025-04-30,2025-04,CC100 - Hakam Global Coffee,Downtown,CC_FAC_02,620000,Utilities (Power/Water/Gas),OPEX,Utilities,30.4,USD
ACD-103220,2025-04-30,2025-04,CC100 - Hakam Global Coffee,Downtown,CC_MKT_03,640000,Digital Marketing & Channel Promo,OPEX,Marketing,22.32,USD
ACD-103221,2025-04-30,2025-04,CC100 - Hakam Global Coffee,Downtown,CC_ADM_04,650000,Admin & IT Support Overhead,OPEX,Admin,16.9,USD
ACD-103222,2025-04-30,2025-04,CC100 - Hakam Global Coffee,Downtown,CC_FAC_02,630000,Equipment Depreciation (Espresso/Grinders),Depreciation,Depreciation,26.55,USD
ACD-103223,2025-04-30,2025-04,CC100 - Hakam Global Coffee,Corporate Park,CC_BAR_01,410000,Gross Beverage & Food Revenue,Revenue,Revenue,713.58,USD
ACD-103224,2025-04-30,2025-04,CC100 - Hakam Global Coffee,Corporate Park,CC_BAR_01,510000,Direct Raw Materials (Beans/Dairy/Syrup),COGS,Direct Materials,180.52,USD
ACD-103225,2025-04-30,2025-04,CC100 - Hakam Global Coffee,Corporate Park,CC_BAR_01,520000,Direct Barista Labor & Payroll,COGS,Direct Labor,115.54,USD
ACD-103226,2025-04-30,2025-04,CC100 - Hakam Global Coffee,Corporate Park,CC_BAR_01,530000,Packaging & Sustainable Cups,COGS,Packaging,30.0,USD
ACD-103227,2025-04-30,2025-04,CC100 - Hakam Global Coffee,Corporate Park,CC_FAC_02,610000,Store Rent & Facility Lease,OPEX,Rent,63.51,USD
ACD-103228,2025-04-30,2025-04,CC100 - Hakam Global Coffee,Corporate Park,CC_FAC_02,620000,Utilities (Power/Water/Gas),OPEX,Utilities,29.84,USD
ACD-103229,2025-04-30,2025-04,CC100 - Hakam Global Coffee,Corporate Park,CC_MKT_03,640000,Digital Marketing & Channel Promo,OPEX,Marketing,26.41,USD
ACD-103230,2025-04-30,2025-04,CC100 - Hakam Global Coffee,Corporate Park,CC_ADM_04,650000,Admin & IT Support Overhead,OPEX,Admin,15.8,USD
ACD-103231,2025-04-30,2025-04,CC100 - Hakam Global Coffee,Corporate Park,CC_FAC_02,630000,Equipment Depreciation (Espresso/Grinders),Depreciation,Depreciation,24.69,USD
ACD-103232,2025-04-30,2025-04,CC100 - Hakam Global Coffee,University,CC_BAR_01,410000,Gross Beverage & Food Revenue,Revenue,Revenue,571.03,USD
ACD-103233,2025-04-30,2025-04,CC100 - Hakam Global Coffee,University,CC_BAR_01,510000,Direct Raw Materials (Beans/Dairy/Syrup),COGS,Direct Materials,132.44,USD
ACD-103234,2025-04-30,2025-04,CC100 - Hakam Global Coffee,University,CC_BAR_01,520000,Direct Barista Labor & Payroll,COGS,Direct Labor,87.51,USD
ACD-103235,2025-04-30,2025-04,CC100 - Hakam Global Coffee,University,CC_BAR_01,530000,Packaging & Sustainable Cups,COGS,Packaging,23.57,USD
ACD-103236,2025-04-30,2025-04,CC100 - Hakam Global Coffee,University,CC_FAC_02,610000,Store Rent & Facility Lease,OPEX,Rent,61.53,USD
ACD-103237,2025-04-30,2025-04,CC100 - Hakam Global Coffee,University,CC_FAC_02,620000,Utilities (Power/Water/Gas),OPEX,Utilities,24.4,USD
ACD-103238,2025-04-30,2025-04,CC100 - Hakam Global Coffee,University,CC_MKT_03,640000,Digital Marketing & Channel Promo,OPEX,Marketing,22.04,USD
ACD-103239,2025-04-30,2025-04,CC100 - Hakam Global Coffee,University,CC_ADM_04,650000,Admin & IT Support Overhead,OPEX,Admin,11.98,USD
ACD-103240,2025-04-30,2025-04,CC100 - Hakam Global Coffee,University,CC_FAC_02,630000,Equipment Depreciation (Espresso/Grinders),Depreciation,Depreciation,21.01,USD
